comune,codice_istat,provincia,sigla_provincia,affitto_min_mq_mese,affitto_medio_mq_mese,affitto_max_mq_mese,periodo_riferimento,fonte,data_rilevazione
Torino,1272,Torino,TO,8.64,12.98,16.64,2026-08,immobiliare.it,2026-09-17
Vercelli,2158,Vercelli,VC,8.09,8.43,8.83,2026-08,immobiliare.it,2026-09-17
Novara,3106,Novara,NO,6.79,9.88,10.75,2026-08,immobiliare.it,2026-09-17
Cuneo,4078,Cuneo,CN,5.78,8.96,9.38,2026-08,immobiliare.it,2026-09-17
Asti,5005,Asti,AT,5.94,7.64,9.22,2026-08,immobiliare.it,2026-09-17
Alessandria,6003,Alessandria,AL,5.17,7.39,8.11,2026-08,immobiliare.it,2026-09-17
Biella,96004,Biella,BI,6.7,7.18,7.57,2026-08,immobiliare.it,2026-09-17
Verbania,103072,Verbano-Cusio-Ossola,VB,8.7,11.47,13.42,2026-08,immobiliare.it,2026-09-17
Aosta,7003,Valle d'Aosta/Vallée d'Aoste,AO,5.94,11.3,35.85,2026-08,immobiliare.it,2026-09-17
Varese,12133,Varese,VA,10.77,11.71,12.91,2026-08,immobiliare.it,2026-09-17
Como,13075,Como,CO,13.06,15.45,18.1,2026-08,immobiliare.it,2026-09-17
Sondrio,14061,Sondrio,SO,6.77,8.46,27.69,2026-08,immobiliare.it,2026-09-17
Milano,15146,Milano,MI,15.98,22.55,31.49,2026-08,immobiliare.it,2026-09-17
Bergamo,16024,Bergamo,BG,11.57,13.47,14.28,2026-08,immobiliare.it,2026-09-17
Brescia,17029,Brescia,BS,10.72,12.15,12.95,2026-08,immobiliare.it,2026-09-17
Pavia,18110,Pavia,PV,9.77,11.58,12.48,2026-08,immobiliare.it,2026-09-17
Cremona,19036,Cremona,CR,5.53,8.63,9.19,2026-08,immobiliare.it,2026-09-17
Mantova,20030,Mantova,MN,7.44,9.7,11.45,2026-08,immobiliare.it,2026-09-17
Lecco,97042,Lecco,LC,9.15,11.99,14.32,2026-08,immobiliare.it,2026-09-17
Lodi,98031,Lodi,LO,8.18,10.53,11.18,2026-08,immobiliare.it,2026-09-17
Monza,108033,Monza e della Brianza,MB,11.5,13.92,15.41,2026-08,immobiliare.it,2026-09-17
Bolzano,21008,Bolzano/Bozen,BZ,14.07,14.79,15.34,2026-08,immobiliare.it,2026-09-17
Trento,22205,Trento,TN,12.45,12.91,13.41,2026-08,immobiliare.it,2026-09-17
Verona,23091,Verona,VR,9.72,12.32,13.76,2026-08,immobiliare.it,2026-09-17
Vicenza,24116,Vicenza,VI,7.77,10.93,11.76,2026-08,immobiliare.it,2026-09-17
Belluno,25006,Belluno,BL,7.87,9.64,30.63,2026-08,immobiliare.it,2026-09-17
Treviso,26086,Treviso,TV,9.82,12.37,13.56,2026-08,immobiliare.it,2026-09-17
Venezia,27042,Venezia,VE,10.05,16.14,26.66,2026-08,immobiliare.it,2026-09-17
Padova,28060,Padova,PD,9.77,14.27,16.15,2026-08,immobiliare.it,2026-09-17
Rovigo,29041,Rovigo,RO,6.55,8.81,9.28,2026-08,immobiliare.it,2026-09-17
Udine,30129,Udine,UD,8.61,9.47,10.1,2026-08,immobiliare.it,2026-09-17
Gorizia,31007,Gorizia,GO,8.09,8.45,12.03,2026-08,immobiliare.it,2026-09-17
Trieste,32006,Trieste,TS,9.7,12.47,14.53,2026-08,immobiliare.it,2026-09-17
Pordenone,93033,Pordenone,PN,7.85,10.03,10.81,2026-08,immobiliare.it,2026-09-17
Imperia,8031,Imperia,IM,6.68,10.53,11.13,2026-08,immobiliare.it,2026-09-17
Savona,9056,Savona,SV,8.86,10,10.46,2026-08,immobiliare.it,2026-09-17
Genova,10025,Genova,GE,7.16,11.1,15.76,2026-08,immobiliare.it,2026-09-17
La Spezia,11015,La Spezia,SP,9.27,10.3,12.94,2026-08,immobiliare.it,2026-09-17
Piacenza,33032,Piacenza,PC,8.29,10.38,11.31,2026-08,immobiliare.it,2026-09-17
Parma,34027,Parma,PR,10.39,12.5,13.9,2026-08,immobiliare.it,2026-09-17
Reggio nell'Emilia,35033,Reggio nell'Emilia,RE,9.45,10.26,10.49,2026-08,immobiliare.it,2026-09-17
Modena,36023,Modena,MO,9.99,12.59,13.51,2026-08,immobiliare.it,2026-09-17
Bologna,37006,Bologna,BO,14.52,16.59,18.27,2026-08,immobiliare.it,2026-09-17
Ferrara,38008,Ferrara,FE,5.94,10.23,10.77,2026-08,immobiliare.it,2026-09-17
Ravenna,39014,Ravenna,RA,11.46,12.4,18.92,2026-08,immobiliare.it,2026-09-17
Forlì,40012,Forlì-Cesena,FC,8,9.6,10.78,2026-08,immobiliare.it,2026-09-17
Rimini,99014,Rimini,RN,8.44,12.89,17.02,2026-08,immobiliare.it,2026-09-17
Massa,45010,Massa-Carrara,MS,9.61,14.77,19.01,2026-08,immobiliare.it,2026-09-17
Lucca,46017,Lucca,LU,8.54,11.56,26.81,2026-08,immobiliare.it,2026-09-17
Pistoia,47014,Pistoia,PT,6.14,10.14,10.96,2026-08,immobiliare.it,2026-09-17
Firenze,48017,Firenze,FI,12.41,21.7,25.37,2026-08,immobiliare.it,2026-09-17
Livorno,49009,Livorno,LI,10.53,11.25,12.53,2026-08,immobiliare.it,2026-09-17
Pisa,50026,Pisa,PI,8.37,13.44,19.29,2026-08,immobiliare.it,2026-09-17
Arezzo,51002,Arezzo,AR,6.72,9.56,10.55,2026-08,immobiliare.it,2026-09-17
Siena,52032,Siena,SI,10.18,11.89,13.61,2026-08,immobiliare.it,2026-09-17
Grosseto,53011,Grosseto,GR,7.97,9.68,12.27,2026-08,immobiliare.it,2026-09-17
Prato,100005,Prato,PO,8.94,12.41,14.35,2026-08,immobiliare.it,2026-09-17
Perugia,54039,Perugia,PG,6.54,9.94,11.29,2026-08,immobiliare.it,2026-09-17
Terni,55032,Terni,TR,5.51,7,8.67,2026-08,immobiliare.it,2026-09-17
Pesaro,41044,Pesaro e Urbino,PU,6.96,10.51,12.67,2026-08,immobiliare.it,2026-09-17
Ancona,42002,Ancona,AN,8.94,9.95,11.12,2026-08,immobiliare.it,2026-09-17
Macerata,43023,Macerata,MC,4.55,7.22,11.95,2026-08,immobiliare.it,2026-09-17
Ascoli Piceno,44007,Ascoli Piceno,AP,4.94,8.59,11.08,2026-08,immobiliare.it,2026-09-17
Fermo,109006,Fermo,FM,5.11,7.39,10.04,2026-08,immobiliare.it,2026-09-17
Viterbo,56059,Viterbo,VT,5.08,8.13,8.56,2026-08,immobiliare.it,2026-09-17
Rieti,57059,Rieti,RI,4.01,7.93,9.87,2026-08,immobiliare.it,2026-09-17
Roma,58091,Roma,RM,10.72,19.31,28.75,2026-08,immobiliare.it,2026-09-17
Latina,59011,Latina,LT,8.15,9.99,15.22,2026-08,immobiliare.it,2026-09-17
Frosinone,60038,Frosinone,FR,7.58,7.58,7.58,2026-10,realadvisor.it,2026-10-05
L'Aquila,66049,L'Aquila,AQ,6.06,8.1,8.76,2026-08,immobiliare.it,2026-09-17
Teramo,67041,Teramo,TE,4.28,6.21,13.24,2026-08,immobiliare.it,2026-09-17
Pescara,68028,Pescara,PE,8.15,9.98,11.12,2026-08,immobiliare.it,2026-09-17
Chieti,69022,Chieti,CH,6.54,6.59,6.81,2026-08,immobiliare.it,2026-09-17
Campobasso,70006,Campobasso,CB,4.52,6.94,8.78,2026-08,immobiliare.it,2026-09-17
Isernia,94023,Isernia,IS,5.39,7.06,7.81,2026-08,immobiliare.it,2026-09-17
Caserta,61022,Caserta,CE,6.4,8.97,9.82,2026-08,immobiliare.it,2026-09-17
Benevento,62008,Benevento,BN,6.58,6.58,6.58,2026-10,realadvisor.it,2026-10-05
Napoli,63049,Napoli,NA,9.95,14.88,18.53,2026-08,immobiliare.it,2026-09-17
Avellino,64008,Avellino,AV,6.11,7.83,8.53,2026-08,immobiliare.it,2026-09-17
Salerno,65116,Salerno,SA,8.93,11.79,13.93,2026-08,immobiliare.it,2026-09-17
Foggia,71024,Foggia,FG,5.93,7.3,7.89,2026-08,immobiliare.it,2026-09-17
Bari,72006,Bari,BA,8.43,12.88,14.15,2026-08,immobiliare.it,2026-09-17
Taranto,73027,Taranto,TA,4.57,6.98,7.53,2026-08,immobiliare.it,2026-09-17
Brindisi,74001,Brindisi,BR,5.37,8.03,8.48,2026-08,immobiliare.it,2026-09-17
Lecce,75035,Lecce,LE,8.24,9.25,9.84,2026-08,immobiliare.it,2026-09-17
Andria,110001,Barletta-Andria-Trani,BT,6.08,8.13,8.9,2026-08,immobiliare.it,2026-09-17
Barletta,110002,Barletta-Andria-Trani,BT,7.44,8.74,9.08,2026-08,immobiliare.it,2026-09-17
Trani,110009,Barletta-Andria-Trani,BT,7.37,10.1,10.1,2026-08,immobiliare.it,2026-09-17
Potenza,76063,Potenza,PZ,4.26,6.53,9.78,2026-08,immobiliare.it,2026-09-17
Matera,77014,Matera,MT,5.02,9.19,9.19,2026-08,immobiliare.it,2026-09-17
Cosenza,78045,Cosenza,CS,5.56,6.87,7.99,2026-08,immobiliare.it,2026-09-17
Catanzaro,79023,Catanzaro,CZ,5.5,10.55,14.87,2026-08,immobiliare.it,2026-09-17
Reggio di Calabria,80063,Reggio Calabria,RC,3.84,6.47,8.2,2026-08,immobiliare.it,2026-09-17
Crotone,101010,Crotone,KR,3.67,6.67,7.56,2026-08,immobiliare.it,2026-09-17
Vibo Valentia,102047,Vibo Valentia,VV,4.31,5.69,19.78,2026-08,immobiliare.it,2026-09-17
Trapani,81021,Trapani,TP,5.28,7.17,13.45,2026-08,immobiliare.it,2026-09-17
Palermo,82053,Palermo,PA,5.24,9.7,12.38,2026-08,immobiliare.it,2026-09-17
Messina,83048,Messina,ME,4.65,8.61,13.5,2026-08,immobiliare.it,2026-09-17
Agrigento,84001,Agrigento,AG,5.55,6.63,7.66,2026-08,immobiliare.it,2026-09-17
Caltanissetta,85004,Caltanissetta,CL,3.8,4.71,7.27,2026-08,immobiliare.it,2026-09-17
Enna,86009,Enna,EN,4.01,4.82,5.94,2026-08,immobiliare.it,2026-09-17
Catania,87015,Catania,CT,6.25,9.82,17.79,2026-08,immobiliare.it,2026-09-17
Ragusa,88009,Ragusa,RG,5.27,6.4,11.07,2026-08,immobiliare.it,2026-09-17
Siracusa,89017,Siracusa,SR,6.67,9.25,11.99,2026-08,immobiliare.it,2026-09-17
Sassari,90064,Sassari,SS,7.08,8.2,9.33,2026-08,immobiliare.it,2026-09-17
Nuoro,91051,Nuoro,NU,6.86,6.86,33.22,2026-08,immobiliare.it,2026-09-17
Cagliari,92009,Cagliari,CA,12.52,14.11,16.81,2026-08,immobiliare.it,2026-09-17
Oristano,95038,Oristano,OR,8.35,8.7,13.24,2026-08,immobiliare.it,2026-09-17
Carbonia,111009,Sud Sardegna,SU,6.54,7.57,10.95,2026-08,immobiliare.it,2026-09-17
Torre del Greco,63084,Napoli,NA,4.24,9.53,37.68,2026-08,immobiliare.it,2026-09-17
Pozzuoli,63060,Napoli,NA,8.45,11.35,14.68,2026-08,immobiliare.it,2026-09-17
Fiumicino,58120,Roma,RM,10.57,19.1,22.44,2026-08,immobiliare.it,2026-09-17
Corigliano-Rossano,78157,Cosenza,CS,3.48,6.48,26.89,2026-08,immobiliare.it,2026-09-17
Fano,41013,Pesaro e Urbino,PU,8.22,10.87,14.15,2026-08,immobiliare.it,2026-09-17
Olbia,90047,Sassari,SS,8.46,21.46,27.46,2026-08,immobiliare.it,2026-09-17
Anzio,58007,Roma,RM,7.66,17.46,20.9,2026-08,immobiliare.it,2026-09-17
Sanremo,8055,Imperia,IM,8.66,13.57,14.63,2026-08,immobiliare.it,2026-09-17
Montesilvano,68024,Pescara,PE,5.93,9.24,11.5,2026-08,immobiliare.it,2026-09-17
Chioggia,27008,Venezia,VE,11.3,12.77,13.01,2026-08,immobiliare.it,2026-09-17
Monopoli,72030,Bari,BA,4.5,11.48,14.29,2026-08,immobiliare.it,2026-09-17
San Benedetto del Tronto,44066,Ascoli Piceno,AP,9.83,11.08,12.08,2026-08,immobiliare.it,2026-09-17
Terracina,59032,Latina,LT,10.38,13.9,16.86,2026-08,immobiliare.it,2026-09-17
Senigallia,42045,Ancona,AN,8.13,9.5,10.07,2026-08,immobiliare.it,2026-09-17
Alghero,90003,Sassari,SS,9.03,10.51,11.84,2026-08,immobiliare.it,2026-09-17
Sciacca,84041,Agrigento,AG,4.94,5.58,6.67,2026-08,immobiliare.it,2026-09-17
Fondi,59007,Latina,LT,3.77,13.47,25.31,2026-08,immobiliare.it,2026-09-17
Fasano,74007,Brindisi,BR,4.65,4.65,4.65,2026-08,immobiliare.it,2026-09-17
Riccione,99013,Rimini,RN,11.21,20.54,21.35,2026-08,immobiliare.it,2026-09-17
Piombino,49012,Livorno,LI,8.28,8.28,33.59,2026-08,immobiliare.it,2026-09-17
Camaiore,46005,Lucca,LU,11.19,23.37,24.12,2026-08,immobiliare.it,2026-09-17
Castelvetrano,81006,Trapani,TP,5.28,6.09,13.45,2026-08,immobiliare.it,2026-09-17
Ostuni,74012,Brindisi,BR,7.13,12.43,21.04,2026-08,immobiliare.it,2026-09-17
Rosignano Marittimo,49017,Livorno,LI,9.2,20.72,27.86,2026-08,immobiliare.it,2026-09-17
Rapallo,10046,Genova,GE,10.73,15.22,19.73,2026-08,immobiliare.it,2026-09-17
Cervia,39007,Ravenna,RA,11.6,23.41,27.45,2026-08,immobiliare.it,2026-09-17
Cecina,49007,Livorno,LI,8.2,13.96,20.34,2026-08,immobiliare.it,2026-09-17
Chiavari,10015,Genova,GE,10.25,10.8,11.95,2026-08,immobiliare.it,2026-09-17
Jesolo,27019,Venezia,VE,11.69,25.88,27.98,2026-08,immobiliare.it,2026-09-17
Porto Sant'Elpidio,109034,Fermo,FM,5.11,10.04,10.04,2026-08,immobiliare.it,2026-09-17
Cesenatico,40008,Forlì-Cesena,FC,10.18,17.31,40.47,2026-08,immobiliare.it,2026-09-17
Castel Volturno,61027,Caserta,CE,3.13,7,8.97,2026-08,immobiliare.it,2026-09-17
Roseto degli Abruzzi,67037,Teramo,TE,4.28,8.81,13.24,2026-08,immobiliare.it,2026-09-17
Pompei,63058,Napoli,NA,4.24,12.48,37.68,2026-08,immobiliare.it,2026-09-17
Noto,89013,Siracusa,SR,4.38,11.64,11.64,2026-08,immobiliare.it,2026-09-17
Albenga,9002,Savona,SV,5.11,11.51,26.1,2026-08,immobiliare.it,2026-09-17
Ventimiglia,8065,Imperia,IM,11.05,11.51,13.86,2026-08,immobiliare.it,2026-09-17
Giulianova,67025,Teramo,TE,4.28,8.58,13.24,2026-08,immobiliare.it,2026-09-17
Pietrasanta,46024,Lucca,LU,4.29,27.33,27.33,2026-08,immobiliare.it,2026-09-17
Capaccio Paestum,65025,Salerno,SA,4.77,12.18,12.18,2026-08,immobiliare.it,2026-09-17
Comacchio,38006,Ferrara,FE,12.61,16.15,21.62,2026-08,immobiliare.it,2026-09-17
Sarzana,11027,La Spezia,SP,9.9,10.32,10.98,2026-08,immobiliare.it,2026-09-17
Sessa Aurunca,61088,Caserta,CE,3.13,5.31,8.97,2026-08,immobiliare.it,2026-09-17
Follonica,53009,Grosseto,GR,10.59,16.35,18.37,2026-08,immobiliare.it,2026-09-17
Vico Equense,63086,Napoli,NA,4.24,11.62,37.68,2026-08,immobiliare.it,2026-09-17
Gallipoli,75031,Lecce,LE,7.65,7.92,8.59,2026-08,immobiliare.it,2026-09-17
Gaeta,59009,Latina,LT,3.77,20.21,25.31,2026-08,immobiliare.it,2026-09-17
Ischia,63037,Napoli,NA,4.24,12.89,37.68,2026-08,immobiliare.it,2026-09-17
Salsomaggiore Terme,34032,Parma,PR,5.39,9.39,12.5,2026-08,immobiliare.it,2026-09-17
Bellaria-Igea Marina,99001,Rimini,RN,7.12,8.63,20.54,2026-08,immobiliare.it,2026-09-17
Sestri Levante,10059,Genova,GE,5.07,20.15,32.58,2026-08,immobiliare.it,2026-09-17
Cassano all'Ionio,78029,Cosenza,CS,3.48,16.36,26.89,2026-08,immobiliare.it,2026-09-17
Forio,63031,Napoli,NA,4.24,15.19,37.68,2026-08,immobiliare.it,2026-09-17
Polignano a Mare,72035,Bari,BA,4.5,14.29,14.29,2026-08,immobiliare.it,2026-09-17
Isola di Capo Rizzuto,101013,Crotone,KR,6.57,29.42,29.42,2026-08,immobiliare.it,2026-09-17
Cattolica,99002,Rimini,RN,7.12,12.4,20.54,2026-08,immobiliare.it,2026-09-17
Carovigno,74002,Brindisi,BR,4.65,5.72,12.43,2026-08,immobiliare.it,2026-09-17
Castellaneta,73003,Taranto,TA,4.01,21.17,21.17,2026-08,immobiliare.it,2026-09-17
Brunico,21013,Bolzano/Bozen,BZ,8.41,8.82,29.38,2026-08,immobiliare.it,2026-09-17
Sorrento,63080,Napoli,NA,4.24,19.64,37.68,2026-08,immobiliare.it,2026-09-17
Tarquinia,56050,Viterbo,VT,7.03,19.99,29.27,2026-08,immobiliare.it,2026-09-17
Porto San Giorgio,109033,Fermo,FM,5.11,9.16,10.04,2026-08,immobiliare.it,2026-09-17
Grottammare,44023,Ascoli Piceno,AP,4.94,9.19,11.08,2026-08,immobiliare.it,2026-09-17
Silvi,67040,Teramo,TE,7.35,7.98,7.98,2026-08,immobiliare.it,2026-09-17
Pineto,67035,Teramo,TE,4.28,6.85,13.24,2026-08,immobiliare.it,2026-09-17
Appiano sulla strada del vino,21004,Bolzano/Bozen,BZ,8.41,12.12,29.38,2026-08,immobiliare.it,2026-09-17
Sorso,90069,Sassari,SS,7.04,8.97,13.92,2026-08,immobiliare.it,2026-09-17
Orbetello,53018,Grosseto,GR,6.41,23.67,32.03,2026-08,immobiliare.it,2026-09-17
Mondolfo,41029,Pesaro e Urbino,PU,4.63,11.1,11.1,2026-08,immobiliare.it,2026-09-17
Cefalù,82027,Palermo,PA,3.78,10.48,10.48,2026-08,immobiliare.it,2026-09-17
Massa Lubrense,63044,Napoli,NA,4.24,14.23,37.68,2026-08,immobiliare.it,2026-09-17
Amantea,78010,Cosenza,CS,3.48,7.84,26.89,2026-08,immobiliare.it,2026-09-17
Vieste,71060,Foggia,FG,5.09,6.89,10.55,2026-08,immobiliare.it,2026-09-17
Arzachena,90006,Sassari,SS,25.01,26.07,26.28,2026-08,immobiliare.it,2026-09-17
Cavallino-Treporti,27044,Venezia,VE,6.82,22.61,25.88,2026-08,immobiliare.it,2026-09-17
Misano Adriatico,99005,Rimini,RN,7.12,12.48,20.54,2026-08,immobiliare.it,2026-09-17
Castelnuovo del Garda,23022,Verona,VR,5.97,11.69,26.29,2026-08,immobiliare.it,2026-09-17
Piano di Sorrento,63053,Napoli,NA,4.24,15.77,37.68,2026-08,immobiliare.it,2026-09-17
Lipari,83041,Messina,ME,4.01,6.1,19.98,2026-08,immobiliare.it,2026-09-17
Loreto,42022,Ancona,AN,4.67,9.27,10.07,2026-08,immobiliare.it,2026-09-17
Terrasini,82071,Palermo,PA,3.78,8.69,10.48,2026-08,immobiliare.it,2026-09-17
Lavagna,10028,Genova,GE,5.07,9.34,32.58,2026-08,immobiliare.it,2026-09-17
Alba Adriatica,67001,Teramo,TE,8.64,13.24,14.77,2026-08,immobiliare.it,2026-09-17
Lana,21041,Bolzano/Bozen,BZ,8.41,13.99,29.38,2026-08,immobiliare.it,2026-09-17
Bernalda,77003,Matera,MT,5.02,5.02,9.19,2026-08,immobiliare.it,2026-09-17
Monte Argentario,53016,Grosseto,GR,31.81,32.03,32.36,2026-08,immobiliare.it,2026-09-17
Ugento,75090,Lecce,LE,4.23,12.92,20.76,2026-08,immobiliare.it,2026-09-17
Eraclea,27013,Venezia,VE,6.82,10.59,25.88,2026-08,immobiliare.it,2026-09-17
San Mauro Pascoli,40041,Forlì-Cesena,FC,6.45,11.86,17.31,2026-08,immobiliare.it,2026-09-17
Portoferraio,49014,Livorno,LI,8.28,25.4,33.59,2026-08,immobiliare.it,2026-09-17
San Michele al Tagliamento,27034,Venezia,VE,9.19,9.19,9.19,2026-08,immobiliare.it,2026-09-17
Cinisello Balsamo,15077,Milano,MI,12.2,13.98,15.04,2026-08,immobiliare.it,2026-09-17
Castellammare di Stabia,63024,Napoli,NA,4.24,12.3,37.68,2026-08,immobiliare.it,2026-09-17
Viareggio,46033,Lucca,LU,9.78,19.32,26.07,2026-08,immobiliare.it,2026-09-17
Legnano,15118,Milano,MI,11.28,11.89,14.79,2026-08,immobiliare.it,2026-09-17
Scandicci,48041,Firenze,FI,11.11,14.23,19.65,2026-08,immobiliare.it,2026-09-17
Sesto Fiorentino,48043,Firenze,FI,10.59,13.8,13.84,2026-08,immobiliare.it,2026-09-17
Campi Bisenzio,48006,Firenze,FI,11.32,12.69,15.68,2026-08,immobiliare.it,2026-09-17
Cascina,50008,Pisa,PI,10.29,10.94,11.91,2026-08,immobiliare.it,2026-09-17
Bassano del Grappa,24012,Vicenza,VI,4.38,10.29,28.76,2026-08,immobiliare.it,2026-09-17
Rozzano,15189,Milano,MI,8.22,15.41,22.55,2026-08,immobiliare.it,2026-09-17
Merano,21051,Bolzano/Bozen,BZ,8.41,16.46,29.38,2026-08,immobiliare.it,2026-09-17
Rovereto,22161,Trento,TN,9.09,11.17,13,2026-08,immobiliare.it,2026-09-17
Saronno,12119,Varese,VA,7.3,12.86,14.05,2026-08,immobiliare.it,2026-09-17
Cesano Maderno,108019,Monza e della Brianza,MB,8.42,12.46,14.2,2026-08,immobiliare.it,2026-09-17
Spoleto,54051,Perugia,PG,4.16,6.44,7.33,2026-08,immobiliare.it,2026-09-17
Grugliasco,1120,Torino,TO,3.79,8.3,23.85,2026-08,immobiliare.it,2026-09-17
Casalecchio di Reno,37011,Bologna,BO,9.32,12.75,15.9,2026-08,immobiliare.it,2026-09-17
Segrate,15205,Milano,MI,14.73,15.4,16.63,2026-08,immobiliare.it,2026-09-17
Villafranca di Verona,23096,Verona,VR,5.97,10.63,26.29,2026-08,immobiliare.it,2026-09-17
Gubbio,54024,Perugia,PG,3.7,6.72,16.34,2026-08,immobiliare.it,2026-09-17
San Giuliano Terme,50031,Pisa,PI,7.02,10.41,12.7,2026-08,immobiliare.it,2026-09-17
Bra,4029,Cuneo,CN,3.7,8.86,23.11,2026-08,immobiliare.it,2026-09-17
Desenzano del Garda,17067,Brescia,BS,11.18,14.52,14.83,2026-08,immobiliare.it,2026-09-17
Assisi,54001,Perugia,PG,5.61,8.76,12.16,2026-08,immobiliare.it,2026-09-17
San Giovanni Rotondo,71046,Foggia,FG,5.09,7.65,10.55,2026-08,immobiliare.it,2026-09-17
Bresso,15032,Milano,MI,8.22,13.95,22.55,2026-08,immobiliare.it,2026-09-17
Correggio,35020,Reggio nell'Emilia,RE,4.8,9.53,14.81,2026-08,immobiliare.it,2026-09-17
Mentana,58059,Roma,RM,5.44,9.93,19.31,2026-08,immobiliare.it,2026-09-17
San Nicola la Strada,61078,Caserta,CE,3.13,6.34,8.97,2026-08,immobiliare.it,2026-09-17
Bressanone,21011,Bolzano/Bozen,BZ,8.41,16.4,29.38,2026-08,immobiliare.it,2026-09-17
Cortona,51017,Arezzo,AR,4.91,11.39,11.39,2026-08,immobiliare.it,2026-09-17
Trezzano sul Naviglio,15220,Milano,MI,8.22,13.98,22.55,2026-08,immobiliare.it,2026-09-17
Trecate,3149,Novara,NO,4.75,9.15,14.5,2026-08,immobiliare.it,2026-09-17
Montecatini-Terme,47011,Pistoia,PT,7.67,10.33,10.34,2026-08,immobiliare.it,2026-09-17
Bussolengo,23015,Verona,VR,5.97,11.38,26.29,2026-08,immobiliare.it,2026-09-17
Orvieto,55023,Terni,TR,4.08,6.67,7.44,2026-08,immobiliare.it,2026-09-17
Settimo Milanese,15211,Milano,MI,8.22,13.12,22.55,2026-08,immobiliare.it,2026-09-17
Novate Milanese,15157,Milano,MI,8.22,13.36,22.55,2026-08,immobiliare.it,2026-09-17
Castellana Grotte,72017,Bari,BA,4.5,8.91,14.29,2026-08,immobiliare.it,2026-09-17
Domodossola,103028,Verbano-Cusio-Ossola,VB,4.29,11.17,14.01,2026-08,immobiliare.it,2026-09-17
Laives,21040,Bolzano/Bozen,BZ,8.41,14.52,29.38,2026-08,immobiliare.it,2026-09-17
Somma Lombardo,12123,Varese,VA,7.3,11.27,14.05,2026-08,immobiliare.it,2026-09-17
Calenzano,48005,Firenze,FI,6.14,13.68,21.7,2026-08,immobiliare.it,2026-09-17
Arco,22006,Trento,TN,7.09,12.03,30.24,2026-08,immobiliare.it,2026-09-17
Maranello,36019,Modena,MO,6.04,10.32,12.59,2026-08,immobiliare.it,2026-09-17
Riva del Garda,22153,Trento,TN,7.09,12.7,30.24,2026-08,immobiliare.it,2026-09-17
Preganziol,26063,Treviso,TV,6.28,9.95,18.46,2026-08,immobiliare.it,2026-09-17
Rubano,28072,Padova,PD,5.18,11.88,14.27,2026-08,immobiliare.it,2026-09-17
Palagonia,87032,Catania,CT,3.99,5.61,10.7,2026-08,immobiliare.it,2026-09-17
Todi,54052,Perugia,PG,3.7,6.92,16.34,2026-08,immobiliare.it,2026-09-17
Pieve Emanuele,15173,Milano,MI,8.22,14.15,22.55,2026-08,immobiliare.it,2026-09-17
Fiano Romano,58036,Roma,RM,5.44,11.72,19.31,2026-08,immobiliare.it,2026-09-17
Concorezzo,108021,Monza e della Brianza,MB,8.42,14.2,14.2,2026-08,immobiliare.it,2026-09-17
San Martino Buon Albergo,23073,Verona,VR,5.97,8.79,26.29,2026-08,immobiliare.it,2026-09-17
Valeggio sul Mincio,23089,Verona,VR,5.97,11.46,26.29,2026-08,immobiliare.it,2026-09-17
Cardano al Campo,12032,Varese,VA,7.3,10.92,14.05,2026-08,immobiliare.it,2026-09-17
Malo,24055,Vicenza,VI,4.38,7.02,28.76,2026-08,immobiliare.it,2026-09-17
Sommacampagna,23082,Verona,VR,5.97,10.8,26.29,2026-08,immobiliare.it,2026-09-17
Impruneta,48022,Firenze,FI,6.14,15.86,21.7,2026-08,immobiliare.it,2026-09-17
Urbino,41067,Pesaro e Urbino,PU,4.63,7.89,11.1,2026-08,immobiliare.it,2026-09-17
Fiesole,48015,Firenze,FI,6.14,16.82,21.7,2026-08,immobiliare.it,2026-09-17
Arona,3008,Novara,NO,4.75,12.99,14.5,2026-08,immobiliare.it,2026-09-17
Montepulciano,52015,Siena,SI,6.28,6.28,11.89,2026-08,immobiliare.it,2026-09-17
Greve in Chianti,48021,Firenze,FI,6.14,9.77,21.7,2026-08,immobiliare.it,2026-09-17
Varedo,108045,Monza e della Brianza,MB,8.42,11.19,14.2,2026-08,immobiliare.it,2026-09-17
Rezzato,17161,Brescia,BS,6.27,11.67,20.46,2026-08,immobiliare.it,2026-09-17
Olgiate Olona,12108,Varese,VA,7.3,11.7,14.05,2026-08,immobiliare.it,2026-09-17
Barberino Tavarnelle,48054,Firenze,FI,6.14,10.82,21.7,2026-08,immobiliare.it,2026-09-17
Montegrotto Terme,28057,Padova,PD,5.18,9.52,14.27,2026-08,immobiliare.it,2026-09-17
Finale Ligure,9029,Savona,SV,5.11,18.33,26.1,2026-08,immobiliare.it,2026-09-17
Caorle,27005,Venezia,VE,6.82,19.77,25.88,2026-08,immobiliare.it,2026-09-17
Pulsano,73022,Taranto,TA,4.01,17.95,21.17,2026-08,immobiliare.it,2026-09-17
Pero,15170,Milano,MI,8.22,14.78,22.55,2026-08,immobiliare.it,2026-09-17
Arenzano,10001,Genova,GE,13.01,14.34,15.27,2026-08,immobiliare.it,2026-09-17
Santa Flavia,82067,Palermo,PA,3.78,7.87,10.48,2026-08,immobiliare.it,2026-09-17
La Maddalena,90035,Sassari,SS,6.25,20.57,27.55,2026-08,immobiliare.it,2026-09-17
Scalea,78138,Cosenza,CS,7.37,7.37,7.37,2026-08,immobiliare.it,2026-09-17
Sant'Antioco,111071,Sud Sardegna,SU,6.54,7.24,10.95,2026-08,immobiliare.it,2026-09-17
Tortolì,91095,Nuoro,NU,9,9.61,33.22,2026-08,immobiliare.it,2026-09-17
Gerenzano,12075,Varese,VA,7.3,12.33,14.05,2026-08,immobiliare.it,2026-09-17
Taormina,83097,Messina,ME,4.01,19.98,19.98,2026-08,immobiliare.it,2026-09-17
Alassio,9001,Savona,SV,10.47,22.03,26.59,2026-08,immobiliare.it,2026-09-17
Peschiera del Garda,23059,Verona,VR,5.97,14.44,26.29,2026-08,immobiliare.it,2026-09-17
Fiuggi,60035,Frosinone,FR,3.97,7.66,9.37,2026-08,immobiliare.it,2026-09-17
Alberobello,72003,Bari,BA,4.5,6.68,14.29,2026-08,immobiliare.it,2026-09-17
Cologno Monzese,15081,Milano,MI,3.5,12.17,36,2026-09,realadvisor.it,2026-09-17
Rende,78102,Cosenza,CS,2.33,6.17,16.58,2026-09,realadvisor.it,2026-09-17
San Donato Milanese,15192,Milano,MI,4.33,14.92,44.25,2026-09,realadvisor.it,2026-09-17
San Lazzaro di Savena,37054,Bologna,BO,4.75,13.58,28.33,2026-09,realadvisor.it,2026-09-17
Mogliano Veneto,26043,Treviso,TV,4.25,13,35.58,2026-09,realadvisor.it,2026-09-17
Bagno a Ripoli,48001,Firenze,FI,5.5,16,33.75,2026-09,realadvisor.it,2026-09-17
Peschiera Borromeo,15171,Milano,MI,4,13.92,41.08,2026-09,realadvisor.it,2026-09-17
Figline e Incisa Valdarno,48052,Firenze,FI,3.67,10.67,22.58,2026-09,realadvisor.it,2026-09-17
Abano Terme,28001,Padova,PD,3.67,10.92,24.67,2026-09,realadvisor.it,2026-09-17
Santa Marinella,58097,Roma,RM,6,18.58,50.92,2026-09,realadvisor.it,2026-09-17
Aci Castello,87002,Catania,CT,3.67,10.75,23.83,2026-09,realadvisor.it,2026-09-17
Castel Maggiore,37019,Bologna,BO,4.67,13.25,27.58,2026-09,realadvisor.it,2026-09-17
Martinsicuro,67047,Teramo,TE,4.67,12.75,26,2026-09,realadvisor.it,2026-09-17
Varazze,9065,Savona,SV,5.33,14.42,30.83,2026-09,realadvisor.it,2026-09-17
Porto Recanati,43042,Macerata,MC,4.25,12.5,31.17,2026-09,realadvisor.it,2026-09-17
Tortoreto,67044,Teramo,TE,5.33,14.42,29.58,2026-09,realadvisor.it,2026-09-17
Loano,9034,Savona,SV,6.67,18.25,38.92,2026-09,realadvisor.it,2026-09-17
Salò,17170,Brescia,BS,6.27,13.48,20.46,2026-08,immobiliare.it,2026-09-18
Procida,63061,Napoli,NA,4.24,11.13,37.68,2026-08,immobiliare.it,2026-09-18
Bordighera,8008,Imperia,IM,9.3,13.89,15.81,2026-08,immobiliare.it,2026-09-18
Cutro,101012,Crotone,KR,6.57,15.62,29.42,2026-08,immobiliare.it,2026-09-18
Silea,26081,Treviso,TV,6.28,10.26,18.46,2026-08,immobiliare.it,2026-09-18
Vigasio,23094,Verona,VR,5.97,11.38,26.29,2026-08,immobiliare.it,2026-09-18
Capodrise,61013,Caserta,CE,3.13,5.98,8.97,2026-08,immobiliare.it,2026-09-18
Volterra,50039,Pisa,PI,6.16,7.88,13.44,2026-08,immobiliare.it,2026-09-18
San Felice Circeo,59025,Latina,LT,3.77,25.31,25.31,2026-08,immobiliare.it,2026-09-18
Lerici,11016,La Spezia,SP,11.66,14.18,18.96,2026-08,immobiliare.it,2026-09-18
Melendugno,75043,Lecce,LE,4.23,12.48,20.76,2026-08,immobiliare.it,2026-09-18
Lomazzo,13133,Como,CO,7.49,10.99,21.76,2026-08,immobiliare.it,2026-09-18
Barano d'Ischia,63007,Napoli,NA,4.24,12.8,37.68,2026-08,immobiliare.it,2026-09-18
Castelletto sopra Ticino,3043,Novara,NO,4.75,9.45,14.5,2026-08,immobiliare.it,2026-09-18
Bagnolo in Piano,35002,Reggio nell'Emilia,RE,4.8,7.35,14.81,2026-08,immobiliare.it,2026-09-18
Loria,26036,Treviso,TV,6.28,6.94,18.46,2026-08,immobiliare.it,2026-09-18
Gavirate,12072,Varese,VA,7.3,9.6,14.05,2026-08,immobiliare.it,2026-09-18
Giardini-Naxos,83032,Messina,ME,4.01,10.6,19.98,2026-08,immobiliare.it,2026-09-18
Pizzo,102027,Vibo Valentia,VV,4.31,6.62,19.78,2026-08,immobiliare.it,2026-09-18
Castellabate,65031,Salerno,SA,4.77,9.4,12.18,2026-08,immobiliare.it,2026-09-18
Savignano sul Panaro,36041,Modena,MO,6.04,9.37,12.59,2026-08,immobiliare.it,2026-09-18
Iseo,17085,Brescia,BS,6.27,12.99,20.46,2026-08,immobiliare.it,2026-09-18
Cabras,95018,Oristano,OR,8.35,8.8,13.24,2026-08,immobiliare.it,2026-09-18
Assago,15011,Milano,MI,8.22,15.78,22.55,2026-08,immobiliare.it,2026-09-18
Gatteo,40016,Forlì-Cesena,FC,6.45,6.65,17.31,2026-08,immobiliare.it,2026-09-18
Castelnuovo Berardenga,52006,Siena,SI,6.28,9.93,11.89,2026-08,immobiliare.it,2026-09-18
Sant'Agnello,63071,Napoli,NA,4.24,17.76,37.68,2026-08,immobiliare.it,2026-09-18
Castagneto Carducci,49006,Livorno,LI,8.28,15.31,33.59,2026-08,immobiliare.it,2026-09-18
Teolo,28089,Padova,PD,5.18,8.39,14.27,2026-08,immobiliare.it,2026-09-18
Santa Margherita Ligure,10054,Genova,GE,5.07,19.9,32.58,2026-08,immobiliare.it,2026-09-18
Montalto di Castro,56035,Viterbo,VT,4.07,14.67,19.99,2026-08,immobiliare.it,2026-09-18
Cogoleto,10017,Genova,GE,5.07,10.86,32.58,2026-08,immobiliare.it,2026-09-18
Pietra Ligure,9049,Savona,SV,5.11,16.9,26.1,2026-08,immobiliare.it,2026-09-18
Brembate,16037,Bergamo,BG,4.71,10.43,16.63,2026-08,immobiliare.it,2026-09-18
Dorgali,91017,Nuoro,NU,6.86,27.75,33.22,2026-08,immobiliare.it,2026-09-18
Duino Aurisina,32001,Trieste,TS,9.25,18.5,45.17,2026-09,realadvisor.it,2026-09-18
Pino Torinese,1192,Torino,TO,3.79,8.63,23.85,2026-08,immobiliare.it,2026-09-18
San Vittore Olona,15201,Milano,MI,8.22,10.05,22.55,2026-08,immobiliare.it,2026-09-18
Massa Marittima,53015,Grosseto,GR,6.41,9.04,32.03,2026-08,immobiliare.it,2026-09-18
Sirmione,17179,Brescia,BS,6.27,19.15,20.46,2026-08,immobiliare.it,2026-09-18
Taglio di Po,29046,Rovigo,RO,5.41,7.54,18.78,2026-08,immobiliare.it,2026-09-18
Quarto d'Altino,27031,Venezia,VE,6.82,11.53,25.88,2026-08,immobiliare.it,2026-09-18
Capriate San Gervasio,16051,Bergamo,BG,4.71,10.49,16.63,2026-08,immobiliare.it,2026-09-18
Caldaro sulla strada del vino,21015,Bolzano,BZ,8.41,12.99,29.38,2026-08,immobiliare.it,2026-09-18
Levico Terme,22104,Trento,TN,7.09,10,30.24,2026-08,immobiliare.it,2026-09-18
Casamicciola Terme,63019,Napoli,NA,4.24,12.69,37.68,2026-08,immobiliare.it,2026-09-18
Grado,31009,Gorizia,GO,8.09,9.44,12.03,2026-08,immobiliare.it,2026-09-18
Renon,21072,Bolzano,BZ,8.41,13.16,29.38,2026-08,immobiliare.it,2026-09-18
Meta,63046,Napoli,NA,4.24,15.4,37.68,2026-08,immobiliare.it,2026-09-18
Cumiana,1097,Torino,TO,3.79,6.83,23.85,2026-08,immobiliare.it,2026-09-18
Toscolano-Maderno,17187,Brescia,BS,6.27,12.35,20.46,2026-08,immobiliare.it,2026-09-18
Bosa,95079,Oristano,OR,8.35,9.9,13.24,2026-08,immobiliare.it,2026-09-18
Sacrofano,58093,Roma,RM,5.44,9.45,19.31,2026-08,immobiliare.it,2026-09-18
San Gimignano,52028,Siena,SI,6.28,8.47,11.89,2026-08,immobiliare.it,2026-09-18
Città della Pieve,54012,Perugia,PG,3.7,7.43,16.34,2026-08,immobiliare.it,2026-09-18
Pantelleria,81014,Trapani,TP,5.28,6.12,13.45,2026-08,immobiliare.it,2026-09-18
Vietri sul Mare,65157,Salerno,SA,4.77,10.7,12.18,2026-08,immobiliare.it,2026-09-18
Stra,27039,Venezia,VE,6.82,10.03,25.88,2026-08,immobiliare.it,2026-09-18
Scanzano Jonico,77031,Matera,MT,5.02,5.72,9.19,2026-08,immobiliare.it,2026-09-18
Campofelice di Roccella,82017,Palermo,PA,3.78,9.69,10.48,2026-08,immobiliare.it,2026-09-18
Vico del Gargano,71059,Foggia,FG,5.09,7.19,10.55,2026-08,immobiliare.it,2026-09-18
Andora,9006,Savona,SV,5.11,20.94,26.1,2026-08,immobiliare.it,2026-09-18
Nicolosi,87031,Catania,CT,3.99,8.46,10.7,2026-08,immobiliare.it,2026-09-18
Mozzo,16143,Bergamo,BG,4.71,9.81,16.63,2026-08,immobiliare.it,2026-09-18
Cavenago di Brianza,108017,Monza e Brianza,MB,8.42,10.55,14.2,2026-08,immobiliare.it,2026-09-18
Pula,92050,Cagliari,CA,6.94,9.05,14.11,2026-08,immobiliare.it,2026-09-18
Chiavenna,14018,Sondrio,SO,6.77,11.67,27.69,2026-08,immobiliare.it,2026-09-18
Binasco,15024,Milano,MI,8.22,9.95,22.55,2026-08,immobiliare.it,2026-09-18
Forte dei Marmi,46013,Lucca,LU,20.2,21.1,24.43,2026-08,immobiliare.it,2026-09-18
Manciano,53014,Grosseto,GR,6.41,7.11,32.03,2026-08,immobiliare.it,2026-09-18
Castiglione della Pescaia,53006,Grosseto,GR,17.51,20.03,36.43,2026-08,immobiliare.it,2026-09-18
Bardolino,23006,Verona,VR,5.97,19.84,26.29,2026-08,immobiliare.it,2026-09-18
Isola delle Femmine,82043,Palermo,PA,3.78,10.24,10.48,2026-08,immobiliare.it,2026-09-18
Camerota,65021,Salerno,SA,4.77,11.79,12.18,2026-08,immobiliare.it,2026-09-18
Sarentino,21086,Bolzano,BZ,8.41,15.13,29.38,2026-08,immobiliare.it,2026-09-18
Capri,63014,Napoli,NA,4.24,37.68,37.68,2026-08,immobiliare.it,2026-09-18
Orosei,91063,Nuoro,NU,6.86,33.22,33.22,2026-08,immobiliare.it,2026-09-18
Chianciano Terme,52009,Siena,SI,6.28,6.28,11.89,2026-08,immobiliare.it,2026-09-18
Fontanellato,34015,Parma,PR,5.39,8.62,12.5,2026-08,immobiliare.it,2026-09-18
Lazise,23043,Verona,VR,5.97,15.82,26.29,2026-08,immobiliare.it,2026-09-18
Asciano,52002,Siena,SI,6.28,9.41,11.89,2026-08,immobiliare.it,2026-09-18
Vernole,75093,Lecce,LE,4.23,9.99,20.76,2026-08,immobiliare.it,2026-09-18
Anacapri,63004,Napoli,NA,4.24,28.65,37.68,2026-08,immobiliare.it,2026-09-18
Vallecrosia,8063,Imperia,IM,10.22,11.43,17.66,2026-08,immobiliare.it,2026-09-18
Oliena,91055,Nuoro,NU,6.86,20.13,33.22,2026-08,immobiliare.it,2026-09-18
Vipiteno,21115,Bolzano,BZ,8.41,14.26,29.38,2026-08,immobiliare.it,2026-09-18
Noventa di Piave,27027,Venezia,VE,6.82,10.72,25.88,2026-08,immobiliare.it,2026-09-18
Cavezzo,36009,Modena,MO,6.04,7.08,12.59,2026-08,immobiliare.it,2026-09-18
Gioiosa Marea,83033,Messina,ME,4.01,5.36,19.98,2026-08,immobiliare.it,2026-09-18
Lignano Sabbiadoro,30049,Udine,UD,5.84,18.84,18.84,2026-08,immobiliare.it,2026-09-18
Castelrotto,21019,Bolzano,BZ,8.41,19.15,29.38,2026-08,immobiliare.it,2026-09-18
Camerino,43007,Macerata,MC,4.55,5.19,11.95,2026-08,immobiliare.it,2026-09-18
Nova Siri,77018,Matera,MT,5.02,6.55,9.19,2026-08,immobiliare.it,2026-09-18
Ferno,12068,Varese,VA,7.3,11.32,14.05,2026-08,immobiliare.it,2026-09-18
San Vincenzo,49018,Livorno,LI,8.28,15.5,33.59,2026-08,immobiliare.it,2026-09-18
Cernobbio,13065,Como,CO,7.49,15.94,21.76,2026-08,immobiliare.it,2026-09-18
Sapri,65134,Salerno,SA,4.77,9.08,12.18,2026-08,immobiliare.it,2026-09-18
Curinga,79039,Catanzaro,CZ,4.31,4.88,25.11,2026-08,immobiliare.it,2026-09-18
Praia a Mare,78101,Cosenza,CS,3.48,14.82,26.89,2026-08,immobiliare.it,2026-09-18
Livigno,14037,Sondrio,SO,6.77,24.84,27.69,2026-08,immobiliare.it,2026-09-18
San Marco Evangelista,61104,Caserta,CE,3.13,5.77,8.97,2026-08,immobiliare.it,2026-09-18
Lampedusa e Linosa,84020,Agrigento,AG,4.94,6.67,6.67,2026-08,immobiliare.it,2026-09-18
Grassobbio,16117,Bergamo,BG,4.71,11.79,16.63,2026-08,immobiliare.it,2026-09-18
Asiago,24009,Vicenza,VI,4.38,14.94,28.76,2026-08,immobiliare.it,2026-09-18
Cellino San Marco,74004,Brindisi,BR,4.65,5.72,12.43,2026-08,immobiliare.it,2026-09-18
Rosolina,29040,Rovigo,RO,5.41,18.78,18.78,2026-08,immobiliare.it,2026-09-18
Porto Cesareo,75097,Lecce,LE,4.23,7.02,20.76,2026-08,immobiliare.it,2026-09-18
Tropea,102044,Vibo Valentia,VV,4.31,9.72,19.78,2026-08,immobiliare.it,2026-09-18
Silandro,21093,Bolzano,BZ,8.41,14.85,29.38,2026-08,immobiliare.it,2026-09-18
Mattinata,71031,Foggia,FG,5.09,6.89,10.55,2026-08,immobiliare.it,2026-09-18
Nicotera,102025,Vibo Valentia,VV,4.31,4.86,19.78,2026-08,immobiliare.it,2026-09-18
Carloforte,111010,Sud Sardegna,SU,6.54,7.61,10.95,2026-08,immobiliare.it,2026-09-18
Pimonte,63054,Napoli,NA,4.24,10.31,37.68,2026-08,immobiliare.it,2026-09-18
Valle Aurina,21108,Bolzano,BZ,8.41,13.39,29.38,2026-08,immobiliare.it,2026-09-18
Otranto,75057,Lecce,LE,4.23,20.76,20.76,2026-08,immobiliare.it,2026-09-18
Lavena Ponte Tresa,12086,Varese,VA,7.3,12.75,14.05,2026-08,immobiliare.it,2026-09-18
Ascea,65009,Salerno,SA,4.77,10.9,12.18,2026-08,immobiliare.it,2026-09-18
Castelsardo,90023,Sassari,SS,7.04,9.69,13.92,2026-08,immobiliare.it,2026-09-18
Naturno,21056,Bolzano,BZ,8.41,13.99,29.38,2026-08,immobiliare.it,2026-09-18
Montalcino,52037,Siena,SI,6.28,7.68,11.89,2026-08,immobiliare.it,2026-09-18
Diano Marina,8027,Imperia,IM,10.22,17.27,17.66,2026-08,immobiliare.it,2026-09-18
San Paolo d'Argon,16189,Bergamo,BG,4.71,11.55,16.63,2026-08,immobiliare.it,2026-09-18
Cortina d'Ampezzo,25016,Belluno,BL,7.87,28.21,30.63,2026-08,immobiliare.it,2026-09-18
Bagno di Romagna,40001,Forlì-Cesena,FC,6.45,9.55,17.31,2026-08,immobiliare.it,2026-09-18
Trevignano Romano,58107,Roma,RM,5.44,17.17,19.31,2026-08,immobiliare.it,2026-09-18
Gabicce Mare,41019,Pesaro e Urbino,PU,4.63,10.01,11.1,2026-08,immobiliare.it,2026-09-18
Passignano sul Trasimeno,54038,Perugia,PG,3.7,7.97,16.34,2026-08,immobiliare.it,2026-09-18
Maiori,65066,Salerno,SA,4.77,9.34,12.18,2026-08,immobiliare.it,2026-09-18
Ceriale,9024,Savona,SV,5.11,9.1,26.1,2026-08,immobiliare.it,2026-09-18
Campo Tures,21017,Bolzano,BZ,8.41,13.31,29.38,2026-08,immobiliare.it,2026-09-18
Solbiate Olona,12122,Varese,VA,7.3,13.18,14.05,2026-08,immobiliare.it,2026-09-18
Villapiana,78154,Cosenza,CS,3.48,7.91,26.89,2026-08,immobiliare.it,2026-09-18
Acquapendente,56001,Viterbo,VT,4.07,4.62,19.99,2026-08,immobiliare.it,2026-09-18
Primiero San Martino di Castrozza,22245,Trento,TN,7.09,12.22,30.24,2026-08,immobiliare.it,2026-09-18
Levanto,11017,La Spezia,SP,6.54,28.49,28.49,2026-08,immobiliare.it,2026-09-18
Rapolano Terme,52026,Siena,SI,6.28,7.56,11.89,2026-08,immobiliare.it,2026-09-18
Santa Teresa Gallura,90063,Sassari,SS,6.25,14.22,27.55,2026-08,immobiliare.it,2026-09-18
Manerba del Garda,17102,Brescia,BS,6.27,15.15,20.46,2026-08,immobiliare.it,2026-09-18
Cupra Marittima,44017,Ascoli Piceno,AP,4.94,10.05,11.08,2026-08,immobiliare.it,2026-09-18
Albissola Marina,9003,Savona,SV,5.11,8.61,26.1,2026-08,immobiliare.it,2026-09-18
Casal Velino,65028,Salerno,SA,4.77,9.51,12.18,2026-08,immobiliare.it,2026-09-18
Camposano,63013,Napoli,NA,4.24,7.19,37.68,2026-08,immobiliare.it,2026-09-18
Castelvetro Piacentino,33014,Piacenza,PC,5.16,8.28,11.62,2026-08,immobiliare.it,2026-09-18
Montano Lucino,13154,Como,CO,7.49,12.11,21.76,2026-08,immobiliare.it,2026-09-18
Malles Venosta,21046,Bolzano,BZ,8.41,17.04,29.38,2026-08,immobiliare.it,2026-09-18
Muravera,111042,Sud Sardegna,SU,6.94,6.94,14.11,2026-08,immobiliare.it,2026-09-18
Ledro,22229,Trento,TN,7.09,18.14,30.24,2026-08,immobiliare.it,2026-09-18
Diamante,78048,Cosenza,CS,3.48,12.64,26.89,2026-08,immobiliare.it,2026-09-18
Camogli,10007,GENOVA,GE,10.32,16.91,17.47,2026-08,immobiliare.it,2026-09-18
Budoni,90091,SASSARI,SS,6.25,18.5,27.55,2026-08,immobiliare.it,2026-09-18
Chiusa,21022,BOLZANO,BZ,8.41,20.79,29.38,2026-08,immobiliare.it,2026-09-18
Laces,21037,BOLZANO,BZ,8.41,14.81,29.38,2026-08,immobiliare.it,2026-09-18
Vaglia,48046,FIRENZE,FI,6.14,9.64,21.7,2026-08,immobiliare.it,2026-09-18
Castrignano del Capo,75019,LECCE,LE,4.23,4.91,20.76,2026-08,immobiliare.it,2026-09-18
Tremezzina,13252,COMO,CO,7.49,12.46,21.76,2026-08,immobiliare.it,2026-09-18
Celle Ligure,9022,SAVONA,SV,5.11,19.55,26.1,2026-08,immobiliare.it,2026-09-18
Cannobio,103017,VERBANO-CUSIO-OSSOLA,VB,4.29,13.13,14.01,2026-08,immobiliare.it,2026-09-18
Centola,65039,SALERNO,SA,4.77,11.79,12.18,2026-08,immobiliare.it,2026-09-18
Dro,22079,TRENTO,TN,7.09,12.03,30.24,2026-08,immobiliare.it,2026-09-18
Maratea,76044,POTENZA,PZ,4.26,9.28,9.78,2026-08,immobiliare.it,2026-09-18
Amalfi,65006,SALERNO,SA,4.77,7.59,12.18,2026-08,immobiliare.it,2026-09-18
San Teodoro,90092,SASSARI,SS,6.25,25.42,27.55,2026-08,immobiliare.it,2026-09-18
Lanzo Torinese,1128,TORINO,TO,3.79,7.25,23.85,2026-08,immobiliare.it,2026-09-18
Lagundo,21038,BOLZANO,BZ,8.41,14.81,29.38,2026-08,immobiliare.it,2026-09-18
Ricadi,102030,VIBO VALENTIA,VV,4.31,9.08,19.78,2026-08,immobiliare.it,2026-09-18
Porlezza,13189,COMO,CO,7.49,10.7,21.76,2026-08,immobiliare.it,2026-09-18
Rosta,1228,TORINO,TO,3.79,7.31,23.85,2026-08,immobiliare.it,2026-09-18
Baveno,103008,VERBANO-CUSIO-OSSOLA,VB,4.29,12.2,14.01,2026-08,immobiliare.it,2026-09-18
Stresa,103064,VERBANO-CUSIO-OSSOLA,VB,4.29,10.54,14.01,2026-08,immobiliare.it,2026-09-18
Ortisei,21061,BOLZANO,BZ,8.41,29.38,29.38,2026-08,immobiliare.it,2026-09-18
Campo nell'Elba,49003,LIVORNO,LI,8.28,25.4,33.59,2026-08,immobiliare.it,2026-09-18
San Vito Lo Capo,81020,TRAPANI,TP,5.28,13.45,13.45,2026-08,immobiliare.it,2026-09-18
Lacco Ameno,63038,NAPOLI,NA,4.24,20.25,37.68,2026-08,immobiliare.it,2026-09-18
Varna,21111,BOLZANO,BZ,8.41,16.4,29.38,2026-08,immobiliare.it,2026-09-18
Borghetto Santo Spirito,9012,SAVONA,SV,5.11,18.81,26.1,2026-08,immobiliare.it,2026-09-18
Padenghe sul Garda,17129,BRESCIA,BS,6.27,15.47,20.46,2026-08,immobiliare.it,2026-09-18
Sarteano,52031,SIENA,SI,6.28,9.27,11.89,2026-08,immobiliare.it,2026-09-18
Gazzada Schianno,12073,VARESE,VA,7.3,10.29,14.05,2026-08,immobiliare.it,2026-09-18
Saint-Vincent,7065,AOSTA,AO,5.94,7.5,35.85,2026-08,immobiliare.it,2026-09-18
Salve,75066,LECCE,LE,4.23,7.08,20.76,2026-08,immobiliare.it,2026-09-18
Chiesina Uzzanese,47022,PISTOIA,PT,7.67,8.83,10.34,2026-08,immobiliare.it,2026-09-18
Palaia,50024,PISA,PI,6.16,6.16,13.44,2026-08,immobiliare.it,2026-09-18
Butera,85003,CALTANISSETTA,CL,3.8,7.27,7.27,2026-08,immobiliare.it,2026-09-18
Predazzo,22147,TRENTO,TN,7.09,15.97,30.24,2026-08,immobiliare.it,2026-09-18
Racines,21070,BOLZANO,BZ,8.41,15.13,29.38,2026-08,immobiliare.it,2026-09-18
Spezzano della Sila,78143,COSENZA,CS,3.48,5.92,26.89,2026-08,immobiliare.it,2026-09-18
Peschici,71038,FOGGIA,FG,5.09,8.1,10.55,2026-08,immobiliare.it,2026-09-18
Terlano,21097,BOLZANO,BZ,8.41,13.54,29.38,2026-08,immobiliare.it,2026-09-18
Monastier di Treviso,26044,TREVISO,TV,6.28,10.47,18.46,2026-08,immobiliare.it,2026-09-18
Malgrate,97045,LECCO,LC,6.48,9.14,18.23,2026-08,immobiliare.it,2026-09-18
Briatico,102003,VIBO VALENTIA,VV,4.31,13.61,19.78,2026-08,immobiliare.it,2026-09-18
Valledoria,90079,SASSARI,SS,7.04,9.99,13.92,2026-08,immobiliare.it,2026-09-18
Favignana,81009,TRAPANI,TP,5.28,6.4,13.45,2026-08,immobiliare.it,2026-09-18
Valbrembo,16224,BERGAMO,BG,4.71,10.57,16.63,2026-08,immobiliare.it,2026-09-18
Ameglia,11001,LA SPEZIA,SP,6.54,11.59,28.49,2026-08,immobiliare.it,2026-09-18
Galzignano Terme,28040,PADOVA,PD,5.18,7.92,14.27,2026-08,immobiliare.it,2026-09-18
Roana,24085,VICENZA,VI,4.38,28.76,28.76,2026-08,immobiliare.it,2026-09-18
Tarvisio,30117,UDINE,UD,5.84,8.19,18.84,2026-08,immobiliare.it,2026-09-18
Palau,90054,SASSARI,SS,6.25,20.08,27.55,2026-08,immobiliare.it,2026-09-18
Bormio,14009,SONDRIO,SO,6.77,27.69,27.69,2026-08,immobiliare.it,2026-09-18
Noli,9042,Savona,SV,5.11,11.08,26.1,2026-08,immobiliare.it,2026-09-19
Cison di Valmarino,26018,Treviso,TV,6.28,7.65,18.46,2026-08,immobiliare.it,2026-09-19
Funes,21033,Bolzano,BZ,8.41,13.79,29.38,2026-08,immobiliare.it,2026-09-19
Selva di Val Gardena,21089,Bolzano,BZ,8.41,22.92,29.38,2026-08,immobiliare.it,2026-09-19
Cantalupa,1053,Torino,TO,3.79,5.53,23.85,2026-08,immobiliare.it,2026-09-19
San Quirico d'Orcia,52030,Siena,SI,6.28,8.54,11.89,2026-08,immobiliare.it,2026-09-19
Maccagno con Pino e Veddasca,12142,Varese,VA,7.3,11.6,14.05,2026-08,immobiliare.it,2026-09-19
Borno,17022,Brescia,BS,6.27,7.58,20.46,2026-08,immobiliare.it,2026-09-19
Moniga del Garda,17109,Brescia,BS,6.27,12.85,20.46,2026-08,immobiliare.it,2026-09-19
Castel Sant'Elia,56017,Viterbo,VT,4.07,5.53,19.99,2026-08,immobiliare.it,2026-09-19
Eupilio,13097,Como,CO,7.49,9.97,21.76,2026-08,immobiliare.it,2026-09-19
Pisciotta,65096,Salerno,SA,4.77,10.8,12.18,2026-08,immobiliare.it,2026-09-19
Dormelletto,3062,Novara,NO,4.75,11.89,14.5,2026-08,immobiliare.it,2026-09-19
Cuglieri,95019,Oristano,OR,8.35,9.21,13.24,2026-08,immobiliare.it,2026-09-19
Valfurva,14073,Sondrio,SO,6.77,23.79,27.69,2026-08,immobiliare.it,2026-09-19
Sestola,36043,Modena,MO,6.04,6.98,12.59,2026-08,immobiliare.it,2026-09-19
Ravello,65104,Salerno,SA,4.77,9.36,12.18,2026-08,immobiliare.it,2026-09-19
Golfo Aranci,90083,Sassari,SS,6.25,27.55,27.55,2026-08,immobiliare.it,2026-09-19
Boissano,9011,Savona,SV,5.11,13.54,26.1,2026-08,immobiliare.it,2026-09-19
Brenzone sul Garda,23014,Verona,VR,5.97,26.26,26.29,2026-08,immobiliare.it,2026-09-19
Chiesa in Valmalenco,14019,Sondrio,SO,6.77,11.86,27.69,2026-08,immobiliare.it,2026-09-19
San Vero Milis,95050,Oristano,OR,8.35,8.76,13.24,2026-08,immobiliare.it,2026-09-19
Tirolo,21101,Bolzano,BZ,8.41,15.62,29.38,2026-08,immobiliare.it,2026-09-19
Sant'Eusanio del Sangro,69085,Chieti,CH,4.58,5.78,9.09,2026-08,immobiliare.it,2026-09-19
Zoagli,10067,Genova,GE,5.07,15.35,32.58,2026-08,immobiliare.it,2026-09-19
Meina,3095,Novara,NO,4.75,9.89,14.5,2026-08,immobiliare.it,2026-09-19
Murlo,52019,Siena,SI,6.28,7.68,11.89,2026-08,immobiliare.it,2026-09-19
Curon Venosta,21027,Bolzano,BZ,8.41,14.1,29.38,2026-08,immobiliare.it,2026-09-19
Stalettì,79143,Catanzaro,CZ,5.25,15.92,40.42,2026-09,realadvisor.it,2026-09-19
Ortelle,75056,Lecce,LE,4.23,6.16,20.76,2026-08,immobiliare.it,2026-09-19
Gallio,24042,Vicenza,VI,4.38,19.94,28.76,2026-08,immobiliare.it,2026-09-19
Castro,75096,Lecce,LE,4.23,6.16,20.76,2026-08,immobiliare.it,2026-09-19
Affi,23001,Verona,VR,5.97,15.38,26.29,2026-08,immobiliare.it,2026-09-19
Ghiffa,103033,Verbano-Cusio-Ossola,VB,4.29,11.32,14.01,2026-08,immobiliare.it,2026-09-19
Perfugas,90056,Sassari,SS,7.04,10.81,13.92,2026-08,immobiliare.it,2026-09-19
Pollica,65098,Salerno,SA,4.77,9.31,12.18,2026-08,immobiliare.it,2026-09-19
Castello-Molina di Fiemme,22047,Trento,TN,7.09,11.28,30.24,2026-08,immobiliare.it,2026-09-19
Valle di Casies,21109,Bolzano,BZ,8.41,13.37,29.38,2026-08,immobiliare.it,2026-09-19
Rocca San Giovanni,69074,Chieti,CH,4.58,5.99,9.09,2026-08,immobiliare.it,2026-09-19
Castelbello-Ciardes,21018,Bolzano,BZ,8.41,13.72,29.38,2026-08,immobiliare.it,2026-09-19
Valtournenche,7071,Aosta,AO,5.94,16.07,35.85,2026-08,immobiliare.it,2026-09-19
Castiglione d'Orcia,52007,Siena,SI,6.28,6.96,11.89,2026-08,immobiliare.it,2026-09-19
Trinità d'Agultu e Vignola,90074,Sassari,SS,6.25,10.29,27.55,2026-08,immobiliare.it,2026-09-19
Gropparello,33025,Piacenza,PC,5.16,6.51,11.62,2026-08,immobiliare.it,2026-09-19
Cortaccia sulla strada del vino,21024,Bolzano,BZ,8.41,11.3,29.38,2026-08,immobiliare.it,2026-09-19
Brennero,21010,Bolzano,BZ,8.41,14.26,29.38,2026-08,immobiliare.it,2026-09-19
Grisolia,78060,Cosenza,CS,3.48,19.76,26.89,2026-08,immobiliare.it,2026-09-19
Malé,22110,Trento,TN,10.5,29.5,59,2026-09,realadvisor.it,2026-09-19
Gornate Olona,12080,Varese,VA,7.3,9,14.05,2026-08,immobiliare.it,2026-09-19
Orroli,111050,Sud Sardegna,SU,6.94,8.9,14.11,2026-08,immobiliare.it,2026-09-19
Paulilatino,95041,Oristano,OR,8.35,11.15,13.24,2026-08,immobiliare.it,2026-09-19
Lizzano in Belvedere,37033,Bologna,BO,4.82,6.72,16.59,2026-08,immobiliare.it,2026-09-19
Cadegliano-Viconago,12027,Varese,VA,7.3,9.13,14.05,2026-08,immobiliare.it,2026-09-19
Oleggio Castello,3109,Novara,NO,4.75,7.58,14.5,2026-08,immobiliare.it,2026-09-19
Pescasseroli,66068,L'Aquila,AQ,4.92,11.48,24.57,2026-08,immobiliare.it,2026-09-19
Cantiano,41008,Pesaro e Urbino,PU,4.63,6.07,11.1,2026-08,immobiliare.it,2026-09-19
Borgio Verezzi,9013,Savona,SV,5.11,13.79,26.1,2026-08,immobiliare.it,2026-09-19
Montescudaio,50020,Pisa,PI,6.16,8.59,13.44,2026-08,immobiliare.it,2026-09-19
Comelico Superiore,25015,Belluno,BL,7.87,11.5,30.63,2026-08,immobiliare.it,2026-09-19
Villa San Pietro,92099,Cagliari,CA,6.94,9.99,14.11,2026-08,immobiliare.it,2026-09-19
Roccaforte Mondovì,4190,Cuneo,CN,3.7,7.62,23.11,2026-08,immobiliare.it,2026-09-19
Dimaro Folgarida,22233,Trento,TN,7.09,30.24,30.24,2026-08,immobiliare.it,2026-09-19
Mandas,111039,Sud Sardegna,SU,6.94,9.64,14.11,2026-08,immobiliare.it,2026-09-19
Santo Stefano al Mare,8056,Imperia,IM,10.22,14.5,17.66,2026-08,immobiliare.it,2026-09-19
Lotzorai,91042,Nuoro,NU,9,9.61,33.22,2026-08,immobiliare.it,2026-09-19
Marciana,49010,Livorno,LI,8.28,24.87,33.59,2026-08,immobiliare.it,2026-09-19
Castel Giorgio,55009,Terni,TR,4.08,7.44,7.44,2026-08,immobiliare.it,2026-09-19
Tremosine sul Garda,17189,Brescia,BS,6.27,10.05,20.46,2026-08,immobiliare.it,2026-09-19
Moso in Passiria,21054,Bolzano,BZ,8.41,14.21,29.38,2026-08,immobiliare.it,2026-09-19
Dolceacqua,8029,Imperia,IM,10.22,11.87,17.66,2026-08,immobiliare.it,2026-09-19
Arta Terme,30005,Udine,UD,5.84,8.17,18.84,2026-08,immobiliare.it,2026-09-19
Gazzola,33022,Piacenza,PC,5.16,11.62,11.62,2026-08,immobiliare.it,2026-09-19
Pienza,52021,Siena,SI,6.28,8.54,11.89,2026-08,immobiliare.it,2026-09-19
Aymavilles,7008,Aosta,AO,5.94,11.86,35.85,2026-08,immobiliare.it,2026-09-19
Cetara,65041,Salerno,SA,4.77,10.51,12.18,2026-08,immobiliare.it,2026-09-19
Pietralunga,54041,Perugia,PG,3.7,10.55,16.34,2026-08,immobiliare.it,2026-09-19
Lezzeno,13126,Como,CO,7.49,15.13,21.76,2026-08,immobiliare.it,2026-09-19
Feroleto Antico,79048,Catanzaro,CZ,4.31,7.91,25.11,2026-08,immobiliare.it,2026-09-19
Abetone Cutigliano,47023,Pistoia,PT,7.67,10.34,10.34,2026-08,immobiliare.it,2026-09-19
Drapia,102009,Vibo Valentia,VV,4.31,4.74,19.78,2026-08,immobiliare.it,2026-09-19
Nalles,21055,Bolzano,BZ,8.41,14.29,29.38,2026-08,immobiliare.it,2026-09-19
Varzo,103071,Verbano-Cusio-Ossola,VB,4.29,8.22,14.01,2026-08,immobiliare.it,2026-09-19
La Salle,7040,Aosta,AO,5.94,20.62,35.85,2026-08,immobiliare.it,2026-09-19
Tenno,22191,Trento,TN,7.09,13.14,30.24,2026-08,immobiliare.it,2026-09-19
Praiano,65102,Salerno,SA,4.77,7.59,12.18,2026-08,immobiliare.it,2026-09-19
San Nicola Arcella,78125,Cosenza,CS,3.48,11.09,26.89,2026-08,immobiliare.it,2026-09-19
Monforte d'Alba,4132,Cuneo,CN,3.7,7.32,23.11,2026-08,immobiliare.it,2026-09-19
Castelveccana,12045,Varese,VA,7.3,10.07,14.05,2026-08,immobiliare.it,2026-09-19
Santa Cristina Valgardena,21085,Bolzano,BZ,8.41,28.53,29.38,2026-08,immobiliare.it,2026-09-19
Nova Levante,21058,Bolzano,BZ,8.41,13.27,29.38,2026-08,immobiliare.it,2026-09-19
Calalzo di Cadore,25008,Belluno,BL,7.87,23.44,30.63,2026-08,immobiliare.it,2026-09-19
Tesimo,21099,Bolzano,BZ,8.41,14.3,29.38,2026-08,immobiliare.it,2026-09-19
Campione d'Italia,13040,Como,CO,7.49,21.76,21.76,2026-08,immobiliare.it,2026-09-19
Marciana Marina,49011,Livorno,LI,8.28,20.85,33.59,2026-08,immobiliare.it,2026-09-19
Gadesco-Pieve Delmona,19046,Cremona,CR,5.86,9.02,12.04,2026-08,immobiliare.it,2026-09-19
Corteno Golgi,17063,Brescia,BS,6.27,7.53,20.46,2026-08,immobiliare.it,2026-09-19
Nerola,58071,Roma,RM,5.44,8,19.31,2026-08,immobiliare.it,2026-09-19
Cardedu,91103,Nuoro,NU,9,11.37,33.22,2026-08,immobiliare.it,2026-09-19
San Demetrio ne' Vestini,66087,L'Aquila,AQ,4.92,7.15,24.57,2026-08,immobiliare.it,2026-09-19
Zollino,75094,Lecce,LE,4.23,8.53,20.76,2026-08,immobiliare.it,2026-09-19
Piuro,14050,Sondrio,SO,6.77,8.71,27.69,2026-08,immobiliare.it,2026-09-19
Roseto Capo Spulico,78107,Cosenza,CS,3.48,9.98,26.89,2026-08,immobiliare.it,2026-09-19
San Vito di Cadore,25051,Belluno,BL,7.87,30.63,30.63,2026-08,immobiliare.it,2026-09-19
Soiano del Lago,17180,Brescia,BS,6.27,20.46,20.46,2026-08,immobiliare.it,2026-09-19
Casalborgone,1060,Torino,TO,3.79,5.43,23.85,2026-08,immobiliare.it,2026-09-19
Canazei,22039,Trento,TN,7.09,19.64,30.24,2026-08,immobiliare.it,2026-09-19
Sesto,21092,Bolzano,BZ,8.41,15.57,29.38,2026-08,immobiliare.it,2026-09-19
Villandro,21114,Bolzano,BZ,8.41,15.13,29.38,2026-08,immobiliare.it,2026-09-19
Postal,21066,Bolzano,BZ,8.41,14.81,29.38,2026-08,immobiliare.it,2026-09-19
Falcade,25019,Belluno,BL,7.87,21.54,30.63,2026-08,immobiliare.it,2026-09-19
Idro,17082,Brescia,BS,6.27,9.12,20.46,2026-08,immobiliare.it,2026-09-19
Badesi,90081,Sassari,SS,6.25,10.29,27.55,2026-08,immobiliare.it,2026-09-19
Caramanico Terme,68007,Pescara,PE,4.84,7.71,10.84,2026-08,immobiliare.it,2026-09-19
Peio,22136,Trento,TN,7.09,15.94,30.24,2026-08,immobiliare.it,2026-09-19
Chiusdino,52010,Siena,SI,6.28,8.55,11.89,2026-08,immobiliare.it,2026-09-19
Sluderno,21094,Bolzano,BZ,8.41,18.89,29.38,2026-08,immobiliare.it,2026-09-19
Acquappesa,78002,Cosenza,CS,3.48,15.13,26.89,2026-08,immobiliare.it,2026-09-19
Vermiglio,22213,Trento,TN,7.09,16.76,30.24,2026-08,immobiliare.it,2026-09-19
Arquà Petrarca,28005,Padova,PD,5.18,8.75,14.27,2026-08,immobiliare.it,2026-09-19
Sant'Andrea Apostolo dello Ionio,79118,Catanzaro,CZ,4.31,20.86,25.11,2026-08,immobiliare.it,2026-09-19
Laconi,95082,Oristano,OR,8.35,12.08,13.24,2026-08,immobiliare.it,2026-09-19
Marano Lagunare,30056,Udine,UD,5.84,13.14,18.84,2026-08,immobiliare.it,2026-09-19
Bomarzo,56009,Viterbo,VT,4.07,5.98,19.99,2026-08,immobiliare.it,2026-09-19
Fénis,7027,Aosta,AO,5.94,18.96,35.85,2026-08,immobiliare.it,2026-09-19
Laigueglia,9033,Savona,SV,5.11,26.1,26.1,2026-08,immobiliare.it,2026-09-19
San Martino in Badia,21082,Bolzano,BZ,8.41,13.55,29.38,2026-08,immobiliare.it,2026-09-19
Scanno,66093,L'Aquila,AQ,4.92,17.33,24.57,2026-08,immobiliare.it,2026-09-19
Terento,21096,Bolzano,BZ,8.41,13.58,29.38,2026-08,immobiliare.it,2026-09-19
Zambrone,102049,Vibo Valentia,VV,4.31,13.61,19.78,2026-08,immobiliare.it,2026-09-19
Ponte di Legno,17148,Brescia,BS,6.27,19.35,20.46,2026-08,immobiliare.it,2026-09-19
Zerbolò,18189,Pavia,PV,5.08,6.42,11.58,2026-08,immobiliare.it,2026-09-19
Montjovet,7043,Aosta,AO,5.94,6.86,35.85,2026-08,immobiliare.it,2026-09-19
Vogogna,103077,Verbano-Cusio-Ossola,VB,4.29,6.73,14.01,2026-08,immobiliare.it,2026-09-19
Barbiano,21007,Bolzano,BZ,8.41,16.63,29.38,2026-08,immobiliare.it,2026-09-19
Ziano di Fiemme,22226,Trento,TN,7.09,12.58,30.24,2026-08,immobiliare.it,2026-09-19
Orio al Serio,16150,Bergamo,BG,4.71,11.23,16.63,2026-08,immobiliare.it,2026-09-19
Gargazzone,21035,Bolzano,BZ,8.41,14.72,29.38,2026-08,immobiliare.it,2026-09-19
Brunate,13032,Como,CO,7.49,12.5,21.76,2026-08,immobiliare.it,2026-09-19
Monte Isola,17111,Brescia,BS,6.27,8.19,20.46,2026-08,immobiliare.it,2026-09-19
Patù,75060,Lecce,LE,4.23,4.91,20.76,2026-08,immobiliare.it,2026-09-19
Montagna,21053,Bolzano,BZ,8.41,11.38,29.38,2026-08,immobiliare.it,2026-09-19
Capodimonte,56013,Viterbo,VT,4.07,7.86,19.99,2026-08,immobiliare.it,2026-09-19
Meltina,21050,Bolzano,BZ,8.41,15.45,29.38,2026-08,immobiliare.it,2026-09-19
Cannole,75012,Lecce,LE,4.23,9.25,20.76,2026-08,immobiliare.it,2026-09-19
Montecatini Val di Cecina,50019,Pisa,PI,6.16,7.96,13.44,2026-08,immobiliare.it,2026-09-19
Roccaraso,66084,L'Aquila,AQ,4.92,19.75,24.57,2026-08,immobiliare.it,2026-09-19
Aldino,21001,Bolzano,BZ,8.41,12.36,29.38,2026-08,immobiliare.it,2026-09-19
Domus de Maria,111015,Sud Sardegna,SU,6.94,9.03,14.11,2026-08,immobiliare.it,2026-09-19
Castiadas,111011,Sud Sardegna,SU,6.94,10.44,14.11,2026-08,immobiliare.it,2026-09-19
Front,1109,Torino,TO,3.79,5.18,23.85,2026-08,immobiliare.it,2026-09-19
Santa Luce,50034,Pisa,PI,6.16,7.71,13.44,2026-08,immobiliare.it,2026-09-19
Ficulle,55013,Terni,TR,4.08,7.23,7.44,2026-08,immobiliare.it,2026-09-19
Stintino,90089,Sassari,SS,7.04,8.26,13.92,2026-08,immobiliare.it,2026-09-19
Riparbella,50030,Pisa,PI,6.16,8.72,13.44,2026-08,immobiliare.it,2026-09-19
Valganna,12131,Varese,VA,7.3,8.8,14.05,2026-08,immobiliare.it,2026-09-19
Moltrasio,13152,Como,CO,7.49,13.3,21.76,2026-08,immobiliare.it,2026-09-19
Villabassa,21113,Bolzano,BZ,8.41,13.38,29.38,2026-08,immobiliare.it,2026-09-19
Ormea,4155,Cuneo,CN,3.7,11.25,23.11,2026-08,immobiliare.it,2026-09-19
Isca sullo Ionio,79063,Catanzaro,CZ,4.31,20.61,25.11,2026-08,immobiliare.it,2026-09-19
San Casciano dei Bagni,52027,Siena,SI,6.28,7.01,11.89,2026-08,immobiliare.it,2026-09-19
Luson,21044,Bolzano,BZ,8.41,13.68,29.38,2026-08,immobiliare.it,2026-09-19
Civitella d'Agliano,56022,Viterbo,VT,4.07,5.02,19.99,2026-08,immobiliare.it,2026-09-19
San Lorenzo Dorsino,22231,Trento,TN,7.09,9.55,30.24,2026-08,immobiliare.it,2026-09-19
Perca,21063,Bolzano,BZ,8.41,9.5,29.38,2026-08,immobiliare.it,2026-09-19
San Potito Ultra,64086,Avellino,AV,3.12,3.15,7.83,2026-08,immobiliare.it,2026-09-19
Aprica,14004,Sondrio,SO,6.77,18.18,27.69,2026-08,immobiliare.it,2026-09-19
Agrate Conturbia,3001,Novara,NO,4.75,8.87,14.5,2026-08,immobiliare.it,2026-09-19
Radda in Chianti,52023,Siena,SI,6.28,9.08,11.89,2026-08,immobiliare.it,2026-09-19
Scala,65138,Salerno,SA,4.77,8.67,12.18,2026-08,immobiliare.it,2026-09-19
Pollein,7049,Aosta,AO,5.94,9.25,35.85,2026-08,immobiliare.it,2026-09-19
Sant'Alessio Siculo,83085,Messina,ME,4.01,8.7,19.98,2026-08,immobiliare.it,2026-09-19
Frabosa Sottana,4091,Cuneo,CN,3.7,13.95,23.11,2026-08,immobiliare.it,2026-09-19
Cermes,21020,Bolzano,BZ,8.41,14.81,29.38,2026-08,immobiliare.it,2026-09-19
Monticiano,52018,Siena,SI,6.28,8.55,11.89,2026-08,immobiliare.it,2026-09-19
Casalino,3040,Novara,NO,4.75,4.79,14.5,2026-08,immobiliare.it,2026-09-19
Coassolo Torinese,1088,Torino,TO,3.79,6.66,23.85,2026-08,immobiliare.it,2026-09-19
Riomaggiore,11024,La Spezia,SP,6.54,10.32,28.49,2026-08,immobiliare.it,2026-09-19
Bedollo,22011,Trento,TN,7.09,9.77,30.24,2026-08,immobiliare.it,2026-09-19
Domaso,13089,Como,CO,7.49,8.36,21.76,2026-08,immobiliare.it,2026-09-19
Limone Piemonte,4110,Cuneo,CN,3.7,23.11,23.11,2026-08,immobiliare.it,2026-09-19
Aggius,90001,Sassari,SS,6.25,10.78,27.55,2026-08,immobiliare.it,2026-09-19
Rocca di Mezzo,66082,L'Aquila,AQ,4.92,14.05,24.57,2026-08,immobiliare.it,2026-09-19
Fondo,22088,Trento,TN,7.09,8.39,30.24,2026-08,immobiliare.it,2026-09-19
Pettorano sul Gizio,66071,L'Aquila,AQ,4.92,13.89,24.57,2026-08,immobiliare.it,2026-09-19
Isola del Giglio,53012,Grosseto,GR,6.41,22.52,32.03,2026-08,immobiliare.it,2026-09-19
Viverone,96080,Biella,BI,3.86,6.92,7.65,2026-08,immobiliare.it,2026-09-19
Monterosso al Mare,11019,La Spezia,SP,6.54,21.75,28.49,2026-08,immobiliare.it,2026-09-19
Tre Ville,22247,Trento,TN,7.09,7.09,30.24,2026-08,immobiliare.it,2026-09-19
San Zeno di Montagna,23079,Verona,VR,5.97,14.92,26.29,2026-08,immobiliare.it,2026-09-19
La Valle,21117,Bolzano,BZ,8.41,13.46,29.38,2026-08,immobiliare.it,2026-09-19
Granozzo con Monticello,3077,Novara,NO,4.75,8.35,14.5,2026-08,immobiliare.it,2026-09-19
Corvara in Badia,21026,Bolzano,BZ,8.41,20.81,29.38,2026-08,immobiliare.it,2026-09-19
Pettenasco,3116,Novara,NO,4.75,9.07,14.5,2026-08,immobiliare.it,2026-09-19
Caspoggio,14013,Sondrio,SO,6.77,9.62,27.69,2026-08,immobiliare.it,2026-09-19
Piverone,1196,Torino,TO,3.79,6.4,23.85,2026-08,immobiliare.it,2026-09-19
Doberdò del Lago,31003,Gorizia,GO,8.09,9.27,12.03,2026-08,immobiliare.it,2026-09-19
Rifiano,21073,Bolzano,BZ,8.41,15.05,29.38,2026-08,immobiliare.it,2026-09-19
Ayas,7007,Aosta,AO,5.94,21.88,35.85,2026-08,immobiliare.it,2026-09-19
Calceranica al Lago,22032,Trento,TN,7.09,10.54,30.24,2026-08,immobiliare.it,2026-09-19
Rabbi,22150,Trento,TN,7.09,16.77,30.24,2026-08,immobiliare.it,2026-09-19
Cogne,7021,Aosta,AO,5.94,18.97,35.85,2026-08,immobiliare.it,2026-09-19
Deiva Marina,11012,LA SPEZIA,SP,6.54,9.95,28.49,2026-08,immobiliare.it,2026-09-20
Chianni,50012,PISA,PI,6.16,6.49,13.44,2026-08,immobiliare.it,2026-09-20
Torricella in Sabina,57069,RIETI,RI,4.01,6.67,9.87,2026-08,immobiliare.it,2026-09-20
Torre Cajetani,60078,FROSINONE,FR,3.97,6.82,9.37,2026-08,immobiliare.it,2026-09-20
Orta San Giulio,3112,NOVARA,NO,4.75,8.89,14.5,2026-08,immobiliare.it,2026-09-20
Ustica,82075,PALERMO,PA,3.78,9.37,10.48,2026-08,immobiliare.it,2026-09-20
Lajatico,50016,PISA,PI,6.16,8.71,13.44,2026-08,immobiliare.it,2026-09-20
Ranco,12116,VARESE,VA,7.3,10.15,14.05,2026-08,immobiliare.it,2026-09-20
Sappada,30189,UDINE,UD,5.84,6.96,18.84,2026-08,immobiliare.it,2026-09-20
Barzio,97007,LECCO,LC,6.48,8.58,18.23,2026-08,immobiliare.it,2026-09-20
Livinallongo del Col di Lana,25030,BELLUNO,BL,7.87,27.78,30.63,2026-08,immobiliare.it,2026-09-20
Santa Maria Maggiore,103062,VERBANO-CUSIO-OSSOLA,VB,4.29,10.67,14.01,2026-08,immobiliare.it,2026-09-20
Parghelia,102026,VIBO VALENTIA,VV,4.31,11.3,19.78,2026-08,immobiliare.it,2026-09-20
Sangineto,78117,COSENZA,CS,3.48,21.13,26.89,2026-08,immobiliare.it,2026-09-20
Bogogno,3021,NOVARA,NO,4.75,9.76,14.5,2026-08,immobiliare.it,2026-09-20
Spormaggiore,22180,TRENTO,TN,7.09,11.07,30.24,2026-08,immobiliare.it,2026-09-20
San Lorenzo al Mare,8054,IMPERIA,IM,10.22,15.67,17.66,2026-08,immobiliare.it,2026-09-20
Santo Stefano in Aspromonte,80083,REGGIO DI CALABRIA,RC,3.89,5.5,17.64,2026-08,immobiliare.it,2026-09-20
Sorico,13216,COMO,CO,7.49,9.79,21.76,2026-08,immobiliare.it,2026-09-20
Aritzo,91001,NUORO,NU,6.86,13.56,33.22,2026-08,immobiliare.it,2026-09-20
Aglientu,90062,SASSARI,SS,6.25,12.48,27.55,2026-08,immobiliare.it,2026-09-20
Castellaro,8014,IMPERIA,IM,10.22,14.4,17.66,2026-08,immobiliare.it,2026-09-20
Garlenda,9030,SAVONA,SV,5.11,9.49,26.1,2026-08,immobiliare.it,2026-09-20
Rodengo,21075,BOLZANO/BOZEN,BZ,8.41,13.73,29.38,2026-08,immobiliare.it,2026-09-20
Senales,21091,BOLZANO/BOZEN,BZ,8.41,14.02,29.38,2026-08,immobiliare.it,2026-09-20
Trequanda,52036,SIENA,SI,6.28,7.56,11.89,2026-08,immobiliare.it,2026-09-20
Tignale,17185,BRESCIA,BS,6.27,10.25,20.46,2026-08,immobiliare.it,2026-09-20
Fiumalbo,36014,MODENA,MO,6.04,6.98,12.59,2026-08,immobiliare.it,2026-09-20
Guardistallo,50015,PISA,PI,6.16,8.56,13.44,2026-08,immobiliare.it,2026-09-20
Oliveto Lario,97060,LECCO,LC,6.48,7.6,18.23,2026-08,immobiliare.it,2026-09-20
Gesturi,111027,SUD SARDEGNA,SU,7.04,9.28,9.83,2026-08,immobiliare.it,2026-09-20
Faggeto Lario,13098,COMO,CO,7.49,12.11,21.76,2026-08,immobiliare.it,2026-09-20
Rocca Pietore,25044,BELLUNO,BL,7.87,17.61,30.63,2026-08,immobiliare.it,2026-09-20
Ovindoli,66065,L'AQUILA,AQ,4.92,13.28,24.57,2026-08,immobiliare.it,2026-09-20
Gromo,16118,BERGAMO,BG,4.71,9.76,16.63,2026-08,immobiliare.it,2026-09-20
Rotello,70061,CAMPOBASSO,CB,4.47,12.91,17.77,2026-08,immobiliare.it,2026-09-20
Alleghe,25003,BELLUNO,BL,7.87,27.13,30.63,2026-08,immobiliare.it,2026-09-20
Castagnole Monferrato,5023,ASTI,AT,4.03,5.9,7.65,2026-08,immobiliare.it,2026-09-20
Castello Tesino,22048,TRENTO,TN,7.09,9.88,30.24,2026-08,immobiliare.it,2026-09-20
Blevio,13026,COMO,CO,7.49,15.32,21.76,2026-08,immobiliare.it,2026-09-20
Stenico,22182,TRENTO,TN,7.09,25.6,30.24,2026-08,immobiliare.it,2026-09-20
Quingentole,20046,MANTOVA,MN,5.71,6.1,14.82,2026-08,immobiliare.it,2026-09-20
Carate Urio,13044,COMO,CO,7.49,17.83,21.76,2026-08,immobiliare.it,2026-09-20
Lavarone,22102,TRENTO,TN,7.09,10.89,30.24,2026-08,immobiliare.it,2026-09-20
Limone sul Garda,17089,BRESCIA,BS,6.27,12.5,20.46,2026-08,immobiliare.it,2026-09-20
Valdaone,22232,TRENTO,TN,7.09,9.33,30.24,2026-08,immobiliare.it,2026-09-20
Monte Santa Maria Tiberina,54032,PERUGIA,PG,3.7,7.77,16.34,2026-08,immobiliare.it,2026-09-20
Ponzano Romano,58080,ROMA,RM,5.44,5.7,19.31,2026-08,immobiliare.it,2026-09-20
Torno,13223,COMO,CO,7.49,16.56,21.76,2026-08,immobiliare.it,2026-09-20
Vernante,4239,CUNEO,CN,3.7,10.27,23.11,2026-08,immobiliare.it,2026-09-20
Cervo,8017,IMPERIA,IM,10.22,15.65,17.66,2026-08,immobiliare.it,2026-09-20
Stelvio,21095,BOLZANO/BOZEN,BZ,8.41,17.88,29.38,2026-08,immobiliare.it,2026-09-20
Pacentro,66066,L'AQUILA,AQ,4.92,10.84,24.57,2026-08,immobiliare.it,2026-09-20
Castelmola,83015,MESSINA,ME,4.01,14.57,19.98,2026-08,immobiliare.it,2026-09-20
Canale d'Agordo,25023,BELLUNO,BL,7.87,10.69,30.63,2026-08,immobiliare.it,2026-09-20
Badalucco,8006,IMPERIA,IM,10.22,10.71,17.66,2026-08,immobiliare.it,2026-09-20
Molveno,22120,TRENTO,TN,7.09,13.16,30.24,2026-08,immobiliare.it,2026-09-20
Temù,17184,BRESCIA,BS,6.27,17.48,20.46,2026-08,immobiliare.it,2026-09-20
Casale Marittimo,50006,PISA,PI,6.16,12.87,13.44,2026-08,immobiliare.it,2026-09-20
Andalo,22005,TRENTO,TN,7.09,13.07,30.24,2026-08,immobiliare.it,2026-09-20
Sauze d'Oulx,1259,TORINO,TO,3.79,18.17,23.85,2026-08,immobiliare.it,2026-09-20
Gabiano,6077,ALESSANDRIA,AL,3.59,4.59,7.85,2026-08,immobiliare.it,2026-09-20
Bergeggi,9010,SAVONA,SV,5.11,10.5,26.1,2026-08,immobiliare.it,2026-09-20
Carano,22041,TRENTO,TN,7.09,12.33,30.24,2026-08,immobiliare.it,2026-09-20
Pescocostanzo,66070,L'AQUILA,AQ,4.92,16.93,24.57,2026-08,immobiliare.it,2026-09-20
Cavareno,22051,TRENTO,TN,7.09,8.37,30.24,2026-08,immobiliare.it,2026-09-20
Villanova Tulo,111099,SUD SARDEGNA,SU,6.94,9.11,14.11,2026-08,immobiliare.it,2026-09-20
Druogno,103029,VERBANO-CUSIO-OSSOLA,VB,4.29,10.51,14.01,2026-08,immobiliare.it,2026-09-20
Vadena,21105,BOLZANO/BOZEN,BZ,8.41,12.9,29.38,2026-08,immobiliare.it,2026-09-20
Milo,87026,CATANIA,CT,3.99,5.73,10.7,2026-08,immobiliare.it,2026-09-20
Suni,95087,ORISTANO,OR,8.35,9.54,13.24,2026-08,immobiliare.it,2026-09-20
Masullas,95026,ORISTANO,OR,8.35,8.92,13.24,2026-08,immobiliare.it,2026-09-20
Pianello del Lario,13183,COMO,CO,7.49,10.86,21.76,2026-08,immobiliare.it,2026-09-20
Trodena nel parco naturale,21102,BOLZANO/BOZEN,BZ,8.41,11.57,29.38,2026-08,immobiliare.it,2026-09-20
Valbondione,16223,BERGAMO,BG,4.71,11.23,16.63,2026-08,immobiliare.it,2026-09-20
Andriano,21002,BOLZANO/BOZEN,BZ,8.41,16.15,29.38,2026-08,immobiliare.it,2026-09-20
Toffia,57068,RIETI,RI,4.01,7.47,9.87,2026-08,immobiliare.it,2026-09-20
Viù,1313,TORINO,TO,3.79,5.34,23.85,2026-08,immobiliare.it,2026-09-20
Pré-Saint-Didier,7053,VALLE D'AOSTA/VALLÉE D'AOSTE,AO,5.94,28.82,35.85,2026-08,immobiliare.it,2026-09-20
Roisan,7057,VALLE D'AOSTA/VALLÉE D'AOSTE,AO,5.94,10.79,35.85,2026-08,immobiliare.it,2026-09-20
Malfa,83043,MESSINA,ME,4.01,6.85,19.98,2026-08,immobiliare.it,2026-09-20
Tires,21100,BOLZANO/BOZEN,BZ,8.41,13.47,29.38,2026-08,immobiliare.it,2026-09-20
Fortezza,21032,BOLZANO/BOZEN,BZ,8.41,15.13,29.38,2026-08,immobiliare.it,2026-09-20
Cavazzo Carnico,30021,UDINE,UD,5.84,7.51,18.84,2026-08,immobiliare.it,2026-09-20
Sampeyre,4205,CUNEO,CN,3.7,6.28,23.11,2026-08,immobiliare.it,2026-09-20
Ispani,65059,SALERNO,SA,4.77,9.06,12.18,2026-08,immobiliare.it,2026-09-20
Vignale Monferrato,6179,ALESSANDRIA,AL,3.59,5.16,7.85,2026-08,immobiliare.it,2026-09-20
Commezzadura,22064,TRENTO,TN,7.09,27.92,30.24,2026-08,immobiliare.it,2026-09-20
Paciano,54036,PERUGIA,PG,3.7,5.97,16.34,2026-08,immobiliare.it,2026-09-20
Pietrapertosa,76061,POTENZA,PZ,4.26,5.08,9.78,2026-08,immobiliare.it,2026-09-20
Musso,13160,COMO,CO,7.49,10.34,21.76,2026-08,immobiliare.it,2026-09-20
Tubre,21103,BOLZANO/BOZEN,BZ,8.41,19.02,29.38,2026-08,immobiliare.it,2026-09-20
Verano,21112,BOLZANO/BOZEN,BZ,8.41,15.13,29.38,2026-08,immobiliare.it,2026-09-20
Carisolo,22042,TRENTO,TN,7.09,25.61,30.24,2026-08,immobiliare.it,2026-09-20
Lucoli,66052,L'AQUILA,AQ,4.92,7.96,24.57,2026-08,immobiliare.it,2026-09-20
Cesana Torinese,1074,TORINO,TO,3.79,17.24,23.85,2026-08,immobiliare.it,2026-09-20
Brunello,12023,VARESE,VA,7.3,9.82,14.05,2026-08,immobiliare.it,2026-09-20
Montecreto,36024,MODENA,MO,6.04,6.87,12.59,2026-08,immobiliare.it,2026-09-20
Campodolcino,14012,SONDRIO,SO,6.77,10.27,27.69,2026-08,immobiliare.it,2026-09-20
Sestriere,1263,TORINO,TO,3.79,23.85,23.85,2026-08,immobiliare.it,2026-09-20
Sanzeno,22169,TRENTO,TN,7.09,7.09,30.24,2026-08,immobiliare.it,2026-09-20
Malborghetto Valbruna,30054,UDINE,UD,5.84,6.81,18.84,2026-08,immobiliare.it,2026-09-20
Riva di Solto,16180,BERGAMO,BG,4.71,9.85,16.63,2026-08,immobiliare.it,2026-09-20
Radicondoli,52025,SIENA,SI,6.28,7.78,11.89,2026-08,immobiliare.it,2026-09-20
Forni di Sopra,30041,UDINE,UD,5.84,8.17,18.84,2026-08,immobiliare.it,2026-09-20
Rota d'Imagna,16186,BERGAMO,BG,4.71,4.71,16.63,2026-08,immobiliare.it,2026-09-20
Perledo,97067,LECCO,LC,6.48,12.1,18.23,2026-08,immobiliare.it,2026-09-20
Fai della Paganella,22081,TRENTO,TN,7.09,10.31,30.24,2026-08,immobiliare.it,2026-09-20
Valdieri,4233,CUNEO,CN,3.7,6.06,23.11,2026-08,immobiliare.it,2026-09-20
Cannero Riviera,103016,VERBANO-CUSIO-OSSOLA,VB,4.29,14.01,14.01,2026-08,immobiliare.it,2026-09-20
Glorenza,21036,BOLZANO/BOZEN,BZ,8.41,18.95,29.38,2026-08,immobiliare.it,2026-09-20
Socchieve,30110,UDINE,UD,5.84,6.85,18.84,2026-08,immobiliare.it,2026-09-20
Baceno,103006,VERBANO-CUSIO-OSSOLA,VB,4.29,9.83,14.01,2026-08,immobiliare.it,2026-09-20
Brusson,7012,VALLE D'AOSTA/VALLÉE D'AOSTE,AO,5.94,21.88,35.85,2026-08,immobiliare.it,2026-09-20
Forza d'Agrò,83024,MESSINA,ME,4.01,7.23,19.98,2026-08,immobiliare.it,2026-09-20
Santa Marina Salina,83087,MESSINA,ME,4.01,6.84,19.98,2026-08,immobiliare.it,2026-09-20
Val Masino,14074,SONDRIO,SO,6.77,9.24,27.69,2026-08,immobiliare.it,2026-09-20
Mezzana,22114,TRENTO,TN,7.09,25.61,30.24,2026-08,immobiliare.it,2026-09-20
Oggebbio,103049,VERBANO-CUSIO-OSSOLA,VB,4.29,10.64,14.01,2026-08,immobiliare.it,2026-09-20
Arvier,7005,VALLE D'AOSTA/VALLÉE D'AOSTE,AO,5.94,14.09,35.85,2026-08,immobiliare.it,2026-09-20
Fordongianus,95020,ORISTANO,OR,8.35,10.73,13.24,2026-08,immobiliare.it,2026-09-20
Gonnostramatza,95024,ORISTANO,OR,8.35,8.93,13.24,2026-08,immobiliare.it,2026-09-20
Entracque,4084,CUNEO,CN,3.7,14.7,23.11,2026-08,immobiliare.it,2026-09-20
Voltago Agordino,25067,BELLUNO,BL,7.87,10.59,30.63,2026-08,immobiliare.it,2026-09-20
San Mauro Cilento,65123,SALERNO,SA,4.77,9.38,12.18,2026-08,immobiliare.it,2026-09-20
Atrani,65011,SALERNO,SA,4.77,8.71,12.18,2026-08,immobiliare.it,2026-09-20
Martello,21049,BOLZANO/BOZEN,BZ,8.41,16.76,29.38,2026-08,immobiliare.it,2026-09-20
Ossana,22131,TRENTO,TN,7.09,21.19,30.24,2026-08,immobiliare.it,2026-09-20
Varena,22211,TRENTO,TN,7.09,12.33,30.24,2026-08,immobiliare.it,2026-09-20
San Massimo,70070,CAMPOBASSO,CB,4.47,5.39,17.77,2026-08,immobiliare.it,2026-09-20
Murazzano,4145,CUNEO,CN,3.7,4.73,23.11,2026-08,immobiliare.it,2026-09-20
Panchià,22134,TRENTO,TN,7.09,12.56,30.24,2026-08,immobiliare.it,2026-09-20
Gambugliano,24044,VICENZA,VI,10.17,10.17,10.17,2026-09,realadvisor.it,2026-09-20
Castiglione Tinella,4056,CUNEO,CN,3.7,5.97,23.11,2026-08,immobiliare.it,2026-09-20
Bonassola,11005,LA SPEZIA,SP,6.54,21.75,28.49,2026-08,immobiliare.it,2026-09-20
Motta Camastra,83058,MESSINA,ME,4.01,7.89,19.98,2026-08,immobiliare.it,2026-09-20
Fabbriche di Vergemoli,46036,LUCCA,LU,4.29,6.7,27.33,2026-08,immobiliare.it,2026-09-20
Gressoney-Saint-Jean,7033,VALLE D'AOSTA/VALLÉE D'AOSTE,AO,5.94,35.81,35.85,2026-08,immobiliare.it,2026-09-20
Sarnonico,22170,TRENTO,TN,7.09,8.29,30.24,2026-08,immobiliare.it,2026-09-20
Seulo,111082,SUD SARDEGNA,SU,6.86,13.36,33.22,2026-08,immobiliare.it,2026-09-20
Carisio,2032,VERCELLI,VC,4.29,6.2,14.49,2026-08,immobiliare.it,2026-09-20
Piana Crixia,9048,SAVONA,SV,5.11,9.43,26.1,2026-08,immobiliare.it,2026-09-20
Rumo,22163,TRENTO,TN,7.09,8.25,30.24,2026-08,immobiliare.it,2026-09-20
La Thuile,7041,VALLE D'AOSTA/VALLÉE D'AOSTE,AO,5.94,24.44,35.85,2026-08,immobiliare.it,2026-09-20
Vernazza,11030,LA SPEZIA,SP,6.54,16.98,28.49,2026-08,immobiliare.it,2026-09-20
Forcola,14029,SONDRIO,SO,6.77,9.22,27.69,2026-08,immobiliare.it,2026-09-20
Sorbo San Basile,79134,CATANZARO,CZ,4.31,8.98,25.11,2026-08,immobiliare.it,2026-09-20
Borca di Cadore,25007,BELLUNO,BL,7.87,23.44,30.63,2026-08,immobiliare.it,2026-09-20
Pellizzano,22137,TRENTO,TN,7.09,21.19,30.24,2026-08,immobiliare.it,2026-09-20
Alfiano Natta,6004,ALESSANDRIA,AL,3.59,4.64,7.85,2026-08,immobiliare.it,2026-09-20
Avelengo,21005,BOLZANO/BOZEN,BZ,8.41,15.62,29.38,2026-08,immobiliare.it,2026-09-20
Valgrana,4234,CUNEO,CN,3.7,5.69,23.11,2026-08,immobiliare.it,2026-09-20
Pragelato,1201,TORINO,TO,3.79,10.32,23.85,2026-08,immobiliare.it,2026-09-20
Osini,91069,NUORO,NU,9,11.31,33.22,2026-08,immobiliare.it,2026-09-20
Zovencedo,24121,VICENZA,VI,4.38,11.77,28.76,2026-08,immobiliare.it,2026-09-20
Ventotene,59033,LATINA,LT,3.77,14.5,25.31,2026-08,immobiliare.it,2026-09-20
San Floriano del Collio,31019,GORIZIA,GO,8.09,8.52,12.03,2026-08,immobiliare.it,2026-09-20
Roncola,16185,BERGAMO,BG,4.71,9.67,16.63,2026-08,immobiliare.it,2026-09-20
Craveggia,103024,VERBANO-CUSIO-OSSOLA,VB,4.29,11.24,14.01,2026-08,immobiliare.it,2026-09-20
Monteverdi Marittimo,50021,PISA,PI,6.16,6.92,13.44,2026-08,immobiliare.it,2026-09-20
Bee,103009,VERBANO-CUSIO-OSSOLA,VB,4.29,10.64,14.01,2026-08,immobiliare.it,2026-09-20
Challand-Saint-Anselme,7013,VALLE D'AOSTA/VALLÉE D'AOSTE,AO,5.94,10.55,35.85,2026-08,immobiliare.it,2026-09-20
Frabosa Soprana,4090,CUNEO,CN,3.7,7.95,23.11,2026-08,immobiliare.it,2026-09-20
Furore,65053,SALERNO,SA,4.77,7.58,12.18,2026-08,immobiliare.it,2026-09-20
Camino,6027,ALESSANDRIA,AL,3.59,4.49,7.85,2026-08,immobiliare.it,2026-09-20
Mantello,14039,SONDRIO,SO,6.77,7.83,27.69,2026-08,immobiliare.it,2026-09-20
Giustino,22093,TRENTO,TN,7.09,25.61,30.24,2026-08,immobiliare.it,2026-09-20
Re,103060,VERBANO-CUSIO-OSSOLA,VB,4.29,8,14.01,2026-08,immobiliare.it,2026-09-20
Premeno,103055,VERBANO-CUSIO-OSSOLA,VB,4.29,10.64,14.01,2026-08,immobiliare.it,2026-09-20
Varenna,97084,LECCO,LC,6.48,14.81,18.23,2026-08,immobiliare.it,2026-09-20
Plaus,21064,BOLZANO/BOZEN,BZ,8.41,15.3,29.38,2026-08,immobiliare.it,2026-09-20
Fossa,66044,L'AQUILA,AQ,4.92,7.22,24.57,2026-08,immobiliare.it,2026-09-20
Champdepraz,7017,VALLE D'AOSTA/VALLÉE D'AOSTE,AO,5.94,6.33,35.85,2026-08,immobiliare.it,2026-09-20
Campitello di Fassa,22036,TRENTO,TN,7.09,22.19,30.24,2026-08,immobiliare.it,2026-09-20
Barrea,66010,L'AQUILA,AQ,4.92,8.5,24.57,2026-08,immobiliare.it,2026-09-20
Terragnolo,22193,TRENTO,TN,7.09,9.61,30.24,2026-08,immobiliare.it,2026-09-20
Alagna Valsesia,2002,VERCELLI,VC,4.29,14.49,14.49,2026-08,immobiliare.it,2026-09-20
Sporminore,22181,TRENTO,TN,7.09,11.93,30.24,2026-08,immobiliare.it,2026-09-20
Pietrabbondante,94035,ISERNIA,IS,5.39,6.48,7.81,2026-08,immobiliare.it,2026-09-20
Leni,83037,MESSINA,ME,4.01,6.84,19.98,2026-08,immobiliare.it,2026-09-20
Preci,54043,PERUGIA,PG,3.7,7.84,16.34,2026-08,immobiliare.it,2026-09-20
Castiglione Falletto,4055,CUNEO,CN,3.7,9.16,23.11,2026-08,immobiliare.it,2026-09-20
Soraga di Fassa,22176,TRENTO,TN,7.09,19.79,30.24,2026-08,immobiliare.it,2026-09-20
Riolunato,36035,MODENA,MO,6.04,7.75,12.59,2026-08,immobiliare.it,2026-09-20
Barolo,4013,CUNEO,CN,3.7,11.01,23.11,2026-08,immobiliare.it,2026-09-20
Rivisondoli,66078,L'AQUILA,AQ,4.92,24.57,24.57,2026-08,immobiliare.it,2026-09-20
Conca dei Marini,65044,SALERNO,SA,4.77,8.07,12.18,2026-08,immobiliare.it,2026-09-20
Pognana Lario,13186,COMO,CO,7.49,11.19,21.76,2026-08,immobiliare.it,2026-09-20
Caderzone Terme,22029,TRENTO,TN,7.09,25.61,30.24,2026-08,immobiliare.it,2026-09-20
Cremia,13083,COMO,CO,7.49,11.59,21.76,2026-08,immobiliare.it,2026-09-20
Isolabona,8032,IMPERIA,IM,10.22,11.86,17.66,2026-08,immobiliare.it,2026-09-20
Mattie,1147,TORINO,TO,3.79,5.44,23.85,2026-08,immobiliare.it,2026-09-20
Bondone,22021,TRENTO,TN,7.09,9.69,30.24,2026-08,immobiliare.it,2026-09-20
Teti,91090,NUORO,NU,6.86,13.21,33.22,2026-08,immobiliare.it,2026-09-20
Daiano,22070,TRENTO,TN,7.09,12.33,30.24,2026-08,immobiliare.it,2026-09-20
Cortina sulla strada del vino,21025,BOLZANO/BOZEN,BZ,8.41,11.38,29.38,2026-08,immobiliare.it,2026-09-20
Fiastra,43017,MACERATA,MC,4.55,6.54,11.95,2026-08,immobiliare.it,2026-09-20
Garbagna,6079,ALESSANDRIA,AL,3.59,5.77,7.85,2026-08,immobiliare.it,2026-09-20
Braies,21009,BOLZANO/BOZEN,BZ,8.41,13.4,29.38,2026-08,immobiliare.it,2026-09-20
Argegno,13011,COMO,CO,7.49,14.58,21.76,2026-08,immobiliare.it,2026-09-20
Pieve Tesino,22142,Trento,TN,7.09,9.91,30.24,2026-08,immobiliare.it,2026-09-21
Sormano,13217,Como,CO,7.49,9.17,21.76,2026-08,immobiliare.it,2026-09-21
Introd,7035,Valle d'Aosta/Vallée d'Aoste,AO,5.94,11.81,35.85,2026-08,immobiliare.it,2026-09-21
Framura,11014,La Spezia,SP,6.54,21.75,28.49,2026-08,immobiliare.it,2026-09-21
Faedo,22080,Trento,TN,7.09,12.8,30.24,2026-08,immobiliare.it,2026-09-21
Magomadas,95083,Oristano,OR,8.35,9.51,13.24,2026-08,immobiliare.it,2026-09-21
Siddi,111083,Sud Sardegna,SU,7.04,8.99,9.83,2026-08,immobiliare.it,2026-09-21
Griante,13113,Como,CO,7.49,15.12,21.76,2026-08,immobiliare.it,2026-09-21
Barbaresco,4011,Cuneo,CN,3.7,7.75,23.11,2026-08,immobiliare.it,2026-09-21
Morsasco,6112,Alessandria,AL,3.59,4.59,7.85,2026-08,immobiliare.it,2026-09-21
Apricale,8002,Imperia,IM,10.22,13.29,17.66,2026-08,immobiliare.it,2026-09-21
Chiusaforte,30025,Udine,UD,5.84,7.5,18.84,2026-08,immobiliare.it,2026-09-21
Villetta Barrea,66107,L'Aquila,AQ,4.92,8.39,24.57,2026-08,immobiliare.it,2026-09-21
Pertica Bassa,17140,Brescia,BS,6.27,7.98,20.46,2026-08,immobiliare.it,2026-09-21
Piozzano,33034,Piacenza,PC,5.16,7.37,11.62,2026-08,immobiliare.it,2026-09-21
Vinadio,4248,Cuneo,CN,3.7,5.89,23.11,2026-08,immobiliare.it,2026-09-21
Maissana,11018,La Spezia,SP,6.54,8.6,28.49,2026-08,immobiliare.it,2026-09-21
Lisciano Niccone,54025,Perugia,PG,3.7,7.44,16.34,2026-08,immobiliare.it,2026-09-21
Frisanco,93024,Pordenone,PN,5.19,5.19,11.04,2026-08,immobiliare.it,2026-09-21
Valpelline,7069,Valle d'Aosta/Vallée d'Aoste,AO,5.94,7.69,35.85,2026-08,immobiliare.it,2026-09-21
Civezza,8022,Imperia,IM,10.22,16.96,17.66,2026-08,immobiliare.it,2026-09-21
Gosaldo,25025,Belluno,BL,7.87,10.08,30.63,2026-08,immobiliare.it,2026-09-21
Torre Beretti e Castellaro,18156,Pavia,PV,5.08,5.57,11.58,2026-08,immobiliare.it,2026-09-21
Mazzin,22113,Trento,TN,7.09,19.64,30.24,2026-08,immobiliare.it,2026-09-21
Vizzola Ticino,12140,Varese,VA,7.3,10.65,14.05,2026-08,immobiliare.it,2026-09-21
Costa Valle Imagna,16085,Bergamo,BG,4.71,10.78,16.63,2026-08,immobiliare.it,2026-09-21
Serralunga d'Alba,4218,Cuneo,CN,3.7,8.43,23.11,2026-08,immobiliare.it,2026-09-21
Borgo Pace,41006,Pesaro e Urbino,PU,4.63,6.34,11.1,2026-08,immobiliare.it,2026-09-21
Antey-Saint-André,7002,Valle d'Aosta/Vallée d'Aoste,AO,5.94,12.36,35.85,2026-08,immobiliare.it,2026-09-21
Torgnon,7067,Valle d'Aosta/Vallée d'Aoste,AO,5.94,9.54,35.85,2026-08,immobiliare.it,2026-09-21
Aramengo,5004,Asti,AT,4.03,4.79,7.65,2026-08,immobiliare.it,2026-09-21
Forni Avoltri,30040,Udine,UD,5.84,7.34,18.84,2026-08,immobiliare.it,2026-09-21
Sillavengo,3138,Novara,NO,4.75,10.21,14.5,2026-08,immobiliare.it,2026-09-21
Castello Cabiaglio,12043,Varese,VA,7.3,8.45,14.05,2026-08,immobiliare.it,2026-09-21
Banari,90007,Sassari,SS,7.04,9.93,13.92,2026-08,immobiliare.it,2026-09-21
Pignone,11021,La Spezia,SP,6.54,9.03,28.49,2026-08,immobiliare.it,2026-09-21
Challand-Saint-Victor,7014,Valle d'Aosta/Vallée d'Aoste,AO,5.94,8.24,35.85,2026-08,immobiliare.it,2026-09-21
Brallo di Pregola,18021,Pavia,PV,5.08,6.69,11.58,2026-08,immobiliare.it,2026-09-21
Premia,103056,Verbano-Cusio-Ossola,VB,4.29,7.6,14.01,2026-08,immobiliare.it,2026-09-21
Montemonaco,44044,Ascoli Piceno,AP,4.94,6.64,11.08,2026-08,immobiliare.it,2026-09-21
Cavedago,22052,Trento,TN,7.09,10.9,30.24,2026-08,immobiliare.it,2026-09-21
Predoi,21068,Bolzano/Bozen,BZ,8.41,13.17,29.38,2026-08,immobiliare.it,2026-09-21
Bobbio Pellice,1026,Torino,TO,3.79,4.99,23.85,2026-08,immobiliare.it,2026-09-21
Macugnaga,103039,Verbano-Cusio-Ossola,VB,4.29,9.74,14.01,2026-08,immobiliare.it,2026-09-21
Villalago,66103,L'Aquila,AQ,4.92,8.96,24.57,2026-08,immobiliare.it,2026-09-21
Careggine,46008,Lucca,LU,4.29,6.6,27.33,2026-08,immobiliare.it,2026-09-21
Serralunga di Crea,6159,Alessandria,AL,3.59,4.2,7.85,2026-08,immobiliare.it,2026-09-21
Monno,17110,Brescia,BS,6.27,8.27,20.46,2026-08,immobiliare.it,2026-09-21
Vidracco,1298,Torino,TO,3.79,6.34,23.85,2026-08,immobiliare.it,2026-09-21
Tiglieto,10061,Genova,GE,5.07,7.78,32.58,2026-08,immobiliare.it,2026-09-21
Tonezza del Cimone,24106,Vicenza,VI,4.38,18.39,28.76,2026-08,immobiliare.it,2026-09-21
Filettino,60034,Frosinone,FR,3.97,6.46,9.37,2026-08,immobiliare.it,2026-09-21
Madesimo,14035,Sondrio,SO,6.77,27.1,27.69,2026-08,immobiliare.it,2026-09-21
Sinio,4220,Cuneo,CN,3.7,7.96,23.11,2026-08,immobiliare.it,2026-09-21
Fenestrelle,1103,Torino,TO,3.79,5.44,23.85,2026-08,immobiliare.it,2026-09-21
Belforte Monferrato,6014,Alessandria,AL,3.59,4.01,7.85,2026-08,immobiliare.it,2026-09-21
Selva di Cadore,25054,Belluno,BL,7.87,23.44,30.63,2026-08,immobiliare.it,2026-09-21
Montenars,30061,Udine,UD,5.84,7.62,18.84,2026-08,immobiliare.it,2026-09-21
Cabella Ligure,6025,Alessandria,AL,3.59,5.4,7.85,2026-08,immobiliare.it,2026-09-21
Belgirate,103010,Verbano-Cusio-Ossola,VB,4.29,11.48,14.01,2026-08,immobiliare.it,2026-09-21
Ravascletto,30088,Udine,UD,5.84,7.15,18.84,2026-08,immobiliare.it,2026-09-21
Etroubles,7026,Valle d'Aosta/Vallée d'Aoste,AO,5.94,11.62,35.85,2026-08,immobiliare.it,2026-09-21
Roburent,4186,Cuneo,CN,9.1,9.1,9.1,2026-08,immobiliare.it,2026-09-21
Moggio,97050,Lecco,LC,6.48,8.58,18.23,2026-08,immobiliare.it,2026-09-21
Carrodano,11010,La Spezia,SP,6.54,9.05,28.49,2026-08,immobiliare.it,2026-09-21
Anfo,17005,Brescia,BS,6.27,8.26,20.46,2026-08,immobiliare.it,2026-09-21
Rocca di Cambio,66081,L'Aquila,AQ,4.92,6.41,24.57,2026-08,immobiliare.it,2026-09-21
Montelupo Albese,4137,Cuneo,CN,3.7,7.65,23.11,2026-08,immobiliare.it,2026-09-21
Benevello,4020,Cuneo,CN,3.7,7.65,23.11,2026-08,immobiliare.it,2026-09-21
Comeglians,30029,Udine,UD,5.84,6.99,18.84,2026-08,immobiliare.it,2026-09-21
Prelà,8047,Imperia,IM,10.22,10.61,17.66,2026-08,immobiliare.it,2026-09-21
Santa Margherita di Staffora,18142,Pavia,PV,5.08,6.7,11.58,2026-08,immobiliare.it,2026-09-21
Isole Tremiti,71026,Foggia,FG,5.09,7.15,10.55,2026-08,immobiliare.it,2026-09-21
Villa Faraldi,8067,Imperia,IM,10.22,17.66,17.66,2026-08,immobiliare.it,2026-09-21
Zenevredo,18187,Pavia,PV,5.08,6.89,11.58,2026-08,immobiliare.it,2026-09-21
Sassetta,49019,Livorno,LI,8.28,12.8,33.59,2026-08,immobiliare.it,2026-09-21
Penango,5083,Asti,AT,4.03,4.37,7.65,2026-08,immobiliare.it,2026-09-21
Scheggino,54047,Perugia,PG,3.7,6.6,16.34,2026-08,immobiliare.it,2026-09-21
Gaby,7029,Valle d'Aosta/Vallée d'Aoste,AO,5.94,35.75,35.85,2026-08,immobiliare.it,2026-09-21
Malosco,22111,Trento,TN,7.09,8.39,30.24,2026-08,immobiliare.it,2026-09-21
Formazza,103031,Verbano-Cusio-Ossola,VB,4.29,10.62,14.01,2026-08,immobiliare.it,2026-09-21
Bieno,22015,Trento,TN,7.09,9.99,30.24,2026-08,immobiliare.it,2026-09-21
Roncobello,16184,Bergamo,BG,4.71,7.12,16.63,2026-08,immobiliare.it,2026-09-21
Ronzone,22159,Trento,TN,7.09,8.51,30.24,2026-08,immobiliare.it,2026-09-21
Monte Vidon Combatte,109025,Fermo,FM,5.11,6.69,10.04,2026-08,immobiliare.it,2026-09-21
Odalengo Grande,6116,Alessandria,AL,3.59,4.63,7.85,2026-08,immobiliare.it,2026-09-21
Trarego Viggiona,103066,Verbano-Cusio-Ossola,VB,4.29,14.01,14.01,2026-08,immobiliare.it,2026-09-21
Ruffrè-Mendola,22162,Trento,TN,7.09,8.57,30.24,2026-08,immobiliare.it,2026-09-21
Capraia Isola,49005,Livorno,LI,8.28,14.17,33.59,2026-08,immobiliare.it,2026-09-21
Montefalcone Appennino,109014,Fermo,FM,5.11,6.67,10.04,2026-08,immobiliare.it,2026-09-21
Opi,66061,L'Aquila,AQ,4.92,8.26,24.57,2026-08,immobiliare.it,2026-09-21
Champorcher,7018,Valle d'Aosta/Vallée d'Aoste,AO,5.94,18.97,35.85,2026-08,immobiliare.it,2026-09-21
Anterivo,21003,Bolzano/Bozen,BZ,8.41,11.37,29.38,2026-08,immobiliare.it,2026-09-21
Bocenago,22018,Trento,TN,7.09,21.96,30.24,2026-08,immobiliare.it,2026-09-21
Sauris,30107,Udine,UD,5.84,6.94,18.84,2026-08,immobiliare.it,2026-09-21
Caines,21014,Bolzano/Bozen,BZ,8.41,15.04,29.38,2026-08,immobiliare.it,2026-09-21
Magnano,96030,Biella,BI,3.86,5.73,7.65,2026-08,immobiliare.it,2026-09-21
Airole,8001,Imperia,IM,10.22,11.87,17.66,2026-08,immobiliare.it,2026-09-21
Cessole,5037,Asti,AT,4.03,4.89,7.65,2026-08,immobiliare.it,2026-09-21
Portofino,10044,Genova,GE,5.07,32.58,32.58,2026-08,immobiliare.it,2026-09-21
Piazzatorre,16165,Bergamo,BG,4.71,7.76,16.63,2026-08,immobiliare.it,2026-09-21
Borgomale,4024,Cuneo,CN,3.7,7.57,23.11,2026-08,immobiliare.it,2026-09-21
Cibiana di Cadore,25013,Belluno,BL,7.87,10.75,30.63,2026-08,immobiliare.it,2026-09-21
Erto e Casso,93019,Pordenone,PN,5.19,8.77,11.04,2026-08,immobiliare.it,2026-09-21
Sfruz,22173,Trento,TN,7.09,7.96,30.24,2026-08,immobiliare.it,2026-09-21
Neviglie,4149,Cuneo,CN,3.7,7.24,23.11,2026-08,immobiliare.it,2026-09-21
Spineto Scrivia,6166,Alessandria,AL,3.59,5.77,7.85,2026-08,immobiliare.it,2026-09-21
Scopello,2135,Vercelli,VC,4.29,8.29,14.49,2026-08,immobiliare.it,2026-09-21
Tramonti di Sotto,93046,Pordenone,PN,5.19,6.51,11.04,2026-08,immobiliare.it,2026-09-21
Fortunago,18064,Pavia,PV,5.08,6.95,11.58,2026-08,immobiliare.it,2026-09-21
Colle Santa Lucia,25014,Belluno,BL,7.87,18.7,30.63,2026-08,immobiliare.it,2026-09-21
Menconico,18089,Pavia,PV,5.08,6.71,11.58,2026-08,immobiliare.it,2026-09-21
Vallo di Nera,54058,Perugia,PG,3.7,6.6,16.34,2026-08,immobiliare.it,2026-09-21
Smerillo,109039,Fermo,FM,5.11,6.66,10.04,2026-08,immobiliare.it,2026-09-21
Frassilongo,22090,Trento,TN,7.09,9.76,30.24,2026-08,immobiliare.it,2026-09-21
Bajardo,8007,Imperia,IM,10.22,13.29,17.66,2026-08,immobiliare.it,2026-09-21
Dolegna del Collio,31004,Gorizia,GO,8.09,8.1,12.03,2026-08,immobiliare.it,2026-09-21
Cinzano,1085,Torino,TO,3.79,5.71,23.85,2026-08,immobiliare.it,2026-09-21
Borrello,69007,Chieti,CH,4.58,8.02,9.09,2026-08,immobiliare.it,2026-09-21
Brienno,13030,Como,CO,7.49,15.47,21.76,2026-08,immobiliare.it,2026-09-21
Grimacco,30045,Udine,UD,5.84,8.27,18.84,2026-08,immobiliare.it,2026-09-21
Castelbianco,9020,Savona,SV,5.11,11.49,26.1,2026-08,immobiliare.it,2026-09-21
Saint-Rhémy-en-Bosses,7064,Valle d'Aosta/Vallée d'Aoste,AO,5.94,19.35,35.85,2026-08,immobiliare.it,2026-09-21
Fraconalto,6069,Alessandria,AL,3.59,5.34,7.85,2026-08,immobiliare.it,2026-09-21
Saint-Nicolas,7061,Valle d'Aosta/Vallée d'Aoste,AO,5.94,7.6,35.85,2026-08,immobiliare.it,2026-09-21
Dorio,97032,Lecco,LC,6.48,9.95,18.23,2026-08,immobiliare.it,2026-09-21
Anversa degli Abruzzi,66004,L'Aquila,AQ,8.9,10.08,29.13,2026-08,wikicasa.it,2026-09-21
Carona,16056,Bergamo,BG,3.71,9.51,24.99,2026-08,wikicasa.it,2026-09-21
Montemarzino,6108,Alessandria,AL,2.11,5.7,16.1,2026-08,wikicasa.it,2026-09-21
Gressoney-La-Trinité,7032,Valle d'Aosta/Vallée d'Aoste,AO,5.69,13,36.47,2026-08,wikicasa.it,2026-09-21
Serramezzana,65139,Salerno,SA,2.16,6.12,12.68,2026-08,wikicasa.it,2026-09-21
Seborga,8057,Imperia,IM,7.27,12.75,30.59,2026-08,wikicasa.it,2026-09-21
Rocchetta Nervina,8051,Imperia,IM,6.63,12.74,30.49,2026-08,wikicasa.it,2026-09-21
Albaredo per San Marco,14001,Sondrio,SO,8.02,8.79,17.83,2026-08,wikicasa.it,2026-09-21
Resiutta,30093,Udine,UD,2.63,7.2,18.84,2026-08,wikicasa.it,2026-09-21
Frontino,41017,Pesaro e Urbino,PU,2.65,5.95,15.81,2026-08,wikicasa.it,2026-09-21
Blessagno,13025,Como,CO,3.19,8.69,21.01,2026-08,wikicasa.it,2026-09-21
Castel Vittorio,8015,Imperia,IM,4.55,12.13,26.2,2026-08,wikicasa.it,2026-09-21
Civitella Alfedena,66035,L'Aquila,AQ,2.7,6.52,14.9,2026-08,wikicasa.it,2026-09-21
Ferrara di Monte Baldo,23034,Verona,VR,3.85,11.05,12.61,2026-08,wikicasa.it,2026-09-21
Castel di Tora,57013,Rieti,RI,2.52,7.24,20.04,2026-08,wikicasa.it,2026-09-21
Cavatore,6055,Alessandria,AL,2,5.69,12.91,2026-08,wikicasa.it,2026-09-21
Valtorta,16229,Bergamo,BG,2.72,7.52,19.09,2026-08,wikicasa.it,2026-09-21
Sant'Eufemia a Maiella,68037,Pescara,PE,2.89,6.24,15.73,2026-08,wikicasa.it,2026-09-21
Mombarcaro,4124,Cuneo,CN,3.37,6.71,16.01,2026-08,wikicasa.it,2026-09-21
Luserna,22109,Trento,TN,3.7,9.62,20.49,2026-08,wikicasa.it,2026-09-21
Crandola Valsassina,97027,Lecco,LC,4.16,9.9,22.39,2026-08,wikicasa.it,2026-09-21
Quarna Sopra,103058,Verbano-Cusio-Ossola,VB,2.23,6.52,17.98,2026-08,wikicasa.it,2026-09-21
Exilles,1100,Torino,TO,2.28,5.51,14.15,2026-08,wikicasa.it,2026-09-21
Cravagliana,2048,Vercelli,VC,2.47,7.14,15.57,2026-08,wikicasa.it,2026-09-21
Andreis,93001,Pordenone,PN,3.54,7.71,20.15,2026-08,wikicasa.it,2026-09-21
Pietracamela,67034,Teramo,TE,2.15,6.23,13.71,2026-08,wikicasa.it,2026-09-21
Sauze di Cesana,1258,Torino,TO,5.38,17.04,35.74,2026-08,wikicasa.it,2026-09-21
Barcis,93006,Pordenone,PN,3.37,7.54,18.18,2026-08,wikicasa.it,2026-09-21
Prali,1202,Torino,TO,4.54,12.68,38.88,2026-08,wikicasa.it,2026-09-21
Cusio,16090,Bergamo,BG,3.21,7.98,18.83,2026-08,wikicasa.it,2026-09-21
Campertogno,2025,Vercelli,VC,6.6,10.4,26.64,2026-08,wikicasa.it,2026-09-21
Cecima,18042,Pavia,PV,3.17,7.79,18.36,2026-08,wikicasa.it,2026-09-21
Polino,55027,Terni,TR,1.96,5.43,11.99,2026-08,wikicasa.it,2026-09-21
Bionaz,7010,Valle d'Aosta/Vallée d'Aoste,AO,4.89,12.75,30.55,2026-08,wikicasa.it,2026-09-21
Albaretto della Torre,4004,Cuneo,CN,2.58,7.56,18.86,2026-08,wikicasa.it,2026-09-21
Rosello,69078,Chieti,CH,2.37,6.43,17.25,2026-08,wikicasa.it,2026-09-21
Tronzano Lago Maggiore,12129,Varese,VA,1.89,8.25,9.07,2026-08,wikicasa.it,2026-09-21
Zoppè di Cadore,25069,Belluno,BL,10.11,11.37,17.51,2026-08,wikicasa.it,2026-09-21
Claviere,1087,Torino,TO,7.86,16.68,43.71,2026-08,wikicasa.it,2026-09-21
Fuipiano Valle Imagna,16106,Bergamo,BG,3.6,7.71,19.62,2026-08,wikicasa.it,2026-09-21
Bisegna,66011,L'Aquila,AQ,12.34,13.61,37.3,2026-08,wikicasa.it,2026-09-21
Oyace,7047,Valle d'Aosta/Vallée d'Aoste,AO,2.07,8.4,8.95,2026-08,wikicasa.it,2026-09-21
Semiana,18148,Pavia,PV,2.58,5.82,15.12,2026-08,wikicasa.it,2026-09-21
Usseglio,1282,Torino,TO,2.01,4.86,13.95,2026-08,wikicasa.it,2026-09-21
Mombaldone,5064,Asti,AT,2.61,6.02,15.12,2026-08,wikicasa.it,2026-09-21
Groscavallo,1118,Torino,TO,1.86,4.82,10.47,2026-08,wikicasa.it,2026-09-21
Tartano,14064,Sondrio,SO,4.35,7.93,21.97,2026-08,wikicasa.it,2026-09-21
Saint-Oyen,7062,Valle d'Aosta/Vallée d'Aoste,AO,5.46,11.85,25.32,2026-08,wikicasa.it,2026-09-21
Lastebasse,24050,Vicenza,VI,1.96,7.36,21.02,2026-08,wikicasa.it,2026-09-21
Valgrisenche,7068,Valle d'Aosta/Vallée d'Aoste,AO,7.31,16.02,37.54,2026-08,wikicasa.it,2026-09-21
Bognanco,103012,Verbano-Cusio-Ossola,VB,2.67,8.32,19.36,2026-08,wikicasa.it,2026-09-21
Usseaux,1281,Torino,TO,1.94,5.37,13.79,2026-08,wikicasa.it,2026-09-21
Foppolo,16103,Bergamo,BG,3.78,9.92,25.51,2026-08,wikicasa.it,2026-09-21
Sagron Mis,22164,Trento,TN,9.57,22.55,59.89,2026-08,wikicasa.it,2026-09-21
Sennariolo,95055,Oristano,OR,3.41,8.58,23.33,2026-08,wikicasa.it,2026-09-21
Isola di Fondra,16121,Bergamo,BG,2.29,6.24,16.62,2026-08,wikicasa.it,2026-09-21
Vignola-Falesina,22216,Trento,TN,3.44,9.22,19.48,2026-08,wikicasa.it,2026-09-21
Sale San Giovanni,4200,Cuneo,CN,6.25,6.68,17.41,2026-08,wikicasa.it,2026-09-21
Rhêmes-Saint-Georges,7056,Valle d'Aosta/Vallée d'Aoste,AO,5.91,13.14,34.89,2026-08,wikicasa.it,2026-09-21
Gerola Alta,14031,Sondrio,SO,3.73,9.09,22.67,2026-08,wikicasa.it,2026-09-21
Prazzo,4174,Cuneo,CN,1.69,4.9,11.75,2026-08,wikicasa.it,2026-09-21
Valsavarenche,7070,Valle d'Aosta/Vallée d'Aoste,AO,4.99,12.7,34.07,2026-08,wikicasa.it,2026-09-21
Ceresole Reale,1073,Torino,TO,2.24,6.07,14.59,2026-08,wikicasa.it,2026-09-21
Palù del Fersina,22133,Trento,TN,3.04,8.73,22.96,2026-08,wikicasa.it,2026-09-21
Crissolo,4077,Cuneo,CN,3,6.73,17.67,2026-08,wikicasa.it,2026-09-21
Pontechianale,4172,Cuneo,CN,1.91,4.94,12.53,2026-08,wikicasa.it,2026-09-21
Ollomont,7046,Valle d'Aosta/Vallée d'Aoste,AO,4.3,11.85,27.68,2026-08,wikicasa.it,2026-09-21
Sueglio,97077,Lecco,LC,3.18,9.93,18.07,2026-08,wikicasa.it,2026-09-21
Mezzoldo,16134,Bergamo,BG,4.18,7.91,16.68,2026-08,wikicasa.it,2026-09-21
Acceglio,4001,Cuneo,CN,1.56,4.83,11.52,2026-08,wikicasa.it,2026-09-21
Casteldelfino,4047,Cuneo,CN,2.22,5,10.15,2026-08,wikicasa.it,2026-09-21
Alto Sermenza,2170,Vercelli,VC,2.33,9.41,26.3,2026-08,wikicasa.it,2026-09-21
Castelletto Molina,5027,Asti,AT,2.37,5.77,11.84,2026-08,wikicasa.it,2026-09-21
Mongiardino Ligure,6100,Alessandria,AL,2.17,5.49,13.03,2026-08,wikicasa.it,2026-09-21
Aquila d'Arroscia,8003,Imperia,IM,6.07,14.51,33.22,2026-08,wikicasa.it,2026-09-21
Castelvecchio di Rocca Barbena,9021,Savona,SV,6.09,13.47,42.16,2026-08,wikicasa.it,2026-09-21
Calascio,66014,L'Aquila,AQ,4.36,8.95,20.13,2026-08,wikicasa.it,2026-09-21
Rimella,2113,Vercelli,VC,2.83,7.5,12.67,2026-08,wikicasa.it,2026-09-21
Valleve,16226,Bergamo,BG,3.01,7.75,20.65,2026-08,wikicasa.it,2026-09-21
Montegrosso Pian Latte,8037,Imperia,IM,4.75,10.62,30.37,2026-08,wikicasa.it,2026-09-21
Bema,14006,Sondrio,SO,3.45,9.41,23.82,2026-08,wikicasa.it,2026-09-21
Cerignale,33015,Piacenza,PC,2.45,6.42,15.03,2026-08,wikicasa.it,2026-09-21
Bard,7009,Valle d'Aosta/Vallée d'Aoste,AO,4.8,9.53,23.41,2026-08,wikicasa.it,2026-09-21
Noasca,1165,Torino,TO,4.69,5.17,16.24,2026-08,wikicasa.it,2026-09-21
Santo Stefano di Sessanio,66091,L'Aquila,AQ,2.71,6.46,18.86,2026-08,wikicasa.it,2026-09-21
Olivola,6118,Alessandria,AL,1.56,4.67,10.76,2026-08,wikicasa.it,2026-09-21
Balme,1019,Torino,TO,2.14,4.82,13.35,2026-08,wikicasa.it,2026-09-21
Calvignano,18025,Pavia,PV,3.08,6.94,13.4,2026-08,wikicasa.it,2026-09-21
Valloriate,4235,Cuneo,CN,1.86,5.37,13.73,2026-08,wikicasa.it,2026-09-21
La Magdeleine,7039,Valle d'Aosta/Vallée d'Aoste,AO,3.72,8.66,20.95,2026-08,wikicasa.it,2026-09-21
Bellino,4017,Cuneo,CN,1.7,5.09,15.2,2026-08,wikicasa.it,2026-09-21
Stroppo,4224,Cuneo,CN,2.1,5.01,11.48,2026-08,wikicasa.it,2026-09-21
Aurano,103005,Verbano-Cusio-Ossola,VB,3.14,6.64,13.42,2026-08,wikicasa.it,2026-09-21
Valprato Soana,1288,Torino,TO,3.3,5.4,12.32,2026-08,wikicasa.it,2026-09-21
Chamois,7016,Valle d'Aosta/Vallée d'Aoste,AO,4.37,11.36,29.57,2026-08,wikicasa.it,2026-09-21
Elva,4083,Cuneo,CN,1.55,4.91,12.98,2026-08,wikicasa.it,2026-09-21
Rosazza,96055,Biella,BI,1.63,4.98,14.62,2026-08,wikicasa.it,2026-09-21
Castellania,6045,Alessandria,AL,2.46,5.87,13.12,2026-08,wikicasa.it,2026-09-21
Collobiano,2045,Vercelli,VC,2.15,5.75,16.69,2026-08,wikicasa.it,2026-09-21
Sambuco,4204,Cuneo,CN,1.8,5.57,13.5,2026-08,wikicasa.it,2026-09-21
Cissone,4070,Cuneo,CN,3.7,3.84,23.11,2026-08,immobiliare.it,2026-09-22
Ostana,4156,Cuneo,CN,3.7,4.98,23.11,2026-08,immobiliare.it,2026-09-22
Canosio,4038,Cuneo,CN,3.7,5.42,23.11,2026-08,immobiliare.it,2026-09-22
Rhêmes-Notre-Dame,7055,Valle d'Aosta/Vallée d'Aoste,AO,5.94,16.14,35.85,2026-08,immobiliare.it,2026-09-22
Argentera,4006,Cuneo,CN,3.7,5.84,23.11,2026-08,immobiliare.it,2026-09-22
Carcoforo,2029,Vercelli,VC,4.29,5.65,14.49,2026-08,immobiliare.it,2026-09-22
Olmo Gentile,5081,Asti,AT,4.03,4.89,7.65,2026-08,immobiliare.it,2026-09-22
Pietraporzio,4167,Cuneo,CN,3.7,5.83,23.11,2026-08,immobiliare.it,2026-09-22
Zerba,33047,Piacenza,PC,5.16,6.8,11.62,2026-08,immobiliare.it,2026-09-22
Igliano,4102,Cuneo,CN,3.7,4.73,23.11,2026-08,immobiliare.it,2026-09-22
Fascia,10022,Genova,GE,5.07,6.1,32.58,2026-08,immobiliare.it,2026-09-22
Rassa,2110,Vercelli,VC,4.29,14.48,14.49,2026-08,immobiliare.it,2026-09-22
Rondanina,10050,Genova,GE,5.07,5.93,32.58,2026-08,immobiliare.it,2026-09-22
Marmora,4119,Cuneo,CN,3.7,5.6,23.11,2026-08,immobiliare.it,2026-09-22
Castelmagno,4053,Cuneo,CN,3.7,5.62,23.11,2026-08,immobiliare.it,2026-09-22
Bergolo,4021,Cuneo,CN,3.7,6.26,23.11,2026-08,immobiliare.it,2026-09-22
Macra,4112,Cuneo,CN,3.7,5.38,23.11,2026-08,immobiliare.it,2026-09-22
Massello,1145,Torino,TO,3.79,5.69,23.85,2026-08,immobiliare.it,2026-09-22
Briga Alta,4031,Cuneo,CN,3.7,19.13,23.11,2026-08,immobiliare.it,2026-09-22
Moncenisio,1157,Torino,TO,3.79,5.54,23.85,2026-08,immobiliare.it,2026-09-22
Giugliano in Campania,63034,Napoli,NA,6.03,8.86,10.77,2026-08,immobiliare.it,2026-09-22
Cesena,40007,Forlì-Cesena,FC,8.08,10.94,11.6,2026-08,immobiliare.it,2026-09-22
Busto Arsizio,12026,Varese,VA,9.24,11.44,12.02,2026-08,immobiliare.it,2026-09-22
Marsala,81011,Trapani,TP,6.16,6.59,8.2,2026-08,immobiliare.it,2026-09-22
Casoria,63023,Napoli,NA,4.24,7.87,37.68,2026-08,immobiliare.it,2026-09-22
Carpi,36005,Modena,MO,7.04,10.47,10.94,2026-08,immobiliare.it,2026-09-22
Quartu Sant'Elena,92051,Cagliari,CA,9.87,11.75,12.35,2026-08,immobiliare.it,2026-09-22
Imola,37032,Bologna,BO,7.26,10.6,11.15,2026-08,immobiliare.it,2026-09-22
Pomezia,58079,Roma,RM,8.21,12.27,19.39,2026-08,immobiliare.it,2026-09-22
Vigevano,18177,Pavia,PV,8.4,9.95,10.74,2026-08,immobiliare.it,2026-09-22
Carrara,45003,Massa-Carrara,MS,9.36,12.18,13.81,2026-08,immobiliare.it,2026-09-22
Faenza,39010,Ravenna,RA,6.14,9.25,23.41,2026-08,immobiliare.it,2026-09-22
Moncalieri,1156,Torino,TO,7.5,9.51,10.36,2026-08,immobiliare.it,2026-09-22
Foligno,54018,Perugia,PG,5.77,7.39,9.83,2026-08,immobiliare.it,2026-09-22
Tivoli,58104,Roma,RM,6.49,9.68,11.36,2026-08,immobiliare.it,2026-09-22
Bisceglie,110003,Barletta-Andria-Trani,BT,7.37,8.66,10.1,2026-08,immobiliare.it,2026-09-22
Modica,88006,Ragusa,RG,8.02,8.02,8.02,2026-08,immobiliare.it,2026-09-22
Portici,63059,Napoli,NA,4.24,11.02,37.68,2026-08,immobiliare.it,2026-09-22
Gallarate,12070,Varese,VA,10.44,11.19,12,2026-08,immobiliare.it,2026-09-22
Cava de' Tirreni,65037,Salerno,SA,4.77,8.92,12.18,2026-08,immobiliare.it,2026-09-22
Civitavecchia,58032,Roma,RM,8.38,8.89,9.63,2026-08,immobiliare.it,2026-09-22
Aversa,61005,Caserta,CE,3.13,7.8,8.97,2026-08,immobiliare.it,2026-09-22
Ercolano,63064,Napoli,NA,3,9.67,27.08,2026-09,realadvisor.it,2026-09-22
Acireale,87004,Catania,CT,2.67,7.92,17.58,2026-09,realadvisor.it,2026-09-22
Mazara del Vallo,81012,Trapani,TP,2.5,7.08,15.75,2026-09,realadvisor.it,2026-09-22
Battipaglia,65014,Salerno,SA,2.42,8.17,21.5,2026-09,realadvisor.it,2026-09-22
Rho,15182,Milano,MI,4.33,14.83,44,2026-09,realadvisor.it,2026-09-22
Collegno,1090,Torino,TO,2.92,8.92,23,2026-09,realadvisor.it,2026-09-22
Casalnuovo di Napoli,63017,Napoli,NA,2.67,8.42,23.58,2026-09,realadvisor.it,2026-09-22
Empoli,48014,Firenze,FI,4.25,12.17,25.83,2026-09,realadvisor.it,2026-09-22
Rivoli,1219,Torino,TO,3.08,9.33,24.17,2026-09,realadvisor.it,2026-09-22
Martina Franca,73013,Taranto,TA,2.67,7.67,18.25,2026-09,realadvisor.it,2026-09-22
Paderno Dugnano,15166,Milano,MI,3.75,12.75,37.75,2026-09,realadvisor.it,2026-09-22
Lissone,108028,Monza e Brianza,MB,4.5,12.58,32.17,2026-09,realadvisor.it,2026-09-22
Marino,58057,Roma,RM,3.67,11.42,31.17,2026-09,realadvisor.it,2026-09-22
Civitanova Marche,43013,Macerata,MC,3.83,11.42,28.33,2026-09,realadvisor.it,2026-09-22
Torre Annunziata,63083,Napoli,NA,3.08,9.83,27.5,2026-09,realadvisor.it,2026-09-22
Desio,108023,Monza e Brianza,MB,4,11.17,28.5,2026-09,realadvisor.it,2026-09-22
San Donà di Piave,27033,Venezia,VE,4.5,11.42,28.75,2026-09,realadvisor.it,2026-09-22
Ladispoli,58116,Roma,RM,5.92,18.5,50.58,2026-09,realadvisor.it,2026-09-22
Vasto,69099,Chieti,CH,3.42,9.42,19.92,2026-09,realadvisor.it,2026-09-22
Monterotondo,58065,Roma,RM,3.67,11.33,31.08,2026-09,realadvisor.it,2026-09-22
Sassuolo,36040,Modena,MO,4,11.08,23.83,2026-09,realadvisor.it,2026-09-22
Cantù,13041,Como,CO,3.67,11.25,29.5,2026-09,realadvisor.it,2026-09-22
Marcianise,61049,Caserta,CE,2.33,7,16.75,2026-09,realadvisor.it,2026-09-22
Città di Castello,54013,Perugia,PG,2.92,8,18.83,2026-09,realadvisor.it,2026-09-22
Voghera,18182,Pavia,PV,2.58,7.58,21,2026-09,realadvisor.it,2026-09-22
Schio,24100,Vicenza,VI,3.08,9.33,23.08,2026-09,realadvisor.it,2026-09-22
Ciampino,58118,Roma,RM,4,12.58,34.42,2026-09,realadvisor.it,2026-09-22
San Giuliano Milanese,15195,Milano,MI,3.83,13.08,38.67,2026-09,realadvisor.it,2026-09-22
Mira,27023,Venezia,VE,4.42,11.42,28.58,2026-09,realadvisor.it,2026-09-22
Formia,59008,Latina,LT,3.25,9.67,21.08,2026-09,realadvisor.it,2026-09-22
Cassino,60019,Frosinone,FR,2.25,6.83,18.25,2026-09,realadvisor.it,2026-09-22
Bollate,15027,Milano,MI,3.5,12.17,36,2026-09,realadvisor.it,2026-09-22
Conegliano,26021,Treviso,TV,3,9.17,25.08,2026-09,realadvisor.it,2026-09-22
Mugnano di Napoli,63048,Napoli,NA,2.42,7.67,21.58,2026-09,realadvisor.it,2026-09-22
Brugherio,108012,Monza e Brianza,MB,4.5,12.58,32,2026-09,realadvisor.it,2026-09-22
Limbiate,108027,Monza e Brianza,MB,3.92,11,28.08,2026-09,realadvisor.it,2026-09-22
Corsico,15093,Milano,MI,3.92,13.42,39.75,2026-09,realadvisor.it,2026-09-22
Cernusco sul Naviglio,15070,Milano,MI,3.92,13.58,40.08,2026-09,realadvisor.it,2026-09-22
Nola,63050,Napoli,NA,2.42,7.67,21.42,2026-09,realadvisor.it,2026-09-22
Formigine,36015,Modena,MO,4.17,11.67,25,2026-09,realadvisor.it,2026-09-22
Crema,19035,Cremona,CR,3.58,10.5,25.58,2026-09,realadvisor.it,2026-09-22
Arzano,63005,Napoli,NA,2.5,8.17,22.83,2026-09,realadvisor.it,2026-09-22
Casale Monferrato,6039,Alessandria,AL,2.58,7.25,18.08,2026-09,realadvisor.it,2026-09-22
Termoli,70078,Campobasso,CB,3,9.58,23.17,2026-09,realadvisor.it,2026-09-22
Castelfranco Veneto,26012,Treviso,TV,3.75,11.42,31.25,2026-09,realadvisor.it,2026-09-22
Abbiategrasso,15002,Milano,MI,3.25,11.25,33.25,2026-09,realadvisor.it,2026-09-22
Lugo,39012,Ravenna,RA,4,10.67,24.58,2026-09,realadvisor.it,2026-09-22
Alba,4003,Cuneo,CN,2.92,9.83,25.75,2026-09,realadvisor.it,2026-09-22
Nardò,75052,Lecce,LE,3.92,10.58,27,2026-09,realadvisor.it,2026-09-22
Milazzo,83049,Messina,ME,3,8.33,20.17,2026-09,realadvisor.it,2026-09-22
Treviglio,16219,Bergamo,BG,3.42,10.67,29.5,2026-09,realadvisor.it,2026-09-22
Marigliano,63043,Napoli,NA,2.75,8.83,24.83,2026-09,realadvisor.it,2026-09-22
Aci Catena,87003,Catania,CT,2.42,7.17,15.92,2026-09,realadvisor.it,2026-09-22
Poggibonsi,52022,Siena,SI,3.58,9.92,22.42,2026-09,realadvisor.it,2026-09-22
Monfalcone,31012,Gorizia,GO,5.33,11.58,25.58,2026-09,realadvisor.it,2026-09-22
Novi Ligure,6114,Alessandria,AL,2.17,6.25,15.67,2026-09,realadvisor.it,2026-09-22
Parabiago,15168,Milano,MI,3.25,11.33,33.42,2026-09,realadvisor.it,2026-09-22
Erice,81008,Trapani,TP,2.25,6.25,13.92,2026-09,realadvisor.it,2026-09-22
Garbagnate Milanese,15105,Milano,MI,3.75,12.83,37.83,2026-09,realadvisor.it,2026-09-22
Mirano,27024,Venezia,VE,4.92,12.58,31.67,2026-09,realadvisor.it,2026-09-22
Fidenza,34014,Parma,PR,3.25,8.25,18.83,2026-09,realadvisor.it,2026-09-22
Scicli,88011,Ragusa,RG,3.75,10.33,26.42,2026-09,realadvisor.it,2026-09-22
Noicattaro,72032,Bari,BA,3,9.83,21.17,2026-09,realadvisor.it,2026-09-22
Bacoli,63006,Napoli,NA,3.42,10.92,30.5,2026-09,realadvisor.it,2026-09-22
Conversano,72019,Bari,BA,4.92,16,34.33,2026-09,realadvisor.it,2026-09-22
Vimercate,108050,Monza e Brianza,MB,4.25,11.92,30.42,2026-09,realadvisor.it,2026-09-22
Giussano,108024,Monza e Brianza,MB,3.75,10.5,26.92,2026-09,realadvisor.it,2026-09-22
Lainate,15116,Milano,MI,3.25,11.25,33.33,2026-09,realadvisor.it,2026-09-22
Falconara Marittima,42018,Ancona,AN,3.08,8.5,20.58,2026-09,realadvisor.it,2026-09-22
Montichiari,17113,Brescia,BS,3.17,10.67,30.25,2026-09,realadvisor.it,2026-09-22
Francavilla al Mare,69035,Chieti,CH,4.33,12.08,25.67,2026-09,realadvisor.it,2026-09-22
Qualiano,63062,Napoli,NA,2.67,8.67,24.25,2026-09,realadvisor.it,2026-09-22
San Giovanni Lupatoto,23071,Verona,VR,3.33,10.33,25.42,2026-09,realadvisor.it,2026-09-22
Legnago,23044,Verona,VR,2.92,9.08,22.42,2026-09,realadvisor.it,2026-09-22
Portogruaro,27029,Venezia,VE,3.58,9.08,22.92,2026-09,realadvisor.it,2026-09-22
Volla,63089,Napoli,NA,3,9.67,27,2026-09,realadvisor.it,2026-09-22
Cesano Boscone,15074,Milano,MI,2.58,9,26.5,2026-09,realadvisor.it,2026-09-22
Sulmona,66098,L'Aquila,AQ,2,6.08,14.92,2026-09,realadvisor.it,2026-09-22
Dalmine,16091,Bergamo,BG,3.17,9.83,27,2026-09,realadvisor.it,2026-09-22
San Giovanni la Punta,87041,Catania,CT,2.67,7.92,17.58,2026-09,realadvisor.it,2026-09-22
Montecchio Maggiore,24061,Vicenza,VI,3.67,11.08,27.5,2026-09,realadvisor.it,2026-09-22
Vigonza,28100,Padova,PD,3.5,10.5,23.75,2026-09,realadvisor.it,2026-09-22
Selvazzano Dentro,28086,Padova,PD,3.08,9.25,20.92,2026-09,realadvisor.it,2026-09-22
Frascati,58039,Roma,RM,3.75,11.83,32.33,2026-09,realadvisor.it,2026-09-22
Mercato San Severino,65067,Salerno,SA,2.08,7,18.33,2026-09,realadvisor.it,2026-09-22
Ginosa,73007,Taranto,TA,5.67,15.92,38.08,2026-09,realadvisor.it,2026-09-22
Santarcangelo di Romagna,99018,Rimini,RN,4,9.75,19.25,2026-09,realadvisor.it,2026-09-22
Agropoli,65002,Salerno,SA,3.58,12.08,31.67,2026-09,realadvisor.it,2026-09-22
Bastia Umbra,54002,Perugia,PG,3.08,8.5,20.08,2026-09,realadvisor.it,2026-09-22
Colle di Val d'Elsa,52012,Siena,SI,3.25,8.92,20.17,2026-09,realadvisor.it,2026-09-22
Martellago,27021,Venezia,VE,4.17,10.75,27,2026-09,realadvisor.it,2026-09-22
Pergine Valsugana,22139,Trento,TN,4,11.33,22.75,2026-09,realadvisor.it,2026-09-22
San Bonifacio,23069,Verona,VR,3.08,9.58,23.67,2026-09,realadvisor.it,2026-09-22
Monsummano Terme,47009,Pistoia,PT,3.5,9.67,21,2026-09,realadvisor.it,2026-09-22
Castel San Pietro Terme,37020,Bologna,BO,4.42,12.58,26.33,2026-09,realadvisor.it,2026-09-22
Gorgonzola,15108,Milano,MI,3.67,12.58,37.25,2026-09,realadvisor.it,2026-09-22
Pontassieve,48033,Firenze,FI,3.83,11,23.25,2026-09,realadvisor.it,2026-09-22
Oderzo,26051,Treviso,TV,4,12.33,33.67,2026-09,realadvisor.it,2026-09-22
Grottaferrata,58046,Roma,RM,4.08,12.67,34.58,2026-09,realadvisor.it,2026-09-22
Feltre,25021,Belluno,BL,2.25,7.75,34.83,2026-09,realadvisor.it,2026-09-22
Cornaredo,15087,Milano,MI,4.58,15.67,46.33,2026-09,realadvisor.it,2026-09-22
Sabaudia,59024,Latina,LT,5.42,16.42,35.67,2026-09,realadvisor.it,2026-09-22
Lastra a Signa,48024,Firenze,FI,4.17,12.08,25.58,2026-09,realadvisor.it,2026-09-22
Giovinazzo,72022,Bari,BA,2.83,9.33,20.17,2026-09,realadvisor.it,2026-09-22
Cittadella,28032,Padova,PD,3.5,10.58,23.83,2026-09,realadvisor.it,2026-09-22
Viadana,20066,Mantova,MN,3,8.58,21.58,2026-09,realadvisor.it,2026-09-22
Palazzolo sull'Oglio,17133,Brescia,BS,4.17,14.33,40.75,2026-09,realadvisor.it,2026-09-22
Piove di Sacco,28065,Padova,PD,3.25,9.92,22.42,2026-09,realadvisor.it,2026-09-22
Minturno,59014,Latina,LT,4.17,12.42,27,2026-09,realadvisor.it,2026-09-22
Monserrato,92109,Cagliari,CA,4,10,21.58,2026-09,realadvisor.it,2026-09-22
Pescia,47012,Pistoia,PT,3.33,9.25,20.08,2026-09,realadvisor.it,2026-09-22
Sant'Antonio Abate,63074,Napoli,NA,2.83,9.08,25.33,2026-09,realadvisor.it,2026-09-22
Ceglie Messapica,74003,Brindisi,BR,3.08,8,17.5,2026-09,realadvisor.it,2026-09-22
Acqui Terme,6001,Alessandria,AL,2.08,5.83,14.58,2026-09,realadvisor.it,2026-09-22
Arese,15009,Milano,MI,4.33,15,44.33,2026-09,realadvisor.it,2026-09-22
Pozzallo,88008,Ragusa,RG,5.08,14,36,2026-09,realadvisor.it,2026-09-22
Adria,29001,Rovigo,RO,2.83,7.83,17.25,2026-09,realadvisor.it,2026-09-22
Tolentino,43053,Macerata,MC,2.75,8.33,20.67,2026-09,realadvisor.it,2026-09-22
Cassano d'Adda,15059,Milano,MI,3.5,12.17,35.83,2026-09,realadvisor.it,2026-09-22
Bracciano,58013,Roma,RM,2.92,9.08,24.83,2026-09,realadvisor.it,2026-09-22
Zola Predosa,37060,Bologna,BO,4.58,13,27.25,2026-09,realadvisor.it,2026-09-22
Tradate,12127,Varese,VA,3.83,10.83,27.33,2026-09,realadvisor.it,2026-09-22
Casalgrande,35012,Reggio nell'Emilia,RE,4.17,10.92,22.5,2026-09,realadvisor.it,2026-09-22
San Mauro Torinese,1249,Torino,TO,2.67,8.33,21.42,2026-09,realadvisor.it,2026-09-22
Signa,48044,Firenze,FI,4.42,12.67,26.75,2026-09,realadvisor.it,2026-09-22
Palmi,80057,Reggio Calabria,RC,2.25,7.5,19.75,2026-09,realadvisor.it,2026-09-22
Ciriè,1086,Torino,TO,2.5,7.75,20.08,2026-09,realadvisor.it,2026-09-22
Corbetta,15085,Milano,MI,3.33,11.58,34.25,2026-09,realadvisor.it,2026-09-22
Borgo San Lorenzo,48004,Firenze,FI,3.33,9.67,20.42,2026-09,realadvisor.it,2026-09-22
Melzo,15142,Milano,MI,3.67,12.67,37.5,2026-09,realadvisor.it,2026-09-22
Melegnano,15140,Milano,MI,3.33,11.58,34.25,2026-09,realadvisor.it,2026-09-22
Terzigno,63082,Napoli,NA,2.67,8.67,24.17,2026-09,realadvisor.it,2026-09-22
Carate Brianza,108015,Monza e Brianza,MB,4,11.25,28.67,2026-09,realadvisor.it,2026-09-22
Arcore,108004,Monza e Brianza,MB,4.17,11.75,30,2026-09,realadvisor.it,2026-09-22
Cercola,63026,Napoli,NA,3.17,10.08,28.33,2026-09,realadvisor.it,2026-09-22
Villorba,26091,Treviso,TV,3.5,10.75,29.42,2026-09,realadvisor.it,2026-09-22
Policoro,77021,Matera,MT,2.42,9.17,23.67,2026-09,realadvisor.it,2026-09-22
Savignano sul Rubicone,40045,Forlì-Cesena,FC,4.25,11.08,23.92,2026-09,realadvisor.it,2026-09-22
Valenzano,72048,Bari,BA,2.25,7.33,15.83,2026-09,realadvisor.it,2026-09-22
Sona,23083,Verona,VR,3.83,12,29.67,2026-09,realadvisor.it,2026-09-22
Pisticci,77020,Matera,MT,2.83,10.83,27.83,2026-09,realadvisor.it,2026-09-22
Marcon,27020,Venezia,VE,4.58,11.67,29.42,2026-09,realadvisor.it,2026-09-22
Monselice,28055,Padova,PD,3.25,9.75,22.08,2026-09,realadvisor.it,2026-09-22
Pescantina,23058,Verona,VR,4,12.42,30.58,2026-09,realadvisor.it,2026-09-22
Rocca di Papa,58086,Roma,RM,3.42,10.58,28.83,2026-09,realadvisor.it,2026-09-22
Saluzzo,4203,Cuneo,CN,2.75,9.33,24.42,2026-09,realadvisor.it,2026-09-22
San Casciano in Val di Pesa,48038,Firenze,FI,4.08,11.92,25.17,2026-09,realadvisor.it,2026-09-22
Baronissi,65013,Salerno,SA,6.83,22.92,60.25,2026-09,realadvisor.it,2026-09-22
Negrar,23052,Verona,VR,3.83,12,29.58,2026-09,realadvisor.it,2026-09-22
Vimodrone,15242,Milano,MI,4,13.83,40.83,2026-09,realadvisor.it,2026-09-22
Lonato del Garda,17092,Brescia,BS,4.25,14.58,41.5,2026-09,realadvisor.it,2026-09-22
Reggello,48035,Firenze,FI,3.42,9.75,20.67,2026-09,realadvisor.it,2026-09-22
Porto Empedocle,84028,Agrigento,AG,2.08,7.5,18.58,2026-09,realadvisor.it,2026-09-22
Giaveno,1115,Torino,TO,2.33,7.17,18.5,2026-09,realadvisor.it,2026-09-22
Erba,13095,Como,CO,3.42,10.5,27.58,2026-09,realadvisor.it,2026-09-22
Cadoneghe,28016,Padova,PD,4.33,13,29.33,2026-09,realadvisor.it,2026-09-22
Valmontone,58110,Roma,RM,2.67,8.33,22.75,2026-09,realadvisor.it,2026-09-22
Codroipo,30027,Udine,UD,2.17,6,14.5,2026-09,realadvisor.it,2026-09-22
Noale,27026,Venezia,VE,4.25,10.83,27.25,2026-09,realadvisor.it,2026-09-22
Certaldo,48012,Firenze,FI,2.92,8.42,17.92,2026-09,realadvisor.it,2026-09-22
Potenza Picena,43043,Macerata,MC,3.25,9.75,24.33,2026-09,realadvisor.it,2026-09-22
Sansepolcro,51034,Arezzo,AR,3.42,8.5,17.92,2026-09,realadvisor.it,2026-09-22
Lusciano,61046,Caserta,CE,2.08,6.42,15.25,2026-09,realadvisor.it,2026-09-22
Darfo Boario Terme,17065,Brescia,BS,2.67,9.08,25.83,2026-09,realadvisor.it,2026-09-22
Paola,78091,Cosenza,CS,4.25,11.17,30.08,2026-09,realadvisor.it,2026-09-22
Agrate Brianza,108001,Monza e Brianza,MB,4.5,12.58,32.25,2026-09,realadvisor.it,2026-09-22
Carugate,15051,Milano,MI,3.5,12.08,35.75,2026-09,realadvisor.it,2026-09-22
Castenaso,37021,Bologna,BO,2.42,9.75,21.67,2026-09,realadvisor.it,2026-09-22
Casalmaggiore,19021,Cremona,CR,2.75,8.17,19.83,2026-09,realadvisor.it,2026-09-22
Castiglione del Lago,54009,Perugia,PG,2.5,6.92,16.33,2026-09,realadvisor.it,2026-09-22
Finale Emilia,36012,Modena,MO,2.58,7.25,15.5,2026-09,realadvisor.it,2026-09-22
Fiorenzuola d'Arda,33021,Piacenza,PC,2.42,7.25,16.58,2026-09,realadvisor.it,2026-09-22
Cerro Maggiore,15072,Milano,MI,3.25,11.17,33.08,2026-09,realadvisor.it,2026-09-22
Corridonia,43015,Macerata,MC,2.25,6.67,16.5,2026-09,realadvisor.it,2026-09-22
Castellammare del Golfo,81005,Trapani,TP,3.17,8.75,19.58,2026-09,realadvisor.it,2026-09-22
Dolo,27012,Venezia,VE,4.08,10.5,26.5,2026-09,realadvisor.it,2026-09-22
Castelnuovo Rangone,36007,Modena,MO,3.75,10.58,22.67,2026-09,realadvisor.it,2026-09-22
Città Sant'Angelo,68012,Pescara,PE,3.33,9.5,22,2026-09,realadvisor.it,2026-09-22
Tavagnacco,30118,Udine,UD,3.33,9.5,22.75,2026-09,realadvisor.it,2026-09-22
Merate,97048,Lecco,LC,3,10.17,27.5,2026-09,realadvisor.it,2026-09-22
Rubiera,35036,Reggio nell'Emilia,RE,3.83,10.08,20.92,2026-09,realadvisor.it,2026-09-22
Cassola,24026,Vicenza,VI,3.5,10.58,26.17,2026-09,realadvisor.it,2026-09-22
Carmignano,100002,Prato,PO,5.17,11.33,20.42,2026-09,realadvisor.it,2026-09-22
Magione,54026,Perugia,PG,3.08,8.42,19.83,2026-09,realadvisor.it,2026-09-22
Vinci,48050,Firenze,FI,4.25,12.42,26.17,2026-09,realadvisor.it,2026-09-22
Roncade,26069,Treviso,TV,3.17,9.58,26.17,2026-09,realadvisor.it,2026-09-22
Castellanza,12042,Varese,VA,3.67,10.42,26.25,2026-09,realadvisor.it,2026-09-22
Cesate,15076,Milano,MI,3.67,12.67,37.5,2026-09,realadvisor.it,2026-09-22
San Giovanni Teatino,69081,Chieti,CH,2.92,8,17,2026-09,realadvisor.it,2026-09-22
Mascali,87023,Catania,CT,3,8.83,19.75,2026-09,realadvisor.it,2026-09-22
Luino,12092,Varese,VA,3.83,10.75,27.25,2026-09,realadvisor.it,2026-09-22
Oleggio,3108,Novara,NO,3.33,9.17,22.92,2026-09,realadvisor.it,2026-09-22
Opera,15159,Milano,MI,3.83,13.17,39,2026-09,realadvisor.it,2026-09-22
Taggia,8059,Imperia,IM,4.83,12.5,28.17,2026-09,realadvisor.it,2026-09-22
Cervignano del Friuli,30023,Udine,UD,3.17,9,21.5,2026-09,realadvisor.it,2026-09-22
Crevalcore,37024,Bologna,BO,2.83,8,16.67,2026-09,realadvisor.it,2026-09-22
Cavarzere,27006,Venezia,VE,3.25,8.25,20.67,2026-09,realadvisor.it,2026-09-22
Novellara,35028,Reggio nell'Emilia,RE,4.83,12.58,26,2026-09,realadvisor.it,2026-09-22
Villa San Giovanni,80096,Reggio Calabria,RC,2.17,7.08,18.75,2026-09,realadvisor.it,2026-09-22
Ponte San Nicolò,28069,Padova,PD,2.33,7,15.75,2026-09,realadvisor.it,2026-09-22
Montespertoli,48030,Firenze,FI,3.75,10.83,23,2026-09,realadvisor.it,2026-09-22
Latisana,30046,Udine,UD,4.92,13.92,33.33,2026-09,realadvisor.it,2026-09-22
Capo d'Orlando,83009,Messina,ME,2.92,8.25,19.83,2026-09,realadvisor.it,2026-09-22
Forlimpopoli,40013,Forlì-Cesena,FC,3.58,9.33,20.17,2026-09,realadvisor.it,2026-09-22
Calderara di Reno,37009,Bologna,BO,4.17,11.75,24.58,2026-09,realadvisor.it,2026-09-22
Stezzano,16207,Bergamo,BG,3.33,10.25,28.17,2026-09,realadvisor.it,2026-09-22
Patti,83066,Messina,ME,3.42,9.42,22.67,2026-09,realadvisor.it,2026-09-22
Formello,58038,Roma,RM,3.42,10.75,29.42,2026-09,realadvisor.it,2026-09-22
Castiglion Fiorentino,51012,Arezzo,AR,4.42,10.92,22.83,2026-09,realadvisor.it,2026-09-22
Carpenedolo,17039,Brescia,BS,2.42,8.33,23.75,2026-09,realadvisor.it,2026-09-22
Casale sul Sile,26009,Treviso,TV,4,12.33,33.67,2026-09,realadvisor.it,2026-09-22
Muggia,32003,Trieste,TS,6.42,12.83,31.33,2026-09,realadvisor.it,2026-09-22
Noceto,34025,Parma,PR,4,10.25,23.25,2026-09,realadvisor.it,2026-09-22
Calcinato,17032,Brescia,BS,2.92,10.08,28.58,2026-09,realadvisor.it,2026-09-22
Trebaseleghe,28093,Padova,PD,3.25,9.92,22.33,2026-09,realadvisor.it,2026-09-22
San Pietro in Cariano,23076,Verona,VR,4.25,13.08,32.25,2026-09,realadvisor.it,2026-09-22
Campiglia Marittima,49002,Livorno,LI,10.17,22,43.17,2026-09,realadvisor.it,2026-09-22
Ponzano Veneto,26059,Treviso,TV,3.5,10.75,29.42,2026-09,realadvisor.it,2026-09-22
Spilamberto,36045,Modena,MO,4.08,11.5,24.75,2026-09,realadvisor.it,2026-09-22
Tezze sul Brenta,24104,Vicenza,VI,3.17,9.67,23.83,2026-09,realadvisor.it,2026-09-22
Chiampo,24029,Vicenza,VI,2.58,7.75,19.17,2026-09,realadvisor.it,2026-09-22
Monte di Procida,63047,Napoli,NA,3.08,9.83,27.5,2026-09,realadvisor.it,2026-09-22
Avigliana,1013,Torino,TO,2.83,8.67,22.42,2026-09,realadvisor.it,2026-09-22
Osio Sotto,16153,Bergamo,BG,3.25,10.08,27.83,2026-09,realadvisor.it,2026-09-22
Rivarolo Canavese,1217,Torino,TO,2.33,7.17,18.5,2026-09,realadvisor.it,2026-09-22
Borgo San Dalmazzo,4025,Cuneo,CN,2.08,7,18.25,2026-09,realadvisor.it,2026-09-22
San Pietro in Casale,37055,Bologna,BO,3.75,10.67,22.33,2026-09,realadvisor.it,2026-09-22
Solofra,64101,Avellino,AV,1.83,5.58,14.5,2026-09,realadvisor.it,2026-09-22
San Prisco,61081,Caserta,CE,2.17,6.42,15.25,2026-09,realadvisor.it,2026-09-22
Pianiga,27028,Venezia,VE,6.82,10.45,25.88,2026-08,immobiliare.it,2026-09-24
Villa Literno,61099,Caserta,CE,3.13,6.79,8.97,2026-08,immobiliare.it,2026-09-24
Russi,39016,Ravenna,RA,6.14,11.8,23.41,2026-08,immobiliare.it,2026-09-24
Mercogliano,64049,Avellino,AV,3.12,6.09,7.83,2026-08,immobiliare.it,2026-09-24
Cinisi,82031,Palermo,PA,3.78,6.79,10.48,2026-08,immobiliare.it,2026-09-24
Mediglia,15139,Milano,MI,8.22,11.16,22.55,2026-08,immobiliare.it,2026-09-24
Spresiano,26082,Treviso,TV,6.28,10.02,18.46,2026-08,immobiliare.it,2026-09-24
Scarperia e San Piero,48053,Firenze,FI,6.14,8.5,21.7,2026-08,immobiliare.it,2026-09-24
Motta Sant'Anastasia,87030,Catania,CT,3.99,6.62,10.7,2026-08,immobiliare.it,2026-09-24
Trezzo sull'Adda,15221,Milano,MI,8.22,11.92,22.55,2026-08,immobiliare.it,2026-09-24
Monte Sant'Angelo,71033,Foggia,FG,5.09,6.12,10.55,2026-08,immobiliare.it,2026-09-24
Granarolo dell'Emilia,37030,Bologna,BO,4.82,11.39,16.59,2026-08,immobiliare.it,2026-09-24
Valderice,81022,Trapani,TP,5.28,5.28,13.45,2026-08,immobiliare.it,2026-09-24
Vecchiano,50037,Pisa,PI,6.16,8.82,13.44,2026-08,immobiliare.it,2026-09-24
Altavilla Vicentina,24004,Vicenza,VI,4.38,9.77,28.76,2026-08,immobiliare.it,2026-09-24
Camposampiero,28019,Padova,PD,5.18,8.09,14.27,2026-08,immobiliare.it,2026-09-24
Occhiobello,29033,Rovigo,RO,5.41,7.32,18.78,2026-08,immobiliare.it,2026-09-24
Baranzate,15250,Milano,MI,8.22,13.92,22.55,2026-08,immobiliare.it,2026-09-24
Calvizzano,63012,Napoli,NA,4.24,5.69,37.68,2026-08,immobiliare.it,2026-09-24
Ronchi dei Legionari,31016,Gorizia,GO,8.09,8.35,12.03,2026-08,immobiliare.it,2026-09-24
Borgaro Torinese,1028,Torino,TO,3.79,8.18,23.85,2026-08,immobiliare.it,2026-09-24
Castel d'Azzano,23021,Verona,VR,5.97,9.66,26.29,2026-08,immobiliare.it,2026-09-24
San Gregorio di Catania,87042,Catania,CT,3.99,8.54,10.7,2026-08,immobiliare.it,2026-09-24
Monteforte Irpino,64054,Avellino,AV,3.12,5.93,7.83,2026-08,immobiliare.it,2026-09-24
Lonate Pozzolo,12090,Varese,VA,7.3,9.29,14.05,2026-08,immobiliare.it,2026-09-24
Torri di Quartesolo,24108,Vicenza,VI,4.38,8.75,28.76,2026-08,immobiliare.it,2026-09-24
Margherita di Savoia,110005,Barletta-Andria-Trani,BT,7.37,8.47,10.1,2026-08,immobiliare.it,2026-09-24
Ponte San Pietro,16170,Bergamo,BG,4.71,9.76,16.63,2026-08,immobiliare.it,2026-09-24
Stradella,18153,Pavia,PV,5.08,8.61,11.58,2026-08,immobiliare.it,2026-09-24
Campagnano di Roma,58015,Roma,RM,5.44,9.6,19.31,2026-08,immobiliare.it,2026-09-24
Cisternino,74005,Brindisi,BR,4.65,7.25,12.43,2026-08,immobiliare.it,2026-09-24
Nembro,16144,Bergamo,BG,4.71,10.4,16.63,2026-08,immobiliare.it,2026-09-24
Castenedolo,17043,Brescia,BS,6.27,12.48,20.46,2026-08,immobiliare.it,2026-09-24
Siniscola,91085,Nuoro,NU,6.86,20.85,33.22,2026-08,immobiliare.it,2026-09-24
Creazzo,24036,Vicenza,VI,4.38,10.28,28.76,2026-08,immobiliare.it,2026-09-24
Castelvetro di Modena,36008,Modena,MO,6.04,10.89,12.59,2026-08,immobiliare.it,2026-09-24
Ovada,6121,Alessandria,AL,3.59,4.32,7.85,2026-08,immobiliare.it,2026-09-24
Montechiarugolo,34023,Parma,PR,5.39,12.08,12.5,2026-08,immobiliare.it,2026-09-24
Cividale del Friuli,30026,Udine,UD,5.84,8.37,18.84,2026-08,immobiliare.it,2026-09-24
Sesto Calende,12120,Varese,VA,7.3,11.41,14.05,2026-08,immobiliare.it,2026-09-24
Santa Croce Camerina,88010,Ragusa,RG,4.61,9.69,9.69,2026-08,immobiliare.it,2026-09-24
Barberino di Mugello,48002,Firenze,FI,6.14,10.77,21.7,2026-08,immobiliare.it,2026-09-24
Bertinoro,40003,Forli'-Cesena,FC,6.45,9.82,17.31,2026-08,immobiliare.it,2026-09-24
Treviolo,16220,Bergamo,BG,4.71,10.69,16.63,2026-08,immobiliare.it,2026-09-24
Medesano,34020,Parma,PR,5.39,8.91,12.5,2026-08,immobiliare.it,2026-09-24
Cameri,3032,Novara,NO,4.75,8.63,14.5,2026-08,immobiliare.it,2026-09-24
Atripalda,64006,Avellino,AV,3.12,5.23,7.83,2026-08,immobiliare.it,2026-09-24
Gemona del Friuli,30043,Udine,UD,5.84,8.81,18.84,2026-08,immobiliare.it,2026-09-24
Montecchio Emilia,35027,Reggio Emilia,RE,4.8,9.01,14.81,2026-08,immobiliare.it,2026-09-24
Polistena,80061,Reggio Calabria,RC,3.89,4.76,17.64,2026-08,immobiliare.it,2026-09-24
Usmate Velate,108044,Monza e Brianza,MB,4,11.25,28.67,2026-09,realadvisor.it,2026-09-24
San Maurizio Canavese,1248,Torino,TO,3.79,8.08,23.85,2026-08,immobiliare.it,2026-09-24
Induno Olona,12083,Varese,VA,7.3,10.51,14.05,2026-08,immobiliare.it,2026-09-24
Montignoso,45011,Massa-Carrara,MS,16.41,16.41,16.41,2026-08,immobiliare.it,2026-09-24
Nizza Monferrato,5080,Asti,AT,4.03,6.37,7.65,2026-08,immobiliare.it,2026-09-24
Badia Polesine,29004,Rovigo,RO,5.41,9.62,18.78,2026-08,immobiliare.it,2026-09-24
Poggio a Caiano,100004,Prato,PO,9.92,11.07,12.41,2026-08,immobiliare.it,2026-09-24
Verucchio,99020,Rimini,RN,7.12,10.78,20.54,2026-08,immobiliare.it,2026-09-24
Monteriggioni,52016,Siena,SI,6.28,10.77,11.89,2026-08,immobiliare.it,2026-09-24
Sovicille,52034,Siena,SI,6.28,9.02,11.89,2026-08,immobiliare.it,2026-09-24
Bagnara Calabra,80007,Reggio Calabria,RC,3.89,5.91,17.64,2026-08,immobiliare.it,2026-09-24
San Vendemiano,26076,Treviso,TV,6.28,9.09,18.46,2026-08,immobiliare.it,2026-09-24
Meldola,40019,Forli'-Cesena,FC,6.45,10.49,17.31,2026-08,immobiliare.it,2026-09-24
Quinto di Treviso,26064,Treviso,TV,6.28,9.71,18.46,2026-08,immobiliare.it,2026-09-24
Macomer,91044,Nuoro,NU,6.86,12.16,33.22,2026-08,immobiliare.it,2026-09-24
Fino Mornasco,13102,Como,CO,7.49,12.03,21.76,2026-08,immobiliare.it,2026-09-24
Barga,46003,Lucca,LU,4.29,10.33,27.33,2026-08,immobiliare.it,2026-09-24
Rodengo Saiano,17163,Brescia,BS,6.27,8.11,20.46,2026-08,immobiliare.it,2026-09-24
Trescore Balneario,16218,Bergamo,BG,4.71,11.22,16.63,2026-08,immobiliare.it,2026-09-24
Recco,10047,Genova,GE,10.22,10.86,12.84,2026-08,immobiliare.it,2026-09-24
Zafferana Etnea,87055,Catania,CT,3.99,6.84,10.7,2026-08,immobiliare.it,2026-09-24
Porto Tolle,29039,Rovigo,RO,5.41,7.71,18.78,2026-08,immobiliare.it,2026-09-24
Castelleone,19025,Cremona,CR,5.86,7.71,12.04,2026-08,immobiliare.it,2026-09-24
Roncadelle,17165,Brescia,BS,6.27,10.56,20.46,2026-08,immobiliare.it,2026-09-24
San Giovanni in Marignano,99017,Rimini,RN,7.12,11.27,20.54,2026-08,immobiliare.it,2026-09-24
Belvedere Marittimo,78015,Cosenza,CS,3.48,26.54,26.89,2026-08,immobiliare.it,2026-09-24
Cermenate,13064,Como,CO,7.49,8.58,21.76,2026-08,immobiliare.it,2026-09-24
Vittuone,15243,Milano,MI,8.22,9.8,22.55,2026-08,immobiliare.it,2026-09-24
Aviano,93004,Pordenone,PN,5.19,9.38,11.04,2026-08,immobiliare.it,2026-09-24
Inverigo,13118,Como,CO,7.49,9.45,21.76,2026-08,immobiliare.it,2026-09-24
Istrana,26035,Treviso,TV,6.28,8.47,18.46,2026-08,immobiliare.it,2026-09-24
Gaggiano,15103,Milano,MI,8.22,13.61,22.55,2026-08,immobiliare.it,2026-09-24
Vaprio d'Adda,15230,Milano,MI,8.22,9.52,22.55,2026-08,immobiliare.it,2026-09-24
Folignano,44020,Ascoli Piceno,AP,4.94,5.34,11.08,2026-08,immobiliare.it,2026-09-24
Asolo,26003,Treviso,TV,6.28,10.06,18.46,2026-08,immobiliare.it,2026-09-24
Colorno,34010,Parma,PR,5.39,8.1,12.5,2026-08,immobiliare.it,2026-09-24
Troina,86018,Enna,EN,4.01,5.43,5.94,2026-08,immobiliare.it,2026-09-24
Lavis,22103,Trento,TN,7.09,11.93,30.24,2026-08,immobiliare.it,2026-09-24
Soverato,79137,Catanzaro,CZ,4.31,25.11,25.11,2026-08,immobiliare.it,2026-09-24
Tirano,14066,Sondrio,SO,6.77,10.68,27.69,2026-08,immobiliare.it,2026-09-24
Monteforte d'Alpone,23050,Verona,VR,5.97,8.88,26.29,2026-08,immobiliare.it,2026-09-24
Porcari,46026,Lucca,LU,4.29,8.78,27.33,2026-08,immobiliare.it,2026-09-24
Mozzate,13159,Como,CO,7.49,10.16,21.76,2026-08,immobiliare.it,2026-09-24
Castel Gandolfo,58022,Roma,RM,5.44,12.38,19.31,2026-08,immobiliare.it,2026-09-24
Ceprano,60025,Frosinone,FR,3.97,5.96,9.37,2026-08,immobiliare.it,2026-09-24
Orte,56042,Viterbo,VT,4.07,7.38,19.99,2026-08,immobiliare.it,2026-09-24
Albinea,35001,Reggio Emilia,RE,4.8,9.82,14.81,2026-08,immobiliare.it,2026-09-24
Campogalliano,36003,Modena,MO,6.04,8.02,12.59,2026-08,immobiliare.it,2026-09-24
Viagrande,87053,Catania,CT,3.99,6.93,10.7,2026-08,immobiliare.it,2026-09-24
Monte Porzio Catone,58064,Roma,RM,5.44,9.72,19.31,2026-08,immobiliare.it,2026-09-24
Castelnuovo di Porto,58024,Roma,RM,5.44,7.69,19.31,2026-08,immobiliare.it,2026-09-24
Vergiate,12138,Varese,VA,7.3,9.89,14.05,2026-08,immobiliare.it,2026-09-24
Erbusco,17069,Brescia,BS,6.27,10.61,20.46,2026-08,immobiliare.it,2026-09-24
Laveno-Mombello,12087,Varese,VA,7.3,11.09,14.05,2026-08,immobiliare.it,2026-09-24
Morlupo,58068,Roma,RM,5.44,7.97,19.31,2026-08,immobiliare.it,2026-09-24
Coccaglio,17056,Brescia,BS,6.27,9.57,20.46,2026-08,immobiliare.it,2026-09-24
Rignano sull'Arno,48036,Firenze,FI,6.14,10.32,21.7,2026-08,immobiliare.it,2026-09-24
Spello,54050,Perugia,PG,3.7,6.05,16.34,2026-08,immobiliare.it,2026-09-24
Ronciglione,56045,Viterbo,VT,4.07,7.84,19.99,2026-08,immobiliare.it,2026-09-24
Gavorrano,53010,Grosseto,GR,6.41,7.43,32.03,2026-08,immobiliare.it,2026-09-24
Caprino Veronese,23018,Verona,VR,5.97,6.19,26.29,2026-08,immobiliare.it,2026-09-24
Sanluri,111067,Sud Sardegna,SU,7.04,8.98,9.83,2026-08,immobiliare.it,2026-09-24
Fiesso d'Artico,27014,Venezia,VE,6.82,11.46,25.88,2026-08,immobiliare.it,2026-09-24
Bientina,50001,Pisa,PI,6.16,11.81,13.44,2026-08,immobiliare.it,2026-09-24
Chiusi,52011,Siena,SI,6.28,6.28,11.89,2026-08,immobiliare.it,2026-09-24
Casarsa della Delizia,93010,Pordenone,PN,5.19,9.82,11.04,2026-08,immobiliare.it,2026-09-24
Luni,11020,La Spezia,SP,6.54,10.31,28.49,2026-08,immobiliare.it,2026-09-24
Tuscania,56052,Viterbo,VT,4.07,7.54,19.99,2026-08,immobiliare.it,2026-09-24
Trevi,54054,Perugia,PG,3.7,16.34,16.34,2026-08,immobiliare.it,2026-09-24
Altavilla Milicia,82004,Palermo,PA,3.78,6.69,10.48,2026-08,immobiliare.it,2026-09-24
Ponte di Piave,26058,Treviso,TV,6.28,9.13,18.46,2026-08,immobiliare.it,2026-09-24
Calusco d'Adda,16046,Bergamo,BG,4.71,11.51,16.63,2026-08,immobiliare.it,2026-09-24
Vado Ligure,9064,Savona,SV,5.11,9.46,26.1,2026-08,immobiliare.it,2026-09-24
Soriano nel Cimino,56048,Viterbo,VT,4.07,5.11,19.99,2026-08,immobiliare.it,2026-09-24
Leporano,73010,Taranto,TA,4.01,8.37,21.17,2026-08,immobiliare.it,2026-09-24
Vicchio,48049,Firenze,FI,6.14,6.43,21.7,2026-08,immobiliare.it,2026-09-24
Petrosino,81024,Trapani,TP,5.28,5.66,13.45,2026-08,immobiliare.it,2026-09-24
Cariati,78025,Cosenza,CS,3.48,11.3,26.89,2026-08,immobiliare.it,2026-09-24
Maracalagonis,92037,Cagliari,CA,6.94,13.23,14.11,2026-08,immobiliare.it,2026-09-24
Basiglio,15015,Milano,MI,4.67,16.25,47.92,2026-09,realadvisor.it,2026-09-24
San Daniele del Friuli,30099,Udine,UD,5.84,8.65,18.84,2026-08,immobiliare.it,2026-09-24
Cellole,61102,Caserta,CE,3.13,5.56,8.97,2026-08,immobiliare.it,2026-09-24
Limena,28045,Padova,PD,5.18,8.57,14.27,2026-08,immobiliare.it,2026-09-24
San Marcello Piteglio,47024,Pistoia,PT,7.67,9.61,10.34,2026-08,immobiliare.it,2026-09-24
Colico,97023,Lecco,LC,6.48,18.23,18.23,2026-08,immobiliare.it,2026-09-24
Caldiero,23017,Verona,VR,5.97,10.36,26.29,2026-08,immobiliare.it,2026-09-24
Campomarino,70010,Campobasso,CB,4.47,17.77,17.77,2026-08,immobiliare.it,2026-09-24
Palagianello,73020,Taranto,TA,4.01,6.69,21.17,2026-08,immobiliare.it,2026-09-24
Appiano Gentile,13010,Como,CO,7.49,12.17,21.76,2026-08,immobiliare.it,2026-09-24
Serra Riccò,10058,Genova,GE,5.07,5.64,32.58,2026-08,immobiliare.it,2026-09-24
Agerola,63003,Napoli,NA,4.24,7.58,37.68,2026-08,immobiliare.it,2026-09-24
Pelago,48032,Firenze,FI,6.14,9.37,21.7,2026-08,immobiliare.it,2026-09-24
Telese Terme,62074,Benevento,BN,3.29,6.19,10.84,2026-08,immobiliare.it,2026-09-24
Vergato,37059,Bologna,BO,4.82,7.4,16.59,2026-08,immobiliare.it,2026-09-24
Tricesimo,30127,Udine,UD,5.84,7.96,18.84,2026-08,immobiliare.it,2026-09-24
Sellia Marina,79127,Catanzaro,CZ,4.31,15.95,25.11,2026-08,immobiliare.it,2026-09-24
Santa Maria di Licodia,87047,Catania,CT,3.99,5.52,10.7,2026-08,immobiliare.it,2026-09-24
Costabissara,24035,Vicenza,VI,4.38,8.87,28.76,2026-08,immobiliare.it,2026-09-24
Vigarano Mainarda,38022,Ferrara,FE,5.07,6.75,16.15,2026-08,immobiliare.it,2026-09-24
Verdellino,16232,Bergamo,BG,4.71,10.1,16.63,2026-08,immobiliare.it,2026-09-24
Mirabella Eclano,64050,Avellino,AV,3.12,5.26,7.83,2026-08,immobiliare.it,2026-09-24
Brisighella,39004,Ravenna,RA,6.14,6.52,23.41,2026-08,immobiliare.it,2026-09-24
Zelo Buon Persico,98061,Lodi,LO,5.33,11.5,11.5,2026-08,immobiliare.it,2026-09-24
Lamporecchio,47005,Pistoia,PT,7.67,10.27,10.34,2026-08,immobiliare.it,2026-09-24
San Giorgio di Nogaro,30100,Udine,UD,5.84,7.61,18.84,2026-08,immobiliare.it,2026-09-24
Pregnana Milanese,15179,Milano,MI,8.22,11.91,22.55,2026-08,immobiliare.it,2026-09-24
Castel Madama,58023,Roma,RM,5.44,7.28,19.31,2026-08,immobiliare.it,2026-09-24
Settala,15210,Milano,MI,8.22,9.39,22.55,2026-08,immobiliare.it,2026-09-24
Staranzano,31023,Gorizia,GO,8.09,9.44,12.03,2026-08,immobiliare.it,2026-09-24
Campagna Lupia,27002,Venezia,VE,6.82,8.47,25.88,2026-08,immobiliare.it,2026-09-24
Castello di Godego,26013,Treviso,TV,6.28,8.2,18.46,2026-08,immobiliare.it,2026-09-24
Corte Franca,17062,Brescia,BS,6.27,9.48,20.46,2026-08,immobiliare.it,2026-09-24
Pieve di Cento,37048,Bologna,BO,4.82,8.29,16.59,2026-08,immobiliare.it,2026-09-24
Camerano,42006,Ancona,AN,4.67,10.03,10.07,2026-08,immobiliare.it,2026-09-24
Soave,23081,Verona,VR,5.97,11.65,26.29,2026-08,immobiliare.it,2026-09-24
Caulonia,80025,Reggio Calabria,RC,3.89,5.04,17.64,2026-08,immobiliare.it,2026-09-24
Arpino,60010,Frosinone,FR,3.97,7.14,9.37,2026-08,immobiliare.it,2026-09-24
Cambiago,15044,Milano,MI,8.22,13.32,22.55,2026-08,immobiliare.it,2026-09-24
Borgo a Mozzano,46004,Lucca,LU,4.29,6.7,27.33,2026-08,immobiliare.it,2026-09-24
Pignola,76062,Potenza,PZ,4.26,4.87,9.78,2026-08,immobiliare.it,2026-09-24
Alto Reno Terme,37062,Bologna,BO,4.82,8.07,16.59,2026-08,immobiliare.it,2026-09-24
Busnago,108051,Monza e Brianza,MB,8.42,10.98,14.2,2026-08,immobiliare.it,2026-09-24
Castel di Sangro,66028,L'Aquila,AQ,4.92,12.13,24.57,2026-08,immobiliare.it,2026-09-24
Sarnico,16193,Bergamo,BG,4.71,11.67,16.63,2026-08,immobiliare.it,2026-09-24
Cava Manara,18041,Pavia,PV,5.08,8.62,11.58,2026-08,immobiliare.it,2026-09-24
Salgareda,26070,Treviso,TV,2.92,9.08,24.75,2026-09,realadvisor.it,2026-09-24
Predaia,22230,Trento,TN,7.09,9.68,30.24,2026-08,immobiliare.it,2026-09-24
Villa d'Almè,16239,Bergamo,BG,3.17,9.83,27,2026-09,realadvisor.it,2026-09-24
Sutri,56049,Viterbo,VT,4.07,7.72,19.99,2026-08,immobiliare.it,2026-09-24
Carnago,12033,Varese,VA,7.3,9.25,14.05,2026-08,immobiliare.it,2026-09-24
Laterina Pergine Valdarno,51042,Arezzo,AR,4.91,8.39,11.39,2026-08,immobiliare.it,2026-09-24
Zanè,24119,Vicenza,VI,4.38,8.97,28.76,2026-08,immobiliare.it,2026-09-24
Torgiano,54053,Perugia,PG,3.7,6.6,16.34,2026-08,immobiliare.it,2026-09-24
San Cipriano Picentino,65118,Salerno,SA,4.77,7.01,12.18,2026-08,immobiliare.it,2026-09-24
Marina di Gioiosa Ionica,80045,Reggio Calabria,RC,3.89,5.07,17.64,2026-08,immobiliare.it,2026-09-24
Balestrate,82007,Palermo,PA,3.78,4.03,10.48,2026-08,immobiliare.it,2026-09-24
Bolzano Vicentino,24013,Vicenza,VI,4.38,8.39,28.76,2026-08,immobiliare.it,2026-09-24
Gradisca d'Isonzo,31008,Gorizia,GO,8.09,10.25,12.03,2026-08,immobiliare.it,2026-09-24
Roccella Ionica,80067,Reggio Calabria,RC,3.89,10.17,17.64,2026-08,immobiliare.it,2026-09-24
Castrocaro Terme e Terra del Sole,40005,Forli'-Cesena,FC,6.45,12.09,17.31,2026-08,immobiliare.it,2026-09-24
Monzuno,37044,Bologna,BO,4.82,7.36,16.59,2026-08,immobiliare.it,2026-09-24
Albavilla,13003,Como,CO,7.49,10.24,21.76,2026-08,immobiliare.it,2026-09-24
Fiumicello Villa Vicentina,30190,Udine,UD,5.84,9.38,18.84,2026-08,immobiliare.it,2026-09-24
Lesina,71027,Foggia,FG,5.09,7.17,10.55,2026-08,immobiliare.it,2026-09-24
Cornuda,26023,Treviso,TV,6.28,8.9,18.46,2026-08,immobiliare.it,2026-09-24
Fagagna,30037,Udine,UD,5.84,6.24,18.84,2026-08,immobiliare.it,2026-09-24
Abbadia San Salvatore,52001,Siena,SI,6.28,7.15,11.89,2026-08,immobiliare.it,2026-09-24
Recoaro Terme,24084,Vicenza,VI,4.38,8.31,28.76,2026-08,immobiliare.it,2026-09-24
Susa,1270,Torino,TO,3.79,7.59,23.85,2026-08,immobiliare.it,2026-09-24
Arbus,111001,Sud Sardegna,SU,7.04,8.04,9.83,2026-08,immobiliare.it,2026-09-24
Boltiere,16029,Bergamo,BG,4.71,9.44,16.63,2026-08,immobiliare.it,2026-09-24
Sesto San Giovanni,15209,Milano,MI,12.08,15.48,16.8,2026-08,immobiliare.it,2026-09-24
Cusago,15097,Milano,MI,8.22,13.88,22.55,2026-08,immobiliare.it,2026-09-24
Valdidentro,14071,Sondrio,SO,6.77,21.94,27.69,2026-08,immobiliare.it,2026-09-24
Garda,23036,Verona,VR,5.97,14.19,26.29,2026-08,immobiliare.it,2026-09-24
Cavalese,22050,Trento,TN,7.09,12.26,30.24,2026-08,immobiliare.it,2026-09-24
Fumane,23035,Verona,VR,5.97,8.8,26.29,2026-08,immobiliare.it,2026-09-24
Sirolo,42048,Ancona,AN,4.67,9.13,10.07,2026-08,immobiliare.it,2026-09-24
Ventasso,35046,Reggio Emilia,RE,4.8,8.58,14.81,2026-08,immobiliare.it,2026-09-24
Brentonico,22025,Trento,TN,7.09,14.62,30.24,2026-08,immobiliare.it,2026-09-24
Capoliveri,49004,Livorno,LI,8.28,33.59,33.59,2026-08,immobiliare.it,2026-09-24
Nova Ponente,21059,Bolzano/Bozen,BZ,8.41,13.21,29.38,2026-08,immobiliare.it,2026-09-24
Sardara,111072,Sud Sardegna,SU,7.04,9.12,9.83,2026-08,immobiliare.it,2026-09-24
Caldonazzo,22034,Trento,TN,7.09,10.89,30.24,2026-08,immobiliare.it,2026-09-24
Ora,21060,Bolzano/Bozen,BZ,8.41,10.43,29.38,2026-08,immobiliare.it,2026-09-24
Capalbio,53003,Grosseto,GR,6.41,20.63,32.03,2026-08,immobiliare.it,2026-09-24
Bari Sardo,91005,Ogliastra,OG,9,9.61,33.22,2026-08,immobiliare.it,2026-09-24
Furnari,83028,Messina,ME,4.01,7.44,19.98,2026-08,immobiliare.it,2026-09-24
Castrocielo,60022,Frosinone,FR,3.97,4.9,9.37,2026-08,immobiliare.it,2026-09-24
San Lorenzo di Sebato,21081,Bolzano/Bozen,BZ,8.41,13.44,29.38,2026-08,immobiliare.it,2026-09-24
Costermano sul Garda,23030,Verona,VR,5.97,12.21,26.29,2026-08,immobiliare.it,2026-09-24
Parcines,21062,Bolzano/Bozen,BZ,8.41,13.99,29.38,2026-08,immobiliare.it,2026-09-24
Piraino,83068,Messina,ME,4.01,6.5,19.98,2026-08,immobiliare.it,2026-09-24
Scarlino,53024,Grosseto,GR,6.41,9.08,32.03,2026-08,immobiliare.it,2026-09-24
Arborea,95006,Oristano,OR,8.35,8.62,13.24,2026-08,immobiliare.it,2026-09-24
Portopalo di Capo Passero,89020,Siracusa,SR,4.38,6.38,11.64,2026-08,immobiliare.it,2026-09-24
Positano,65100,Salerno,SA,4.77,9.75,12.18,2026-08,immobiliare.it,2026-09-24
Bolsena,56008,Viterbo,VT,4.07,7.87,19.99,2026-08,immobiliare.it,2026-09-24
Falerna,79047,Catanzaro,CZ,4.31,9.21,25.11,2026-08,immobiliare.it,2026-09-24
Numana,42032,Ancona,AN,8.12,9.39,10.66,2026-08,immobiliare.it,2026-09-24
Civate,97022,Lecco,LC,6.48,9.79,18.23,2026-08,immobiliare.it,2026-09-24
Tuoro sul Trasimeno,54055,Perugia,PG,3.7,8.13,16.34,2026-08,immobiliare.it,2026-09-24
Casole d'Elsa,52004,Siena,SI,6.28,9.6,11.89,2026-08,immobiliare.it,2026-09-24
Cartigliano,24025,Vicenza,VI,4.38,9.22,28.76,2026-08,immobiliare.it,2026-09-24
San Giovanni a Piro,65119,Salerno,SA,4.77,9.23,12.18,2026-08,immobiliare.it,2026-09-24
Pitigliano,53019,Grosseto,GR,6.41,8.36,32.03,2026-08,immobiliare.it,2026-09-24
Villasimius,111105,Cagliari,CA,6.94,12.29,14.11,2026-08,immobiliare.it,2026-09-24
Prato allo Stelvio,21067,Bolzano/Bozen,BZ,8.41,18.82,29.38,2026-08,immobiliare.it,2026-09-24
Colli del Tronto,44014,Ascoli Piceno,AP,4.94,8.56,11.08,2026-08,immobiliare.it,2026-09-24
Bene Vagienna,4019,Cuneo,CN,3.7,5.18,23.11,2026-08,immobiliare.it,2026-09-24
Valdisotto,14072,Sondrio,SO,6.77,26.71,27.69,2026-08,immobiliare.it,2026-09-24
Francavilla di Sicilia,83025,Messina,ME,4.01,7.36,19.98,2026-08,immobiliare.it,2026-09-24
Malcesine,23045,Verona,VR,5.97,12.56,26.29,2026-08,immobiliare.it,2026-09-24
Loiri Porto San Paolo,90084,Sassari,SS,6.25,21.57,27.55,2026-08,immobiliare.it,2026-09-24
Bellagio,13250,Como,CO,7.49,19.21,21.76,2026-08,immobiliare.it,2026-09-24
Porto Azzurro,49013,Livorno,LI,8.28,25.4,33.59,2026-08,immobiliare.it,2026-09-24
Fiè allo Sciliar,21031,Bolzano/Bozen,BZ,8.25,14.42,27.83,2026-09,realadvisor.it,2026-09-24
San Giovanni di Fassa,22250,Trento,TN,7.09,19.64,30.24,2026-08,immobiliare.it,2026-09-24
San Leonardo in Passiria,21080,Bolzano/Bozen,BZ,8.41,15.21,29.38,2026-08,immobiliare.it,2026-09-24
Spotorno,9057,Savona,SV,5.11,14.45,26.1,2026-08,immobiliare.it,2026-09-24
Squillace,79142,Catanzaro,CZ,4.31,8.15,25.11,2026-08,immobiliare.it,2026-09-24
Pozzolengo,17151,Brescia,BS,6.27,13.29,20.46,2026-08,immobiliare.it,2026-09-24
Badia,21006,Bolzano/Bozen,BZ,8.41,21.99,29.38,2026-08,immobiliare.it,2026-09-24
Montaione,48027,Firenze,FI,6.14,8.64,21.7,2026-08,immobiliare.it,2026-09-24
Magliano Sabina,57035,Rieti,RI,4.01,4.01,9.87,2026-08,immobiliare.it,2026-09-24
Baunei,91006,Ogliastra,OG,9,33.21,33.22,2026-08,immobiliare.it,2026-09-24
Altidona,109001,Fermo,FM,5.11,7.55,10.04,2026-08,immobiliare.it,2026-09-24
Cornedo all'Isarco,21023,Bolzano/Bozen,BZ,8.41,13.46,29.38,2026-08,immobiliare.it,2026-09-24
Ceregnano,29015,Rovigo,RO,5.41,8.15,18.78,2026-08,immobiliare.it,2026-09-24
Rodi Garganico,71043,Foggia,FG,5.09,10.55,10.55,2026-08,immobiliare.it,2026-09-24
Termeno sulla strada del vino,21098,Bolzano/Bozen,BZ,8.41,11.66,29.38,2026-08,immobiliare.it,2026-09-24
San Felice del Benaco,17171,Brescia,BS,6.27,15.22,20.46,2026-08,immobiliare.it,2026-09-24
San Candido,21077,Bolzano/Bozen,BZ,8.41,15.57,29.38,2026-08,immobiliare.it,2026-09-24
Gressan,7031,Aosta,AO,5.94,14.88,35.85,2026-08,immobiliare.it,2026-09-24
San Paolo Bel Sito,63069,Napoli,NA,4.24,4.99,37.68,2026-08,immobiliare.it,2026-09-24
Castione della Presolana,16064,Bergamo,BG,4.71,10.07,16.63,2026-08,immobiliare.it,2026-09-24
Rio,49021,Livorno,LI,8.28,19.65,33.59,2026-08,immobiliare.it,2026-09-24
Portovenere,11022,La Spezia,SP,6.54,15.77,28.49,2026-08,immobiliare.it,2026-09-24
Dobbiaco,21028,Bolzano/Bozen,BZ,8.41,15.57,29.38,2026-08,immobiliare.it,2026-09-24
Vandoies,21110,Bolzano/Bozen,BZ,8.41,13.7,29.38,2026-08,immobiliare.it,2026-09-24
Ponza,59018,Latina,LT,3.77,17.19,25.31,2026-08,immobiliare.it,2026-09-24
Oulx,1175,Torino,TO,3.79,13.19,23.85,2026-08,immobiliare.it,2026-09-24
Naz-Sciaves,21057,Bolzano/Bozen,BZ,8.41,16.4,29.38,2026-08,immobiliare.it,2026-09-24
Vibonati,65156,Salerno,SA,4.77,9.08,12.18,2026-08,immobiliare.it,2026-09-24
Gais,21034,Bolzano/Bozen,BZ,8.41,9.5,29.38,2026-08,immobiliare.it,2026-09-24
Contursi Terme,65046,Salerno,SA,4.77,5.97,12.18,2026-08,immobiliare.it,2026-09-24
San Martino in Passiria,21083,Bolzano/Bozen,BZ,8.41,15.2,29.38,2026-08,immobiliare.it,2026-09-24
Saint-Pierre,7063,Aosta,AO,5.94,7.57,35.85,2026-08,immobiliare.it,2026-09-24
Aquileia,30004,Udine,UD,5.84,10.19,18.84,2026-08,immobiliare.it,2026-09-24
Santa Marina,65127,Salerno,SA,4.77,9.1,12.18,2026-08,immobiliare.it,2026-09-24
Bibbona,49001,Livorno,LI,8.28,12.87,33.59,2026-08,immobiliare.it,2026-09-24
Ospedaletti,8039,Imperia,IM,10.22,11.21,17.66,2026-08,immobiliare.it,2026-09-24
Ferrazzano,70023,Campobasso,CB,4.47,7,17.77,2026-08,immobiliare.it,2026-09-24
Sorano,53026,Grosseto,GR,6.41,8.36,32.03,2026-08,immobiliare.it,2026-09-24
Auronzo di Cadore,25005,Belluno,BL,7.87,29.58,30.63,2026-08,immobiliare.it,2026-09-24
Folgaria,22087,Trento,TN,7.09,19.34,30.24,2026-08,immobiliare.it,2026-09-24
Rio di Pusteria,21074,Bolzano/Bozen,BZ,8.41,18.4,29.38,2026-08,immobiliare.it,2026-09-24
Valdaora,21106,Bolzano/Bozen,BZ,8.41,9.5,29.38,2026-08,immobiliare.it,2026-09-24
San Genesio Atesino,21079,Bolzano/Bozen,BZ,8.41,13.37,29.38,2026-08,immobiliare.it,2026-09-24
Marebbe,21047,Bolzano/Bozen,BZ,8.41,9.51,29.38,2026-08,immobiliare.it,2026-09-24
Sperlonga,59030,Latina,LT,3.77,22.81,25.31,2026-08,immobiliare.it,2026-09-24
San Raffaele Cimena,1252,Torino,TO,3.79,6.89,23.85,2026-08,immobiliare.it,2026-09-24
Morciano di Leuca,75050,Lecce,LE,4.23,6.11,20.76,2026-08,immobiliare.it,2026-09-24
Bardonecchia,1022,Torino,TO,3.79,17.16,23.85,2026-08,immobiliare.it,2026-09-24
Serrara Fontana,63078,Napoli,NA,4.24,15.21,37.68,2026-08,immobiliare.it,2026-09-24
Val di Vizze,21107,Bolzano/Bozen,BZ,8.41,14.13,29.38,2026-08,immobiliare.it,2026-09-24
Menaggio,13145,Como,CO,7.49,12.58,21.76,2026-08,immobiliare.it,2026-09-24
Bagnoli Irpino,64009,Avellino,AV,3.12,4.45,7.83,2026-08,immobiliare.it,2026-09-24
Pinzolo,22143,Trento,TN,12.92,36.42,72.75,2026-09,realadvisor.it,2026-09-24
Posada,91073,Nuoro,NU,6.86,18.5,33.22,2026-08,immobiliare.it,2026-09-24
San Bartolomeo al Mare,8052,Imperia,IM,10.22,17.31,17.66,2026-08,immobiliare.it,2026-09-24
Suvereto,49020,Livorno,LI,8.28,12.46,33.59,2026-08,immobiliare.it,2026-09-24
Bernate Ticino,15019,Milano,MI,8.22,8.67,22.55,2026-08,immobiliare.it,2026-09-24
Cascia,54007,Perugia,PG,3.7,7.85,16.34,2026-08,immobiliare.it,2026-09-24
Castiglione di Sicilia,87014,Catania,CT,3.99,7.05,10.7,2026-08,immobiliare.it,2026-09-24
Torri del Benaco,23086,Verona,VR,5.97,26.29,26.29,2026-08,immobiliare.it,2026-09-24
Velturno,21116,Bolzano/Bozen,BZ,8.41,14.54,29.38,2026-08,immobiliare.it,2026-09-24
Torino di Sangro,69091,Chieti,CH,4.58,7.62,9.09,2026-08,immobiliare.it,2026-09-24
San Leucio del Sannio,62060,Benevento,BN,3.29,10.15,10.84,2026-08,immobiliare.it,2026-09-24
Scena,21087,Bolzano/Bozen,BZ,8.41,15.62,29.38,2026-08,immobiliare.it,2026-09-24
Rasun-Anterselva,21071,Bolzano/Bozen,BZ,8.41,13.23,29.38,2026-08,immobiliare.it,2026-09-24
Falzes,21030,Bolzano/Bozen,BZ,8.41,13.39,29.38,2026-08,immobiliare.it,2026-09-24
Chienes,21021,Bolzano/Bozen,BZ,8.41,13.5,29.38,2026-08,immobiliare.it,2026-09-24
Tesero,22196,Trento,TN,7.09,12.55,30.24,2026-08,immobiliare.it,2026-09-24
Monguelfo-Tesido,21052,Bolzano/Bozen,BZ,8.41,14.83,29.38,2026-08,immobiliare.it,2026-09-24
Sant'Agata sul Santerno,39017,Ravenna,RA,6.14,6.84,23.41,2026-08,immobiliare.it,2026-09-24
Ultimo,21104,Bolzano/Bozen,BZ,8.41,16.73,29.38,2026-08,immobiliare.it,2026-09-24
Comano Terme,22228,Trento,TN,7.09,12.81,30.24,2026-08,immobiliare.it,2026-09-24
Val di Zoldo,25073,Belluno,BL,7.87,23.44,30.63,2026-08,immobiliare.it,2026-09-24
Novedrate,13163,Como,CO,7.49,9.6,21.76,2026-08,immobiliare.it,2026-09-24
Pollina,82059,Palermo,PA,3.78,9.42,10.48,2026-08,immobiliare.it,2026-09-24
San Leo,99025,Rimini,RN,7.12,10.65,20.54,2026-08,immobiliare.it,2026-09-24
Santa Cesarea Terme,75072,Lecce,LE,4.23,6.16,20.76,2026-08,immobiliare.it,2026-09-24
Nago-Torbole,22124,Trento,TN,7.09,18.14,30.24,2026-08,immobiliare.it,2026-09-24
Calasetta,111008,Sud Sardegna,SU,6.54,7.24,10.95,2026-08,immobiliare.it,2026-09-24
Marlengo,21048,Bolzano/Bozen,BZ,8.41,14.81,29.38,2026-08,immobiliare.it,2026-09-24
Fluminimaggiore,111021,Sud Sardegna,SU,6.54,7.04,10.95,2026-08,immobiliare.it,2026-09-24
Grandate,13110,Como,CO,7.49,11.71,21.76,2026-08,immobiliare.it,2026-09-24
Gargnano,17076,Brescia,BS,6.27,10.57,20.46,2026-08,immobiliare.it,2026-09-24
Laion,21039,Bolzano/Bozen,BZ,8.41,24.6,29.38,2026-08,immobiliare.it,2026-09-24
Courmayeur,7022,Aosta,AO,5.94,30.01,35.85,2026-08,immobiliare.it,2026-09-24
Letojanni,83038,Messina,ME,4.01,10.15,19.98,2026-08,immobiliare.it,2026-09-24
La Morra,4105,Cuneo,CN,3.7,8.79,23.11,2026-08,immobiliare.it,2026-09-24
Castellina in Chianti,52005,Siena,SI,6.28,10.24,11.89,2026-08,immobiliare.it,2026-09-24
Tusa,83101,Messina,ME,4.01,8.81,19.98,2026-08,immobiliare.it,2026-09-24
Montevecchia,97053,Lecco,LC,6.48,8.97,18.23,2026-08,immobiliare.it,2026-09-24
Sant'Anna Arresi,111070,Sud Sardegna,SU,6.54,8.64,10.95,2026-08,immobiliare.it,2026-09-24
Bitti,91009,Nuoro,NU,6.86,18.97,33.22,2026-08,immobiliare.it,2026-09-24
Campo di Trens,21016,Bolzano/Bozen,BZ,8.41,15.13,29.38,2026-08,immobiliare.it,2026-09-24
Fabro,55011,Terni,TR,4.08,4.08,7.44,2026-08,immobiliare.it,2026-09-24
Minori,65068,Salerno,SA,4.77,8.98,12.18,2026-08,immobiliare.it,2026-09-24
Berchidda,90009,Sassari,SS,6.25,6.76,27.55,2026-08,immobiliare.it,2026-09-24
Mandatoriccio,78074,Cosenza,CS,3.48,11.79,26.89,2026-08,immobiliare.it,2026-09-24
Montecorice,65071,Salerno,SA,4.77,9.01,12.18,2026-08,immobiliare.it,2026-09-24
Gardone Riviera,17074,Brescia,BS,6.27,11.77,20.46,2026-08,immobiliare.it,2026-09-24
Gaiole in Chianti,52013,Siena,SI,6.28,6.28,11.89,2026-08,immobiliare.it,2026-09-24
Moneglia,10037,Genova,GE,5.07,10.24,32.58,2026-08,immobiliare.it,2026-09-24
Moena,22118,Trento,TN,7.09,19.87,30.24,2026-08,immobiliare.it,2026-09-24
Nimis,30065,Udine,UD,5.84,7.35,18.84,2026-08,immobiliare.it,2026-09-24
Villamar,111097,Sud Sardegna,SU,7.04,9.43,9.83,2026-08,immobiliare.it,2026-09-24
Gasperina,79056,Catanzaro,CZ,4.31,17.12,25.11,2026-08,immobiliare.it,2026-09-24
Narbolia,95031,Oristano,OR,8.35,8.72,13.24,2026-08,immobiliare.it,2026-09-24
Selva dei Molini,21088,Bolzano/Bozen,BZ,8.41,13.51,29.38,2026-08,immobiliare.it,2026-09-24
Ribera,84033,Agrigento,AG,4.94,5.54,6.67,2026-08,immobiliare.it,2026-09-24
Taviano,75085,Lecce,LE,4.23,5.19,20.76,2026-08,immobiliare.it,2026-09-24
Racconigi,4179,Cuneo,CN,3.7,5.9,23.11,2026-08,immobiliare.it,2026-09-24
Trecastelli,42050,Ancona,AN,4.67,7.09,10.07,2026-08,immobiliare.it,2026-09-24
Borgia,79011,Catanzaro,CZ,4.31,6.96,25.11,2026-08,immobiliare.it,2026-09-24
Camporosso,8011,Imperia,IM,10.22,11.65,17.66,2026-08,immobiliare.it,2026-09-24
Davoli,79042,Catanzaro,CZ,4.31,23.35,25.11,2026-08,immobiliare.it,2026-09-24
Presicce,75062,Lecce,LE,4.23,10.49,20.76,2026-08,immobiliare.it,2026-09-24
Coreglia Antelminelli,46011,Lucca,LU,4.29,5.5,27.33,2026-08,immobiliare.it,2026-09-24
Sant'Ambrogio di Torino,1255,Torino,TO,3.79,7.12,23.85,2026-08,immobiliare.it,2026-09-24
Storo,22183,Trento,TN,7.09,9.66,30.24,2026-08,immobiliare.it,2026-09-24
Cupramontana,42016,Ancona,AN,4.67,6.53,10.07,2026-08,immobiliare.it,2026-09-24
Toano,35041,Reggio nell'Emilia,RE,4.8,4.81,14.81,2026-08,immobiliare.it,2026-09-24
Ripatransone,44063,Ascoli Piceno,AP,4.94,4.94,11.08,2026-08,immobiliare.it,2026-09-24
Acquaviva Picena,44002,Ascoli Piceno,AP,4.94,6.3,11.08,2026-08,immobiliare.it,2026-09-24
Monasterace,80052,Reggio di Calabria,RC,3.89,5.06,17.64,2026-08,immobiliare.it,2026-09-24
Amandola,109002,Fermo,FM,5.11,5.11,10.04,2026-08,immobiliare.it,2026-09-24
Zapponeta,71064,Foggia,FG,5.09,7.32,10.55,2026-08,immobiliare.it,2026-09-24
Serra San Quirico,42047,Ancona,AN,4.67,6.62,10.07,2026-08,immobiliare.it,2026-09-24
Agliè,1001,Torino,TO,3.79,5.94,23.85,2026-08,immobiliare.it,2026-09-24
Lusiana,24054,Vicenza,VI,4.38,4.38,28.76,2026-08,immobiliare.it,2026-09-24
Rotondella,77023,Matera,MT,5.02,6.33,9.19,2026-08,immobiliare.it,2026-09-24
Cerro Veronese,23026,Verona,VR,5.97,7.7,26.29,2026-08,immobiliare.it,2026-09-24
Monterubbiano,109022,Fermo,FM,5.11,5.56,10.04,2026-08,immobiliare.it,2026-09-24
Cisano sul Neva,9025,Savona,SV,5.11,11.93,26.1,2026-08,immobiliare.it,2026-09-24
Sant'Agata Feltria,99026,Rimini,RN,7.12,9.76,20.54,2026-08,immobiliare.it,2026-09-24
Laino Borgo,78063,Cosenza,CS,3.48,12.99,26.89,2026-08,immobiliare.it,2026-09-24
Campodenno,22037,Trento,TN,7.09,7.09,30.24,2026-08,immobiliare.it,2026-09-24
Valsinni,77030,Matera,MT,5.02,6.39,9.19,2026-08,immobiliare.it,2026-09-24
Issogne,7037,Valle d'Aosta/Vallée d'Aoste,AO,5.94,5.94,35.85,2026-08,immobiliare.it,2026-09-24
Lozzo di Cadore,25033,Belluno,BL,7.87,11.47,30.63,2026-08,immobiliare.it,2026-09-24
Giungano,65058,Salerno,SA,4.77,12.17,12.18,2026-08,immobiliare.it,2026-09-24
Revò,22152,Trento,TN,7.09,7.34,30.24,2026-08,immobiliare.it,2026-09-24
Force,44021,Ascoli Piceno,AP,4.94,5.3,11.08,2026-08,immobiliare.it,2026-09-24
Prignano Cilento,65103,Salerno,SA,4.77,7.48,12.18,2026-08,immobiliare.it,2026-09-24
Tratalias,111090,Sud Sardegna,SU,6.54,6.54,10.95,2026-08,immobiliare.it,2026-09-24
Ceres,1072,Torino,TO,3.79,4.58,23.85,2026-08,immobiliare.it,2026-09-24
San Chirico Raparo,76074,Potenza,PZ,4.26,5.61,9.78,2026-08,immobiliare.it,2026-09-24
Brissogne,7011,Valle d'Aosta/Vallée d'Aoste,AO,5.94,13.33,35.85,2026-08,immobiliare.it,2026-09-24
Tornolo,34040,Parma,PR,5.39,6.81,12.5,2026-08,immobiliare.it,2026-09-24
Corna Imagna,16082,Bergamo,BG,4.71,4.71,16.63,2026-08,immobiliare.it,2026-09-24
Caravino,1056,Torino,TO,3.79,6.24,23.85,2026-08,immobiliare.it,2026-09-24
Castelgrande,76021,Potenza,PZ,4.26,5.7,9.78,2026-08,immobiliare.it,2026-09-24
Venaus,1291,Torino,TO,3.79,5.57,23.85,2026-08,immobiliare.it,2026-09-24
Castiglione a Casauria,68009,Pescara,PE,4.84,8.27,10.84,2026-08,immobiliare.it,2026-09-24
Cercivento,30022,Udine,UD,5.84,7.31,18.84,2026-08,immobiliare.it,2026-09-24
Cloz,22063,Trento,TN,7.09,7.34,30.24,2026-08,immobiliare.it,2026-09-24
Tribogna,10063,Genova,GE,5.07,6.14,32.58,2026-08,immobiliare.it,2026-09-24
Cimbergo,17054,Brescia,BS,6.27,8.47,20.46,2026-08,immobiliare.it,2026-09-24
Frassinello Monferrato,6072,Alessandria,AL,3.59,4.03,7.85,2026-08,immobiliare.it,2026-09-24
Ofena,66060,L'Aquila,AQ,4.92,9.1,24.57,2026-08,immobiliare.it,2026-09-24
Belvedere Langhe,4018,Cuneo,CN,3.7,4.28,23.11,2026-08,immobiliare.it,2026-09-24
Avise,7006,Valle d'Aosta/Vallée d'Aoste,AO,5.94,14.15,35.85,2026-08,immobiliare.it,2026-09-24
Capriglio,5019,Asti,AT,4.03,5.34,7.65,2026-08,immobiliare.it,2026-09-24
Bresimo,22026,Trento,TN,7.09,8.09,30.24,2026-08,immobiliare.it,2026-09-24
Castelsantangelo sul Nera,43010,Macerata,MC,4.55,6.62,11.95,2026-08,immobiliare.it,2026-09-24
Trezzone,13226,Como,CO,7.49,9.33,21.76,2026-08,immobiliare.it,2026-09-24
Moio de' Calvi,16136,Bergamo,BG,4.71,6.8,16.63,2026-08,immobiliare.it,2026-09-24
Oltressenda Alta,16147,Bergamo,BG,4.71,8.83,16.63,2026-08,immobiliare.it,2026-09-24
Parlasco,97064,Lecco,LC,6.48,8.81,18.23,2026-08,immobiliare.it,2026-09-24
Callabiana,96008,Biella,BI,3.86,5.45,7.65,2026-08,immobiliare.it,2026-09-24
Roaschia,4183,Cuneo,CN,3.7,4.92,23.11,2026-08,immobiliare.it,2026-09-24
Villa Santa Lucia degli Abruzzi,66104,L'Aquila,AQ,4.92,7.6,24.57,2026-08,immobiliare.it,2026-09-24
Montebello Jonico,80053,Reggio di Calabria,RC,4.33,14.25,37.67,2026-09,realadvisor.it,2026-09-24
Torreglia,28092,Padova,PD,5.18,8.41,14.27,2026-08,immobiliare.it,2026-09-24
Villa Cortese,15248,Milano,MI,8.22,10.26,22.55,2026-08,immobiliare.it,2026-09-24
Bellona,61007,Caserta,CE,3.13,5.27,8.97,2026-08,immobiliare.it,2026-09-24
Poppi,51031,Arezzo,AR,4.91,6.99,11.39,2026-08,immobiliare.it,2026-09-24
Remanzacco,30091,Udine,UD,5.84,6.6,18.84,2026-08,immobiliare.it,2026-09-24
Cadeo,33007,Piacenza,PC,5.16,6.46,11.62,2026-08,immobiliare.it,2026-09-24
Tavazzano con Villavesco,98056,Lodi,LO,5.33,9.35,11.5,2026-08,immobiliare.it,2026-09-24
Cavaion Veronese,23023,Verona,VR,5.97,14.35,26.29,2026-08,immobiliare.it,2026-09-24
Serravalle Scrivia,6160,Alessandria,AL,3.59,5.76,7.85,2026-08,immobiliare.it,2026-09-24
Casalbordino,69015,Chieti,CH,4.58,6.05,9.09,2026-08,immobiliare.it,2026-09-24
Borso del Grappa,26004,Treviso,TV,6.28,7.93,18.46,2026-08,immobiliare.it,2026-09-24
Loro Ciuffenna,51020,Arezzo,AR,4.91,8.69,11.39,2026-08,immobiliare.it,2026-09-24
Picerno,76059,Potenza,PZ,4.26,6.52,9.78,2026-08,immobiliare.it,2026-09-24
Castelnuovo di Garfagnana,46009,Lucca,LU,4.29,6.37,27.33,2026-08,immobiliare.it,2026-09-24
Rosate,15188,Milano,MI,8.22,11.01,22.55,2026-08,immobiliare.it,2026-09-24
Sant'Olcese,10055,Genova,GE,5.07,6.09,32.58,2026-08,immobiliare.it,2026-09-24
San Dorligo della Valle,32004,Trieste,TS,11.54,11.54,15.2,2026-08,immobiliare.it,2026-09-24
Palosco,16157,Bergamo,BG,4.71,10.36,16.63,2026-08,immobiliare.it,2026-09-24
Casorate Sempione,12039,Varese,VA,7.3,10.14,14.05,2026-08,immobiliare.it,2026-09-24
Castelverde,19026,Cremona,CR,5.86,6.75,12.04,2026-08,immobiliare.it,2026-09-24
Riolo Terme,39015,Ravenna,RA,6.14,9.36,23.41,2026-08,immobiliare.it,2026-09-24
Nocera Umbra,54034,Perugia,PG,3.7,3.87,16.34,2026-08,immobiliare.it,2026-09-24
Ospedaletto Euganeo,28059,Padova,PD,5.18,6.38,14.27,2026-08,immobiliare.it,2026-09-24
Bentivoglio,37005,Bologna,BO,4.82,10.58,16.59,2026-08,immobiliare.it,2026-09-24
Brusaporto,16042,Bergamo,BG,4.71,8,16.63,2026-08,immobiliare.it,2026-09-24
Brescello,35006,Reggio nell'Emilia,RE,4.8,7.42,14.81,2026-08,immobiliare.it,2026-09-24
Villa del Conte,28101,Padova,PD,5.18,9.41,14.27,2026-08,immobiliare.it,2026-09-24
Marsicovetere,76046,Potenza,PZ,4.26,5.5,9.78,2026-08,immobiliare.it,2026-09-24
Monteiasi,73016,Taranto,TA,4.01,4.01,21.17,2026-08,immobiliare.it,2026-09-24
Certosa di Pavia,18046,Pavia,PV,5.08,10.66,11.58,2026-08,immobiliare.it,2026-09-24
Montepaone,79081,Catanzaro,CZ,4.31,17.35,25.11,2026-08,immobiliare.it,2026-09-24
Montefalco,54030,Perugia,PG,3.7,5.83,16.34,2026-08,immobiliare.it,2026-09-24
Anghiari,51001,Arezzo,AR,4.91,7.94,11.39,2026-08,immobiliare.it,2026-09-24
Angera,12003,Varese,VA,7.3,12.25,14.05,2026-08,immobiliare.it,2026-09-24
Carcare,9018,Savona,SV,5.11,8.79,26.1,2026-08,immobiliare.it,2026-09-24
Palmanova,30070,Udine,UD,5.84,8.39,18.84,2026-08,immobiliare.it,2026-09-24
Egna,21029,Bolzano/Bozen,BZ,8.41,12.09,29.38,2026-08,immobiliare.it,2026-09-24
Lagonegro,76039,Potenza,PZ,4.26,7.57,9.78,2026-08,immobiliare.it,2026-09-24
Vanzaghello,15249,Milano,MI,8.22,8.66,22.55,2026-08,immobiliare.it,2026-09-24
Rivanazzano Terme,18122,Pavia,PV,5.08,8.66,11.58,2026-08,immobiliare.it,2026-09-24
Lanusei,91037,Nuoro,NU,9,11.13,33.22,2026-08,immobiliare.it,2026-09-24
San Vito Chietino,69086,Chieti,CH,4.58,5.65,9.09,2026-08,immobiliare.it,2026-09-24
Linguaglossa,87021,Catania,CT,3.99,8.68,10.7,2026-08,immobiliare.it,2026-09-24
Viggiù,12139,Varese,VA,7.3,10.4,14.05,2026-08,immobiliare.it,2026-09-24
Gizzeria,79060,Catanzaro,CZ,4.31,7.31,25.11,2026-08,immobiliare.it,2026-09-24
Maruggio,73014,Taranto,TA,4.01,8.94,21.17,2026-08,immobiliare.it,2026-09-24
Botricello,79012,Catanzaro,CZ,4.31,11.97,25.11,2026-08,immobiliare.it,2026-09-24
Povegliano,26062,Treviso,TV,6.28,14.14,18.46,2026-08,immobiliare.it,2026-09-24
Calatabiano,87010,Catania,CT,3.99,8.69,10.7,2026-08,immobiliare.it,2026-09-24
Lovere,16128,Bergamo,BG,4.71,9.14,16.63,2026-08,immobiliare.it,2026-09-24
Ornago,108036,Monza e della Brianza,MB,8.42,11.36,14.2,2026-08,immobiliare.it,2026-09-24
Arosio,13012,Como,CO,7.49,11.13,21.76,2026-08,immobiliare.it,2026-09-24
Barzanò,97006,Lecco,LC,6.48,9.8,18.23,2026-08,immobiliare.it,2026-09-24
Altopiano della Vigolana,22236,Trento,TN,7.09,10.96,30.24,2026-08,immobiliare.it,2026-09-24
Vallelaghi,22248,Trento,TN,7.09,9.54,30.24,2026-08,immobiliare.it,2026-09-24
Baselga di Pinè,22009,Trento,TN,7.09,10.11,30.24,2026-08,immobiliare.it,2026-09-24
Santa Maria del Cedro,78132,Cosenza,CS,3.48,26.89,26.89,2026-08,immobiliare.it,2026-09-24
Uggiate-Trevano,13228,Como,CO,7.49,10.6,21.76,2026-08,immobiliare.it,2026-09-24
Bevagna,54004,Perugia,PG,3.7,6.55,16.34,2026-08,immobiliare.it,2026-09-24
Nove,24073,Vicenza,VI,4.38,8.84,28.76,2026-08,immobiliare.it,2026-09-24
Presezzo,16176,Bergamo,BG,4.71,8.41,16.63,2026-08,immobiliare.it,2026-09-24
San Gemini,55029,Terni,TR,4.08,6.28,7.44,2026-08,immobiliare.it,2026-09-24
Varallo Pombia,3154,Novara,NO,4.75,7.85,14.5,2026-08,immobiliare.it,2026-09-24
San Francesco al Campo,1240,Torino,TO,3.79,7.04,23.85,2026-08,immobiliare.it,2026-09-24
Agnone,94002,Isernia,IS,5.39,7.81,7.81,2026-08,immobiliare.it,2026-09-24
Tregnago,23087,Verona,VR,5.97,12.57,26.29,2026-08,immobiliare.it,2026-09-24
Gradara,41020,Pesaro e Urbino,PU,4.63,10.32,11.1,2026-08,immobiliare.it,2026-09-24
Senorbì,111075,Sud Sardegna,SU,6.94,9.4,14.11,2026-08,immobiliare.it,2026-09-24
Scilla,80085,Reggio di Calabria,RC,3.89,3.99,17.64,2026-08,immobiliare.it,2026-09-24
Sarre,7066,Valle d'Aosta/Vallée d'Aoste,AO,5.94,9.04,35.85,2026-08,immobiliare.it,2026-09-24
Cropani,79036,Catanzaro,CZ,4.31,11.96,25.11,2026-08,immobiliare.it,2026-09-24
Paratico,17134,Brescia,BS,6.27,13.36,20.46,2026-08,immobiliare.it,2026-09-24
Norcia,54035,Perugia,PG,3.7,7.97,16.34,2026-08,immobiliare.it,2026-09-24
Gambassi Terme,48020,Firenze,FI,6.14,8.71,21.7,2026-08,immobiliare.it,2026-09-24
San Pellegrino Terme,16190,Bergamo,BG,4.71,11.02,16.63,2026-08,immobiliare.it,2026-09-24
Nocera Terinese,79087,Catanzaro,CZ,4.31,7.84,25.11,2026-08,immobiliare.it,2026-09-24
Veggiano,28096,Padova,PD,5.18,8.34,14.27,2026-08,immobiliare.it,2026-09-24
Simeri Crichi,79133,Catanzaro,CZ,4.31,22.33,25.11,2026-08,immobiliare.it,2026-09-24
Cantello,12030,Varese,VA,7.3,11.69,14.05,2026-08,immobiliare.it,2026-09-24
Fosdinovo,45008,Massa-Carrara,MS,6.18,10.08,16.41,2026-08,immobiliare.it,2026-09-24
Cortemaggiore,33018,Piacenza,PC,5.16,9.35,11.62,2026-08,immobiliare.it,2026-09-24
Gonars,30044,Udine,UD,5.84,7.91,18.84,2026-08,immobiliare.it,2026-09-24
Talamona,14063,Sondrio,SO,6.77,8.28,27.69,2026-08,immobiliare.it,2026-09-24
Villaputzu,111103,Sud Sardegna,SU,6.94,6.94,14.11,2026-08,immobiliare.it,2026-09-24
Châtillon,7020,Valle d'Aosta/Vallée d'Aoste,AO,5.94,6.48,35.85,2026-08,immobiliare.it,2026-09-24
Castel d'Ario,20014,Mantova,MN,5.71,7.14,14.82,2026-08,immobiliare.it,2026-09-24
Castell'Arquato,33012,Piacenza,PC,5.16,8.71,11.62,2026-08,immobiliare.it,2026-09-24
Torre Pellice,1275,Torino,TO,3.79,5.78,23.85,2026-08,immobiliare.it,2026-09-24
Teglio,14065,Sondrio,SO,6.77,6.77,27.69,2026-08,immobiliare.it,2026-09-24
Bogliasco,10004,Genova,GE,5.07,14.88,32.58,2026-08,immobiliare.it,2026-09-24
Carimate,13046,Como,CO,7.49,12.38,21.76,2026-08,immobiliare.it,2026-09-24
San Paolo,17138,Brescia,BS,6.27,9.53,20.46,2026-08,immobiliare.it,2026-09-24
Guardavalle,79061,Catanzaro,CZ,4.31,20.5,25.11,2026-08,immobiliare.it,2026-09-24
Gavi,6081,Alessandria,AL,3.59,4.72,7.85,2026-08,immobiliare.it,2026-09-24
Morgano,26047,Treviso,TV,6.28,8.97,18.46,2026-08,immobiliare.it,2026-09-24
Siculiana,84042,Agrigento,AG,4.94,5.6,6.67,2026-08,immobiliare.it,2026-09-24
Gropello Cairoli,18076,Pavia,PV,5.08,7.3,11.58,2026-08,immobiliare.it,2026-09-24
Castelraimondo,43009,Macerata,MC,4.55,4.69,11.95,2026-08,immobiliare.it,2026-09-24
Ghilarza,95021,Oristano,OR,8.35,12.35,13.24,2026-08,immobiliare.it,2026-09-24
Ionadi,102017,Vibo Valentia,VV,4.31,4.31,19.78,2026-08,immobiliare.it,2026-09-24
Pedavena,25036,Belluno,BL,7.87,8.65,30.63,2026-08,immobiliare.it,2026-09-24
Uggiano la Chiesa,75091,Lecce,LE,4.23,12.88,20.76,2026-08,immobiliare.it,2026-09-24
Scansano,53023,Grosseto,GR,6.41,8.19,32.03,2026-08,immobiliare.it,2026-09-24
Acqualagna,41001,Pesaro e Urbino,PU,4.63,5.9,11.1,2026-08,immobiliare.it,2026-09-24
Montecarlo,46021,Lucca,LU,4.29,8.52,27.33,2026-08,immobiliare.it,2026-09-24
Cassago Brianza,97017,Lecco,LC,6.48,9.64,18.23,2026-08,immobiliare.it,2026-09-24
Bagnatica,16018,Bergamo,BG,4.71,11.14,16.63,2026-08,immobiliare.it,2026-09-24
Bettona,54003,Perugia,PG,3.7,7.08,16.34,2026-08,immobiliare.it,2026-09-24
Latronico,76040,Potenza,PZ,4.26,6.6,9.78,2026-08,immobiliare.it,2026-09-24
Ossona,15164,Milano,MI,8.22,11.64,22.55,2026-08,immobiliare.it,2026-09-24
Oggiona con Santo Stefano,12107,Varese,VA,7.3,11.05,14.05,2026-08,immobiliare.it,2026-09-24
Loiano,37034,Bologna,BO,4.82,7.04,16.59,2026-08,immobiliare.it,2026-09-24
Gazzo,28041,Padova,PD,5.18,6.59,14.27,2026-08,immobiliare.it,2026-09-24
Bastiglia,36001,Modena,MO,6.04,8.48,12.59,2026-08,immobiliare.it,2026-09-24
Bariano,16020,Bergamo,BG,4.71,7.96,16.63,2026-08,immobiliare.it,2026-09-24
Burago di Molgora,108013,Monza e della Brianza,MB,8.42,14.16,14.2,2026-08,immobiliare.it,2026-09-24
Gravedona ed Uniti,13249,Como,CO,7.49,11.01,21.76,2026-08,immobiliare.it,2026-09-24
Carpiano,15050,Milano,MI,8.22,10.77,22.55,2026-08,immobiliare.it,2026-09-24
Bolognetta,82011,Palermo,PA,3.78,4.83,10.48,2026-08,immobiliare.it,2026-09-24
Roccalumera,83072,Messina,ME,4.01,9.23,19.98,2026-08,immobiliare.it,2026-09-24
Quart,7054,Valle d'Aosta/Vallée d'Aoste,AO,5.94,7.69,35.85,2026-08,immobiliare.it,2026-09-24
Canale Monterano,58016,Roma,RM,5.44,7.57,19.31,2026-08,immobiliare.it,2026-09-24
Lallio,16123,Bergamo,BG,4.71,10.59,16.63,2026-08,immobiliare.it,2026-09-24
Casarile,15055,Milano,MI,8.22,12.15,22.55,2026-08,immobiliare.it,2026-09-24
Pecetto Torinese,1183,Torino,TO,3.79,8.36,23.85,2026-08,immobiliare.it,2026-09-24
Lasa,21042,Bolzano/Bozen,BZ,8.41,18.57,29.38,2026-08,immobiliare.it,2026-09-24
Aiello del Sabato,64001,Avellino,AV,3.12,5.08,7.83,2026-08,immobiliare.it,2026-09-24
Sori,10060,Genova,GE,5.07,10.11,32.58,2026-08,immobiliare.it,2026-09-24
Santo Stefano Belbo,4213,Cuneo,CN,3.7,5.81,23.11,2026-08,immobiliare.it,2026-09-24
Cappelle sul Tavo,68006,Pescara,PE,4.84,7.65,10.84,2026-08,immobiliare.it,2026-09-24
Pescina,66069,L'Aquila,AQ,4.92,6.92,24.57,2026-08,immobiliare.it,2026-09-24
Buttrio,30014,Udine,UD,5.84,8.36,18.84,2026-08,immobiliare.it,2026-09-24
Val della Torre,1284,Torino,TO,3.79,7.23,23.85,2026-08,immobiliare.it,2026-09-24
Palomonte,65089,Salerno,SA,4.77,5.94,12.18,2026-08,immobiliare.it,2026-09-24
Romagnano Sesia,3130,Novara,NO,4.75,6.16,14.5,2026-08,immobiliare.it,2026-09-24
Polesella,29037,Rovigo,RO,5.41,5.41,18.78,2026-08,immobiliare.it,2026-09-24
Battaglia Terme,28011,Padova,PD,5.18,8.97,14.27,2026-08,immobiliare.it,2026-09-24
Cittiglio,12051,Varese,VA,7.3,8.35,14.05,2026-08,immobiliare.it,2026-09-24
San Genesio ed Uniti,18135,Pavia,PV,5.08,7.07,11.58,2026-08,immobiliare.it,2026-09-24
Cessalto,26015,Treviso,TV,6.28,9.96,18.46,2026-08,immobiliare.it,2026-09-24
Pavone Canavese,1181,Torino,TO,3.79,6,23.85,2026-08,immobiliare.it,2026-09-24
Bagolino,17010,Brescia,BS,6.27,8,20.46,2026-08,immobiliare.it,2026-09-24
Villa Lagarina,22222,Trento,TN,7.09,10.9,30.24,2026-08,immobiliare.it,2026-09-24
Salorno,21076,Bolzano/Bozen,BZ,8.41,11.38,29.38,2026-08,immobiliare.it,2026-09-24
Follina,26027,Treviso,TV,6.28,7.19,18.46,2026-08,immobiliare.it,2026-09-24
Grumolo delle Abbadesse,24047,Vicenza,VI,4.38,9.48,28.76,2026-08,immobiliare.it,2026-09-24
San Martino in Strada,98048,Lodi,LO,5.33,7.77,11.5,2026-08,immobiliare.it,2026-09-24
Pieve di Cadore,25039,Belluno,BL,7.87,22.7,30.63,2026-08,immobiliare.it,2026-09-24
Sangano,1241,Torino,TO,3.79,5.96,23.85,2026-08,immobiliare.it,2026-09-24
Carpignano Salentino,75015,Lecce,LE,4.23,13.4,20.76,2026-08,immobiliare.it,2026-09-24
Civitella di Romagna,40009,Forli'-Cesena,FC,6.45,8.47,17.31,2026-08,immobiliare.it,2026-09-24
Nogarole Rocca,23054,Verona,VR,5.97,7.36,26.29,2026-08,immobiliare.it,2026-09-24
Dubino,14027,Sondrio,SO,6.77,9.51,27.69,2026-08,immobiliare.it,2026-09-24
Baldissero Torinese,1018,Torino,TO,3.79,7.35,23.85,2026-08,immobiliare.it,2026-09-24
San Nicola Manfredi,62067,Benevento,BN,3.29,5.89,10.84,2026-08,immobiliare.it,2026-09-24
Chiusa di Pesio,4068,Cuneo,CN,3.7,4.98,23.11,2026-08,immobiliare.it,2026-09-24
Nizza di Sicilia,83061,Messina,ME,4.01,9.46,19.98,2026-08,immobiliare.it,2026-09-24
Cavaglià,96016,Biella,BI,3.86,6.73,7.65,2026-08,immobiliare.it,2026-09-24
San Secondo di Pinerolo,1254,Torino,TO,3.79,7.39,23.85,2026-08,immobiliare.it,2026-09-24
Pradamano,30080,Udine,UD,5.84,9.44,18.84,2026-08,immobiliare.it,2026-09-24
Bagnoregio,56003,Viterbo,VT,4.07,6.16,19.99,2026-08,immobiliare.it,2026-09-24
Magliano de' Marsi,66053,L'Aquila,AQ,4.92,8.46,24.57,2026-08,immobiliare.it,2026-09-24
Guarene,4101,Cuneo,CN,3.7,8.05,23.11,2026-08,immobiliare.it,2026-09-24
Minervino di Lecce,75047,Lecce,LE,4.23,6.32,20.76,2026-08,immobiliare.it,2026-09-24
Bobbio,33005,Piacenza,PC,5.16,6.35,11.62,2026-08,immobiliare.it,2026-09-24
Centro Valle Intelvi,13254,Como,CO,7.49,8.82,21.76,2026-08,immobiliare.it,2026-09-24
Lucignano,51021,Arezzo,AR,4.91,6.52,11.39,2026-08,immobiliare.it,2026-09-24
Calvagese della Riviera,17033,Brescia,BS,6.27,9.34,20.46,2026-08,immobiliare.it,2026-09-24
Brancaleone,80014,Reggio di Calabria,RC,3.89,5.38,17.64,2026-08,immobiliare.it,2026-09-24
Teulada,111089,Sud Sardegna,SU,6.54,9.03,10.95,2026-08,immobiliare.it,2026-09-24
Saint-Christophe,7058,Valle d'Aosta/Vallée d'Aoste,AO,5.94,9.24,35.85,2026-08,immobiliare.it,2026-09-24
Marchirolo,12097,Varese,VA,7.3,9.44,14.05,2026-08,immobiliare.it,2026-09-24
Melissa,101014,Crotone,KR,6.57,23.24,29.42,2026-08,immobiliare.it,2026-09-24
Lauro,64043,Avellino,AV,3.12,4.19,7.83,2026-08,immobiliare.it,2026-09-24
Puegnago sul Garda,17158,Brescia,BS,6.27,10.07,20.46,2026-08,immobiliare.it,2026-09-24
Neive,4148,Cuneo,CN,3.7,7.87,23.11,2026-08,immobiliare.it,2026-09-24
Magliano in Toscana,53013,Grosseto,GR,6.41,8.19,32.03,2026-08,immobiliare.it,2026-09-24
Collazzone,54014,Perugia,PG,3.7,6.12,16.34,2026-08,immobiliare.it,2026-09-24
Castelplanio,42012,Ancona,AN,4.67,8,10.07,2026-08,immobiliare.it,2026-09-24
Satriano,79123,Catanzaro,CZ,4.31,22.23,25.11,2026-08,immobiliare.it,2026-09-24
Sordio,98055,Lodi,LO,5.33,8.68,11.5,2026-08,immobiliare.it,2026-09-24
Marta,56034,Viterbo,VT,4.07,5.8,19.99,2026-08,immobiliare.it,2026-09-24
Caposele,64017,Avellino,AV,3.12,5.24,7.83,2026-08,immobiliare.it,2026-09-24
Valfabbrica,54057,Perugia,PG,3.7,3.78,16.34,2026-08,immobiliare.it,2026-09-24
Dongo,13090,Como,CO,7.49,9.51,21.76,2026-08,immobiliare.it,2026-09-24
Monsano,42025,Ancona,AN,4.67,8.19,10.07,2026-08,immobiliare.it,2026-09-24
San Lorenzo in Campo,41054,Pesaro e Urbino,PU,4.63,6.67,11.1,2026-08,immobiliare.it,2026-09-24
Bedonia,34003,Parma,PR,5.39,6.42,12.5,2026-08,immobiliare.it,2026-09-24
Vo',28105,Padova,PD,5.18,7.85,14.27,2026-08,immobiliare.it,2026-09-24
Godiasco Salice Terme,18073,Pavia,PV,5.08,7.92,11.58,2026-08,immobiliare.it,2026-09-24
Banchette,1020,Torino,TO,3.79,6.18,23.85,2026-08,immobiliare.it,2026-09-24
San Michele all'Adige,22167,Trento,TN,7.09,12.8,30.24,2026-08,immobiliare.it,2026-09-24
Abbadia Lariana,97001,Lecco,LC,6.48,11.58,18.23,2026-08,immobiliare.it,2026-09-24
San Michele di Ganzaria,87043,Catania,CT,3.99,4.41,10.7,2026-08,immobiliare.it,2026-09-24
Bellano,97008,Lecco,LC,6.48,12.67,18.23,2026-08,immobiliare.it,2026-09-24
Sarnano,43049,Macerata,MC,4.55,4.76,11.95,2026-08,immobiliare.it,2026-09-24
Marano di Valpolicella,23046,Verona,VR,5.97,10.91,26.29,2026-08,immobiliare.it,2026-09-24
Carlazzo,13047,Como,CO,7.49,10.45,21.76,2026-08,immobiliare.it,2026-09-24
Marliana,47007,Pistoia,PT,7.67,8.88,10.34,2026-08,immobiliare.it,2026-09-24
Perosa Argentina,1184,Torino,TO,3.79,5.29,23.85,2026-08,immobiliare.it,2026-09-24
Castelnuovo Don Bosco,5031,Asti,AT,4.03,5.97,7.65,2026-08,immobiliare.it,2026-09-24
Civitella Paganico,53008,Grosseto,GR,6.41,6.41,32.03,2026-08,immobiliare.it,2026-09-24
Pove del Grappa,24081,Vicenza,VI,4.38,7.93,28.76,2026-08,immobiliare.it,2026-09-24
Polcenigo,93031,Pordenone,PN,5.19,9.31,11.04,2026-08,immobiliare.it,2026-09-24
Trappeto,82074,Palermo,PA,3.78,6.5,10.48,2026-08,immobiliare.it,2026-09-24
Vicoforte,4242,Cuneo,CN,3.7,6.25,23.11,2026-08,immobiliare.it,2026-09-24
Buonconvento,52003,Siena,SI,6.28,8.89,11.89,2026-08,immobiliare.it,2026-09-24
Pieve Santo Stefano,51030,Arezzo,AR,4.91,6.52,11.39,2026-08,immobiliare.it,2026-09-24
Savignone,10057,Genova,GE,5.07,5.97,32.58,2026-08,immobiliare.it,2026-09-24
Pastrengo,23057,Verona,VR,5.97,13.81,26.29,2026-08,immobiliare.it,2026-09-24
Pietrelcina,62052,Benevento,BN,3.29,7.53,10.84,2026-08,immobiliare.it,2026-09-24
Marradi,48026,Firenze,FI,6.14,6.34,21.7,2026-08,immobiliare.it,2026-09-24
Fontanarosa,64033,Avellino,AV,3.12,5.26,7.83,2026-08,immobiliare.it,2026-09-24
Misano di Gera d'Adda,16135,Bergamo,BG,4.71,8.99,16.63,2026-08,immobiliare.it,2026-09-24
Nus,7045,Valle D'Aosta/Vallée D'Aoste,AO,5.94,7.69,35.85,2026-08,immobiliare.it,2026-09-24
Fanano,36011,Modena,MO,6.04,6.98,12.59,2026-08,immobiliare.it,2026-09-24
Alta Valle Intelvi,13253,Como,CO,7.49,10.14,21.76,2026-08,immobiliare.it,2026-09-24
Villa di Tirano,14078,Sondrio,SO,6.77,7.15,27.69,2026-08,immobiliare.it,2026-09-24
Sella Giudicarie,22246,Trento,TN,7.09,9.38,30.24,2026-08,immobiliare.it,2026-09-24
Diso,75027,Lecce,LE,4.23,5.88,20.76,2026-08,immobiliare.it,2026-09-24
Badolato,79008,Catanzaro,CZ,4.31,20.61,25.11,2026-08,immobiliare.it,2026-09-24
Roncegno Terme,22156,Trento,TN,7.09,10.17,30.24,2026-08,immobiliare.it,2026-09-24
Palazzolo dello Stella,30069,Udine,UD,5.84,7.91,18.84,2026-08,immobiliare.it,2026-09-24
Cornegliano Laudense,98021,Lodi,LO,5.33,10.4,11.5,2026-08,immobiliare.it,2026-09-24
Madruzzo,22243,Trento,TN,7.09,10.11,30.24,2026-08,immobiliare.it,2026-09-24
Comerio,12055,Varese,VA,7.3,12.35,14.05,2026-08,immobiliare.it,2026-09-24
Pedaso,109030,Fermo,FM,5.11,8.52,10.04,2026-08,immobiliare.it,2026-09-24
Riva Ligure,8050,Imperia,IM,10.22,14.28,17.66,2026-08,immobiliare.it,2026-09-24
Lamon,25026,Belluno,BL,7.87,11.75,30.63,2026-08,immobiliare.it,2026-09-24
Scurcola Marsicana,66096,L'Aquila,AQ,4.92,6.02,24.57,2026-08,immobiliare.it,2026-09-24
Celico,78034,Cosenza,CS,3.48,5.74,26.89,2026-08,immobiliare.it,2026-09-24
Isera,22098,Trento,TN,7.09,11.09,30.24,2026-08,immobiliare.it,2026-09-24
Alano di Piave,25002,Belluno,BL,7.87,8.65,30.63,2026-08,immobiliare.it,2026-09-24
Bonifati,78019,Cosenza,CS,3.48,19.17,26.89,2026-08,immobiliare.it,2026-09-24
San Mango Piemonte,65121,Salerno,SA,4.77,7.45,12.18,2026-08,immobiliare.it,2026-09-24
Barile,76011,Potenza,PZ,4.26,6.38,9.78,2026-08,immobiliare.it,2026-09-24
Luisago,13135,Como,CO,7.49,11.35,21.76,2026-08,immobiliare.it,2026-09-24
Garlate,97038,Lecco,LC,6.48,8.83,18.23,2026-08,immobiliare.it,2026-09-24
Arrone,55005,Terni,TR,4.08,6.35,7.44,2026-08,immobiliare.it,2026-09-24
Acquasanta Terme,44001,Ascoli Piceno,AP,4.94,5.33,11.08,2026-08,immobiliare.it,2026-09-24
Salandra,77024,Matera,MT,5.02,6.96,9.19,2026-08,immobiliare.it,2026-09-24
Solferino,20063,Mantova,MN,5.71,10.2,14.82,2026-08,immobiliare.it,2026-09-24
Villanova d'Albenga,9068,Savona,SV,5.11,9.11,26.1,2026-08,immobiliare.it,2026-09-24
Lama Mocogno,36018,Modena,MO,6.04,6.76,12.59,2026-08,immobiliare.it,2026-09-24
Baschi,55007,Terni,TR,4.08,6.88,7.44,2026-08,immobiliare.it,2026-09-24
Sandigliano,96059,Biella,BI,3.86,5.36,7.65,2026-08,immobiliare.it,2026-09-24
Fiano,1104,Torino,TO,3.79,6.56,23.85,2026-08,immobiliare.it,2026-09-24
Bereguardo,18014,Pavia,PV,5.08,6.53,11.58,2026-08,immobiliare.it,2026-09-24
Vallata,64114,Avellino,AV,3.12,4.78,7.83,2026-08,immobiliare.it,2026-09-24
Guardamiglio,98029,Lodi,LO,5.33,5.33,11.5,2026-08,immobiliare.it,2026-09-24
Romano Canavese,1223,Torino,TO,3.79,7.29,23.85,2026-08,immobiliare.it,2026-09-24
Fontaneto d'Agogna,3066,Novara,NO,4.75,7.51,14.5,2026-08,immobiliare.it,2026-09-24
Varano de' Melegari,34045,Parma,PR,5.39,7.07,12.5,2026-08,immobiliare.it,2026-09-24
Schiavon,24099,Vicenza,VI,4.38,7.98,28.76,2026-08,immobiliare.it,2026-09-24
Cetona,52008,Siena,SI,6.28,8.96,11.89,2026-08,immobiliare.it,2026-09-24
Taverna,79146,Catanzaro,CZ,4.31,11.6,25.11,2026-08,immobiliare.it,2026-09-24
Dervio,97030,Lecco,LC,6.48,8.26,18.23,2026-08,immobiliare.it,2026-09-24
Fratta Polesine,29024,Rovigo,RO,5.41,8.57,18.78,2026-08,immobiliare.it,2026-09-24
Motteggiana,20037,Mantova,MN,5.71,7.8,14.82,2026-08,immobiliare.it,2026-09-24
Ternate,12126,Varese,VA,7.3,10.35,14.05,2026-08,immobiliare.it,2026-09-24
Gerace,80036,Reggio Di Calabria,RC,3.89,5.07,17.64,2026-08,immobiliare.it,2026-09-24
Montorfano,13157,Como,CO,7.49,11.26,21.76,2026-08,immobiliare.it,2026-09-24
Vestenanova,23093,Verona,VR,5.97,10.42,26.29,2026-08,immobiliare.it,2026-09-24
Bolotana,91010,Nuoro,NU,6.86,12.68,33.22,2026-08,immobiliare.it,2026-09-24
Giovo,22092,Trento,TN,7.09,11.56,30.24,2026-08,immobiliare.it,2026-09-24
Bergantino,29006,Rovigo,RO,5.41,8.85,18.78,2026-08,immobiliare.it,2026-09-24
Garbagnate Monastero,97037,Lecco,LC,6.48,8.99,18.23,2026-08,immobiliare.it,2026-09-24
Mezzane di Sotto,23047,Verona,VR,5.97,11.24,26.29,2026-08,immobiliare.it,2026-09-24
Santo Stefano di Cadore,25050,Belluno,BL,7.87,14.5,30.63,2026-08,immobiliare.it,2026-09-24
Pomarolo,22144,Trento,TN,7.09,12.31,30.24,2026-08,immobiliare.it,2026-09-24
Galeata,40014,Forli'-Cesena,FC,6.45,6.45,17.31,2026-08,immobiliare.it,2026-09-24
Mamoiada,91046,Nuoro,NU,6.86,7.04,33.22,2026-08,immobiliare.it,2026-09-24
Chiuppano,24030,Vicenza,VI,4.38,4.77,28.76,2026-08,immobiliare.it,2026-09-24
Varano Borghi,12132,Varese,VA,7.3,10.04,14.05,2026-08,immobiliare.it,2026-09-24
Moruzzo,30063,Udine,UD,5.84,7.85,18.84,2026-08,immobiliare.it,2026-09-24
Muzzana del Turgnano,30064,Udine,UD,5.84,7.61,18.84,2026-08,immobiliare.it,2026-09-24
Cinigiano,53007,Grosseto,GR,6.41,6.41,32.03,2026-08,immobiliare.it,2026-09-24
Avigliano Umbro,55033,Terni,TR,4.08,6.88,7.44,2026-08,immobiliare.it,2026-09-24
Orzivecchi,17126,Brescia,BS,6.27,11.09,20.46,2026-08,immobiliare.it,2026-09-24
Capo di Ponte,17035,Brescia,BS,6.27,8.05,20.46,2026-08,immobiliare.it,2026-09-24
Mozzagrogna,69056,Chieti,CH,4.58,6.86,9.09,2026-08,immobiliare.it,2026-09-24
Bagnara di Romagna,39003,Ravenna,RA,6.14,10.34,23.41,2026-08,immobiliare.it,2026-09-24
Leivi,10029,Genova,GE,5.07,7.96,32.58,2026-08,immobiliare.it,2026-09-24
Torre d'Isola,18159,Pavia,PV,5.08,7.75,11.58,2026-08,immobiliare.it,2026-09-24
Medolago,16250,Bergamo,BG,4.71,10.84,16.63,2026-08,immobiliare.it,2026-09-24
Atena Lucana,65010,Salerno,SA,4.77,8.24,12.18,2026-08,immobiliare.it,2026-09-24
Mulazzo,45012,Massa-Carrara,MS,6.18,7.48,16.41,2026-08,immobiliare.it,2026-09-24
Monticello d'Alba,4142,Cuneo,CN,3.7,6.3,23.11,2026-08,immobiliare.it,2026-09-24
Porto Valtravaglia,12114,Varese,VA,7.3,10.08,14.05,2026-08,immobiliare.it,2026-09-24
Campello sul Clitunno,54005,Perugia,PG,3.7,5.52,16.34,2026-08,immobiliare.it,2026-09-24
Corbola,29017,Rovigo,RO,5.41,7.84,18.78,2026-08,immobiliare.it,2026-09-24
Leonessa,57033,Rieti,RI,4.01,6.19,9.87,2026-08,immobiliare.it,2026-09-24
Pievepelago,36031,Modena,MO,6.04,7.3,12.59,2026-08,immobiliare.it,2026-09-24
Pozzilli,94038,Isernia,IS,5.39,7.73,7.81,2026-08,immobiliare.it,2026-09-24
Villanova Monteleone,90078,Sassari,SS,7.04,10.82,13.92,2026-08,immobiliare.it,2026-09-24
Diano Castello,8026,Imperia,IM,10.22,15.8,17.66,2026-08,immobiliare.it,2026-09-24
Pescate,97068,Lecco,LC,6.48,9.22,18.23,2026-08,immobiliare.it,2026-09-24
Bodio Lomnago,12016,Varese,VA,10,10,10,2026-09,realadvisor.it,2026-09-24
Lesa,3084,Novara,NO,12.75,12.75,12.75,2026-09,realadvisor.it,2026-09-24
Staffolo,42049,Ancona,AN,7.75,7.75,7.75,2026-09,realadvisor.it,2026-09-24
Sagrado,31017,Gorizia,GO,10.42,10.42,10.42,2026-09,realadvisor.it,2026-09-24
Armeno,3006,Novara,NO,10.5,10.5,10.5,2026-09,realadvisor.it,2026-09-24
Castagnito,4046,Cuneo,CN,9.33,9.33,9.33,2026-09,realadvisor.it,2026-09-24
Uscio,10064,Genova,GE,8.42,8.42,8.42,2026-09,realadvisor.it,2026-09-24
Mergozzo,103044,Verbano-Cusio-Ossola,VB,10.58,10.58,10.58,2026-09,realadvisor.it,2026-09-24
Castelnuovo di Val di Cecina,50011,Pisa,PI,5.42,5.42,5.42,2026-09,realadvisor.it,2026-09-24
Revine Lago,26067,Treviso,TV,9.08,9.08,9.08,2026-09,realadvisor.it,2026-09-24
Bardi,34002,Parma,PR,7.42,7.42,7.42,2026-09,realadvisor.it,2026-09-24
Albareto,34001,Parma,PR,5.08,5.08,5.08,2026-09,realadvisor.it,2026-09-24
Podenzana,45013,Massa-Carrara,MS,7.92,7.92,7.92,2026-09,realadvisor.it,2026-09-24
Maierato,102020,Vibo Valentia,VV,6.58,6.58,6.58,2026-09,realadvisor.it,2026-09-24
Ospedaletto d'Alpinolo,64067,Avellino,AV,5.83,5.83,5.83,2026-09,realadvisor.it,2026-09-24
Paluzza,30071,Udine,UD,9,9,9,2026-09,realadvisor.it,2026-09-24
Santa Caterina dello Ionio,79117,Catanzaro,CZ,18.5,18.5,18.5,2026-09,realadvisor.it,2026-09-24
Riola Sardo,95043,Oristano,OR,10.08,10.08,10.08,2026-09,realadvisor.it,2026-09-24
Oliveri,83063,Messina,ME,19.17,19.17,19.17,2026-09,realadvisor.it,2026-09-24
Morgex,7044,Valle D'Aosta/Vallée D'Aoste,AO,26.83,26.83,26.83,2026-09,realadvisor.it,2026-09-24
Travo,33043,Piacenza,PC,8.83,8.83,8.83,2026-09,realadvisor.it,2026-09-24
Roverè Veronese,23067,Verona,VR,9.83,9.83,9.83,2026-09,realadvisor.it,2026-09-24
Vernasca,33044,Piacenza,PC,8.58,8.58,8.58,2026-09,realadvisor.it,2026-09-24
Chiaverano,1077,Torino,TO,7.42,7.42,7.42,2026-09,realadvisor.it,2026-09-24
Agazzano,33001,Piacenza,PC,9.67,9.67,9.67,2026-09,realadvisor.it,2026-09-24
Selvino,16197,Bergamo,BG,18.5,18.5,18.5,2026-09,realadvisor.it,2026-09-24
Santa Severina,101022,Crotone,KR,8.92,8.92,8.92,2026-09,realadvisor.it,2026-09-24
Montoggio,10039,Genova,GE,5.92,5.92,5.92,2026-09,realadvisor.it,2026-09-24
Venzone,30131,Udine,UD,7.5,7.5,7.5,2026-09,realadvisor.it,2026-09-24
Berceto,34004,Parma,PR,5.83,5.83,5.83,2026-09,realadvisor.it,2026-09-24
Tresivio,14070,Sondrio,SO,7.5,7.5,7.5,2026-09,realadvisor.it,2026-09-24
Minucciano,46019,Lucca,LU,12.75,12.75,12.75,2026-09,realadvisor.it,2026-09-24
Attigliano,55006,Terni,TR,5.5,5.5,5.5,2026-09,realadvisor.it,2026-09-24
Roccafluvione,44064,Ascoli Piceno,AP,5.33,5.33,5.33,2026-09,realadvisor.it,2026-09-24
Cinto Euganeo,28031,Padova,PD,8.92,8.92,8.92,2026-09,realadvisor.it,2026-09-24
Castelletto d'Orba,6049,Alessandria,AL,7.33,7.33,7.33,2026-09,realadvisor.it,2026-09-24
Chiusi della Verna,51015,Arezzo,AR,8.75,8.75,8.75,2026-09,realadvisor.it,2026-09-24
Fontanelice,37026,Bologna,BO,7.58,7.58,7.58,2026-09,realadvisor.it,2026-09-24
Giurdignano,75033,Lecce,LE,8.75,8.75,8.75,2026-09,realadvisor.it,2026-09-24
Sulzano,17182,Brescia,BS,12.5,12.5,12.5,2026-09,realadvisor.it,2026-09-24
Castellina Marittima,50010,Pisa,PI,11.42,11.42,11.42,2026-09,realadvisor.it,2026-09-24
Guardia Piemontese,78061,Cosenza,CS,13.5,13.5,13.5,2026-09,realadvisor.it,2026-09-24
Salussola,96058,Biella,BI,6.25,6.25,6.25,2026-09,realadvisor.it,2026-09-24
Esanatoglia,43016,Macerata,MC,5.67,5.67,5.67,2026-09,realadvisor.it,2026-09-24
Vallermosa,111095,Sud Sardegna,SU,7.67,7.67,7.67,2026-09,realadvisor.it,2026-09-24
Joppolo,102018,Vibo Valentia,VV,12.17,12.17,12.17,2026-09,realadvisor.it,2026-09-24
Campofilone,109004,Fermo,FM,9.33,9.33,9.33,2026-09,realadvisor.it,2026-09-24
Londa,48025,Firenze,FI,7.08,7.08,7.08,2026-09,realadvisor.it,2026-09-24
Belforte del Chienti,43004,Macerata,MC,6.67,6.67,6.67,2026-09,realadvisor.it,2026-09-24
Caianello,61008,Caserta,CE,6.58,6.58,6.58,2026-09,realadvisor.it,2026-09-24
Cassinetta di Lugagnano,15061,Milano,MI,11.92,11.92,11.92,2026-09,realadvisor.it,2026-09-24
Valle di Cadore,25063,Belluno,BL,41.33,41.33,41.33,2026-09,realadvisor.it,2026-09-24
Mangone,78075,Cosenza,CS,3.33,3.33,3.33,2026-09,realadvisor.it,2026-09-24
Ferentillo,55012,Terni,TR,5.33,5.33,5.33,2026-09,realadvisor.it,2026-09-24
Predore,16174,Bergamo,BG,13.58,13.58,13.58,2026-09,realadvisor.it,2026-09-24
Camugnano,37010,Bologna,BO,6.42,6.42,6.42,2026-09,realadvisor.it,2026-09-24
Verghereto,40050,Forli'-Cesena,FC,7.92,7.92,7.92,2026-09,realadvisor.it,2026-09-24
Nebbiuno,3103,Novara,NO,13.58,13.58,13.58,2026-09,realadvisor.it,2026-09-24
Otricoli,55024,Terni,TR,6.75,6.75,6.75,2026-09,realadvisor.it,2026-09-24
Calvi dell'Umbria,55008,Terni,TR,10.33,10.33,10.33,2026-09,realadvisor.it,2026-09-24
Guardea,55015,Terni,TR,5.75,5.75,5.75,2026-09,realadvisor.it,2026-09-24
Penna Sant'Andrea,67033,Teramo,TE,5.5,5.5,5.5,2026-09,realadvisor.it,2026-09-24
Montegiordano,78082,Cosenza,CS,6.42,6.42,6.42,2026-09,realadvisor.it,2026-09-24
Masi,28049,Padova,PD,7.92,7.92,7.92,2026-09,realadvisor.it,2026-09-24
Savoca,83093,Messina,ME,11.5,11.5,11.5,2026-09,realadvisor.it,2026-09-24
Castiglione di Garfagnana,46010,Lucca,LU,7.92,7.92,7.92,2026-09,realadvisor.it,2026-09-24
Montauro,79080,Catanzaro,CZ,20.08,20.08,20.08,2026-09,realadvisor.it,2026-09-24
Sassello,9055,Savona,SV,7.5,7.5,7.5,2026-09,realadvisor.it,2026-09-24
Gignod,7030,Valle D'Aosta/Vallée D'Aoste,AO,11.58,11.58,11.58,2026-09,realadvisor.it,2026-09-24
San Siro,13248,Como,CO,14.33,14.33,14.33,2026-09,realadvisor.it,2026-09-24
Bascapè,18009,Pavia,PV,10.42,10.42,10.42,2026-09,realadvisor.it,2026-09-24
Capriva del Friuli,31001,Gorizia,GO,9.42,9.42,9.42,2026-09,realadvisor.it,2026-09-24
Genga,42020,Ancona,AN,5.25,5.25,5.25,2026-09,realadvisor.it,2026-09-24
Ospedaletto Lodigiano,98043,Lodi,LO,8.25,8.25,8.25,2026-09,realadvisor.it,2026-09-24
Villanova sull'Arda,33046,Piacenza,PC,8.33,8.33,8.33,2026-09,realadvisor.it,2026-09-24
Calice Ligure,9016,Savona,SV,23.42,23.42,23.42,2026-09,realadvisor.it,2026-09-24
Oratino,70049,Campobasso,CB,6.17,6.17,6.17,2026-09,realadvisor.it,2026-09-24
Farra d'Isonzo,31005,Gorizia,GO,10.42,10.42,10.42,2026-09,realadvisor.it,2026-09-24
Carpegna,41009,Pesaro e Urbino,PU,8.92,8.92,8.92,2026-09,realadvisor.it,2026-09-24
Bizzarone,13024,Como,CO,12.25,12.25,12.25,2026-09,realadvisor.it,2026-09-24
Massignano,44029,Ascoli Piceno,AP,9.58,9.58,9.58,2026-09,realadvisor.it,2026-09-24
Montecchio,55018,Terni,TR,6.08,6.08,6.08,2026-09,realadvisor.it,2026-09-24
Castelcivita,65030,Salerno,SA,3.58,3.58,3.58,2026-09,realadvisor.it,2026-09-24
Montone,54033,Perugia,PG,7.08,7.08,7.08,2026-09,realadvisor.it,2026-09-24
Castelpetroso,94010,Isernia,IS,5.67,5.67,5.67,2026-09,realadvisor.it,2026-09-24
Enego,24039,Vicenza,VI,7.33,7.33,7.33,2026-09,realadvisor.it,2026-09-24
Mezzano,22115,Trento,TN,10.33,10.33,10.33,2026-09,realadvisor.it,2026-09-24
San Pietro Mussolino,24094,Vicenza,VI,7.92,7.92,7.92,2026-09,realadvisor.it,2026-09-24
Refrancore,5089,Asti,AT,5.17,5.17,5.17,2026-09,realadvisor.it,2026-09-24
Sant'Alfio,87046,Catania,CT,7.25,7.25,7.25,2026-09,realadvisor.it,2026-09-24
Bonarcado,95015,Oristano,OR,7.75,7.75,7.75,2026-09,realadvisor.it,2026-09-24
Montebello della Battaglia,18095,Pavia,PV,6.5,6.5,6.5,2026-09,realadvisor.it,2026-09-24
San Pancrazio,21084,Bolzano/Bozen,BZ,14.25,14.25,14.25,2026-09,realadvisor.it,2026-09-24
Valsolda,13234,Como,CO,13.58,13.58,13.58,2026-09,realadvisor.it,2026-09-24
Monte Castello di Vibio,54029,Perugia,PG,6.17,6.17,6.17,2026-09,realadvisor.it,2026-09-24
San Severino Lucano,76078,Potenza,PZ,5.17,5.17,5.17,2026-09,realadvisor.it,2026-09-24
Sant'Antonio di Gallura,90085,Sassari,SS,15.25,15.25,15.25,2026-09,realadvisor.it,2026-09-24
Montegrino Valtravaglia,12103,Varese,VA,10,10,10,2026-09,realadvisor.it,2026-09-24
Aielli,66002,L'Aquila,AQ,8.25,8.25,8.25,2026-09,realadvisor.it,2026-09-24
Rocca Grimalda,6147,Alessandria,AL,6,6,6,2026-09,realadvisor.it,2026-09-24
Paderno del Grappa,26054,Treviso,TV,6.28,8.02,18.46,2026-08,immobiliare.it,2026-09-24
Calliano,22035,Trento,TN,7.09,11.05,30.24,2026-08,immobiliare.it,2026-09-24
Graniti,83034,MESSINA,ME,4.01,7.85,19.98,2026-08,immobiliare.it,2026-09-26
Canal San Bovo,22038,TRENTO,TN,7.09,11.64,30.24,2026-08,immobiliare.it,2026-09-26
Isnello,82042,PALERMO,PA,3.78,10.29,10.48,2026-08,immobiliare.it,2026-09-26
Carbonara al Ticino,18030,PAVIA,PV,5.08,8.19,11.58,2026-08,immobiliare.it,2026-09-26
Borgo Priolo,18016,PAVIA,PV,5.08,7.26,11.58,2026-08,immobiliare.it,2026-09-26
Palmariggi,75058,LECCE,LE,4.23,5.95,20.76,2026-08,immobiliare.it,2026-09-26
Calizzano,9017,SAVONA,SV,5.11,11.93,26.1,2026-08,immobiliare.it,2026-09-26
Segonzano,22172,TRENTO,TN,7.09,11.36,30.24,2026-08,immobiliare.it,2026-09-26
Cocconato,5042,ASTI,AT,4.03,4.74,7.65,2026-08,immobiliare.it,2026-09-26
Vezza d'Oglio,17198,BRESCIA,BS,6.27,11.18,20.46,2026-08,immobiliare.it,2026-09-26
Lugnano in Teverina,55016,TERNI,TR,4.08,4.76,7.44,2026-08,immobiliare.it,2026-09-26
Papozze,29034,ROVIGO,RO,5.41,8.15,18.78,2026-08,immobiliare.it,2026-09-26
Ulassai,91098,NUORO,NU,9,9.08,33.22,2026-08,immobiliare.it,2026-09-26
Contà,22242,TRENTO,TN,7.09,7.09,30.24,2026-08,immobiliare.it,2026-09-26
Caprese Michelangelo,51007,AREZZO,AR,4.91,6.54,11.39,2026-08,immobiliare.it,2026-09-26
Agugliaro,24001,VICENZA,VI,4.38,7.9,28.76,2026-08,immobiliare.it,2026-09-26
Ozzano Monferrato,6123,ALESSANDRIA,AL,3.59,4.15,7.85,2026-08,immobiliare.it,2026-09-26
Sovramonte,25058,BELLUNO,BL,7.87,8.65,30.63,2026-08,immobiliare.it,2026-09-26
Vigo di Cadore,25065,BELLUNO,BL,7.87,11.38,30.63,2026-08,immobiliare.it,2026-09-26
Crodo,103026,VERBANO-CUSIO-OSSOLA,VB,4.29,8.22,14.01,2026-08,immobiliare.it,2026-09-26
Romeno,22155,TRENTO,TN,7.09,7.66,30.24,2026-08,immobiliare.it,2026-09-26
San Sostene,79116,CATANZARO,CZ,4.31,21.08,25.11,2026-08,immobiliare.it,2026-09-26
Gairo,91026,NUORO,NU,9,12.26,33.22,2026-08,immobiliare.it,2026-09-26
Canneto Pavese,18029,PAVIA,PV,5.08,7.04,11.58,2026-08,immobiliare.it,2026-09-26
Pontebba,30076,UDINE,UD,5.84,6.77,18.84,2026-08,immobiliare.it,2026-09-26
Malesco,103041,VERBANO-CUSIO-OSSOLA,VB,4.29,11.56,14.01,2026-08,immobiliare.it,2026-09-26
Calopezzati,78021,COSENZA,CS,3.48,10.64,26.89,2026-08,immobiliare.it,2026-09-26
Pusiano,13193,COMO,CO,7.49,9.85,21.76,2026-08,immobiliare.it,2026-09-26
Vallarsa,22210,TRENTO,TN,7.09,9.61,30.24,2026-08,immobiliare.it,2026-09-26
Tambre,25060,BELLUNO,BL,7.87,10.88,30.63,2026-08,immobiliare.it,2026-09-26
Vivaro,93050,PORDENONE,PN,5.19,9.85,11.04,2026-08,immobiliare.it,2026-09-26
Grandola ed Uniti,13111,COMO,CO,7.49,10.24,21.76,2026-08,immobiliare.it,2026-09-26
Lanzada,14036,SONDRIO,SO,6.77,9.1,27.69,2026-08,immobiliare.it,2026-09-26
Codrongianos,90026,SASSARI,SS,7.04,9.2,13.92,2026-08,immobiliare.it,2026-09-26
Belcastro,79009,CATANZARO,CZ,4.31,12.01,25.11,2026-08,immobiliare.it,2026-09-26
Castro,16065,BERGAMO,BG,4.71,9.05,16.63,2026-08,immobiliare.it,2026-09-26
Villa Collemandina,46035,LUCCA,LU,4.29,6.42,27.33,2026-08,immobiliare.it,2026-09-26
Villanovafranca,111101,SUD SARDEGNA,SU,7.04,9.39,9.83,2026-08,immobiliare.it,2026-09-26
Verrayes,7072,VALLE D'AOSTA/VALLÉE D'AOSTE,AO,5.94,9.17,35.85,2026-08,immobiliare.it,2026-09-26
Villeneuve,7074,VALLE D'AOSTA/VALLÉE D'AOSTE,AO,5.94,7.58,35.85,2026-08,immobiliare.it,2026-09-26
Brugnato,11007,LA SPEZIA,SP,6.54,8.98,28.49,2026-08,immobiliare.it,2026-09-26
Sutrio,30112,UDINE,UD,5.84,6.74,18.84,2026-08,immobiliare.it,2026-09-26
Poggio Catino,57052,RIETI,RI,4.01,6.29,9.87,2026-08,immobiliare.it,2026-09-26
Frontone,41018,PESARO E URBINO,PU,4.63,6.06,11.1,2026-08,immobiliare.it,2026-09-26
Spiazzo,22179,TRENTO,TN,7.09,21.06,30.24,2026-08,immobiliare.it,2026-09-26
Oricola,66062,L'AQUILA,AQ,4.92,5.82,24.57,2026-08,immobiliare.it,2026-09-26
Barumini,111005,SUD SARDEGNA,SU,7.04,9.34,9.83,2026-08,immobiliare.it,2026-09-26
Candia Canavese,1050,TORINO,TO,3.79,6.06,23.85,2026-08,immobiliare.it,2026-09-26
Ranzanico,16179,BERGAMO,BG,4.71,9.36,16.63,2026-08,immobiliare.it,2026-09-26
Torri in Sabina,57070,RIETI,RI,4.01,6.07,9.87,2026-08,immobiliare.it,2026-09-26
Castel del Rio,37014,BOLOGNA,BO,4.82,7.1,16.59,2026-08,immobiliare.it,2026-09-26
Denno,22074,TRENTO,TN,7.09,7.09,30.24,2026-08,immobiliare.it,2026-09-26
Cervesina,18047,PAVIA,PV,5.08,6.74,11.58,2026-08,immobiliare.it,2026-09-26
Nesso,13161,COMO,CO,7.49,12.74,21.76,2026-08,immobiliare.it,2026-09-26
Prossedi,59020,LATINA,LT,3.77,6.1,25.31,2026-08,immobiliare.it,2026-09-26
Ferriere,33020,PIACENZA,PC,5.16,6.82,11.62,2026-08,immobiliare.it,2026-09-26
Laureana Cilento,65060,SALERNO,SA,4.77,8.31,12.18,2026-08,immobiliare.it,2026-09-26
Montegabbione,55020,TERNI,TR,4.08,6.67,7.44,2026-08,immobiliare.it,2026-09-26
Montieri,53017,GROSSETO,GR,6.41,7.83,32.03,2026-08,immobiliare.it,2026-09-26
Lapedona,109009,Fermo,FM,5.11,5.6,10.04,2026-08,immobiliare.it,2026-09-26
Sarezzano,6158,ALESSANDRIA,AL,3.59,5.62,7.85,2026-08,immobiliare.it,2026-09-26
Isola Dovarese,19053,CREMONA,CR,5.86,6.42,12.04,2026-08,immobiliare.it,2026-09-26
Cortenova,97025,LECCO,LC,6.48,8.34,18.23,2026-08,immobiliare.it,2026-09-26
Costacciaro,54016,PERUGIA,PG,3.7,5.48,16.34,2026-08,immobiliare.it,2026-09-26
Schilpario,16195,BERGAMO,BG,4.71,7.46,16.63,2026-08,immobiliare.it,2026-09-26
Monasterolo del Castello,16137,BERGAMO,BG,4.71,6.4,16.63,2026-08,immobiliare.it,2026-09-26
Ocre,66059,L'AQUILA,AQ,4.92,8.09,24.57,2026-08,immobiliare.it,2026-09-26
Gemmano,99004,RIMINI,RN,7.12,7.68,20.54,2026-08,immobiliare.it,2026-09-26
Tredozio,40049,FORLI'-CESENA,FC,6.45,8.33,17.31,2026-08,immobiliare.it,2026-09-26
Diano San Pietro,8028,IMPERIA,IM,10.22,16.82,17.66,2026-08,immobiliare.it,2026-09-26
Terranova di Pollino,76088,POTENZA,PZ,4.26,6.74,9.78,2026-08,immobiliare.it,2026-09-26
Sant'Orsola Terme,22168,TRENTO,TN,7.09,9.93,30.24,2026-08,immobiliare.it,2026-09-26
Colere,16078,BERGAMO,BG,4.71,8.05,16.63,2026-08,immobiliare.it,2026-09-26
Palazzuolo sul Senio,48031,FIRENZE,FI,6.14,6.29,21.7,2026-08,immobiliare.it,2026-09-26
Bertonico,98002,LODI,LO,5.33,7.62,11.5,2026-08,immobiliare.it,2026-09-26
Tresnuraghes,95067,ORISTANO,OR,8.35,9.46,13.24,2026-08,immobiliare.it,2026-09-26
San Godenzo,48039,FIRENZE,FI,6.14,6.38,21.7,2026-08,immobiliare.it,2026-09-26
Flaibano,30039,UDINE,UD,5.84,7.86,18.84,2026-08,immobiliare.it,2026-09-26
Compiano,34011,PARMA,PR,5.39,6.6,12.5,2026-08,immobiliare.it,2026-09-26
Verceia,14075,SONDRIO,SO,6.77,8.53,27.69,2026-08,immobiliare.it,2026-09-26
Fiavè,22083,TRENTO,TN,9.43,9.43,9.43,2026-08,immobiliare.it,2026-09-26
Caldes,22033,TRENTO,TN,7.09,7.23,30.24,2026-08,immobiliare.it,2026-09-26
Bugnara,66012,L'AQUILA,AQ,4.92,10.85,24.57,2026-08,immobiliare.it,2026-09-26
Montecopiolo,41033,PESARO E URBINO,PU,7.12,10.03,20.54,2026-08,immobiliare.it,2026-09-26
Santo Stefano d'Aveto,10056,GENOVA,GE,5.07,6.54,32.58,2026-08,immobiliare.it,2026-09-26
Calice al Cornoviglio,11008,LA SPEZIA,SP,6.54,7.66,28.49,2026-08,immobiliare.it,2026-09-26
Corte de' Cortesi con Cignone,19032,CREMONA,CR,5.86,6.7,12.04,2026-08,immobiliare.it,2026-09-26
Pietrapaola,78099,COSENZA,CS,3.48,9.21,26.89,2026-08,immobiliare.it,2026-09-26
Villar Pellice,1306,TORINO,TO,3.79,4.88,23.85,2026-08,immobiliare.it,2026-09-26
Radicofani,52024,SIENA,SI,6.28,6.96,11.89,2026-08,immobiliare.it,2026-09-26
Semproniano,53028,GROSSETO,GR,6.41,7.83,32.03,2026-08,immobiliare.it,2026-09-26
Villareggia,1304,TORINO,TO,3.79,6.07,23.85,2026-08,immobiliare.it,2026-09-26
San Giorgio di Lomellina,18136,PAVIA,PV,5.08,8.12,11.58,2026-08,immobiliare.it,2026-09-26
Buggerru,111006,SUD SARDEGNA,SU,6.54,7.04,10.95,2026-08,immobiliare.it,2026-09-26
Massino Visconti,3093,NOVARA,NO,4.75,10.17,14.5,2026-08,immobiliare.it,2026-09-26
Zone,17205,BRESCIA,BS,6.27,7.88,20.46,2026-08,immobiliare.it,2026-09-26
Gignese,103034,VERBANO-CUSIO-OSSOLA,VB,4.29,10.77,14.01,2026-08,immobiliare.it,2026-09-26
Cerreto di Spoleto,54010,PERUGIA,PG,3.7,8.19,16.34,2026-08,immobiliare.it,2026-09-26
Valchiusa,1318,TORINO,TO,3.79,5.95,23.85,2026-08,immobiliare.it,2026-09-26
Guardialfiera,70027,CAMPOBASSO,CB,4.47,10.11,17.77,2026-08,immobiliare.it,2026-09-26
Corvino San Quirico,18057,PAVIA,PV,5.08,7.25,11.58,2026-08,immobiliare.it,2026-09-26
Bagnasco,4008,CUNEO,CN,3.7,4.47,23.11,2026-08,immobiliare.it,2026-09-26
Ponzone,6136,ALESSANDRIA,AL,3.59,5.01,7.85,2026-08,immobiliare.it,2026-09-26
Oltre il Colle,16146,BERGAMO,BG,4.71,7.24,16.63,2026-08,immobiliare.it,2026-09-26
Casola in Lunigiana,45004,MASSA-CARRARA,MS,6.18,9.5,16.41,2026-08,immobiliare.it,2026-09-26
Capistrano,102005,VIBO VALENTIA,VV,4.31,10.64,19.78,2026-08,immobiliare.it,2026-09-26
Bossico,16033,BERGAMO,BG,4.71,6.73,16.63,2026-08,immobiliare.it,2026-09-26
San Giuliano del Sannio,70067,CAMPOBASSO,CB,4.47,5.98,17.77,2026-08,immobiliare.it,2026-09-26
Novello,4152,CUNEO,CN,3.7,7.28,23.11,2026-08,immobiliare.it,2026-09-26
Seggiano,53025,GROSSETO,GR,6.41,7.12,32.03,2026-08,immobiliare.it,2026-09-26
Piozzo,4169,CUNEO,CN,3.7,5.61,23.11,2026-08,immobiliare.it,2026-09-26
Ampezzo,30003,UDINE,UD,5.84,6.74,18.84,2026-08,immobiliare.it,2026-09-26
San Giorio di Susa,1245,TORINO,TO,3.79,4.38,23.85,2026-08,immobiliare.it,2026-09-26
Villa di Chiavenna,14077,SONDRIO,SO,6.77,8.69,27.69,2026-08,immobiliare.it,2026-09-26
Antignano,5003,ASTI,AT,4.03,4.78,7.65,2026-08,immobiliare.it,2026-09-26
Ameno,3002,NOVARA,NO,4.75,9.54,14.5,2026-08,immobiliare.it,2026-09-26
Pella,3115,NOVARA,NO,4.75,8.65,14.5,2026-08,immobiliare.it,2026-09-26
Santa Domenica Vittoria,83083,MESSINA,ME,4.01,6.21,19.98,2026-08,immobiliare.it,2026-09-26
Terruggia,6171,ALESSANDRIA,AL,3.59,4.29,7.85,2026-08,immobiliare.it,2026-09-26
Cicognolo,19030,CREMONA,CR,5.86,5.86,12.04,2026-08,immobiliare.it,2026-09-26
Tavigliano,96066,BIELLA,BI,3.86,5.32,7.65,2026-08,immobiliare.it,2026-09-26
Mandela,58053,ROMA,RM,5.44,7.59,19.31,2026-08,immobiliare.it,2026-09-26
Laglio,13119,COMO,CO,7.49,14.65,21.76,2026-08,immobiliare.it,2026-09-26
Castropignano,70016,CAMPOBASSO,CB,4.47,7,17.77,2026-08,immobiliare.it,2026-09-26
Grone,16119,BERGAMO,BG,4.71,6.4,16.63,2026-08,immobiliare.it,2026-09-26
Claut,93015,PORDENONE,PN,5.19,8.33,11.04,2026-08,immobiliare.it,2026-09-26
Orco Feglino,9044,SAVONA,SV,5.11,10.07,26.1,2026-08,immobiliare.it,2026-09-26
Borghetto di Vara,11006,LA SPEZIA,SP,6.54,8.96,28.49,2026-08,immobiliare.it,2026-09-26
Pretoro,69069,CHIETI,CH,4.58,6.43,9.09,2026-08,immobiliare.it,2026-09-26
Montalto Pavese,18094,PAVIA,PV,5.08,7.04,11.58,2026-08,immobiliare.it,2026-09-26
Selva di Progno,23080,VERONA,VR,5.97,8.83,26.29,2026-08,immobiliare.it,2026-09-26
Civita,78041,COSENZA,CS,3.48,9.38,26.89,2026-08,immobiliare.it,2026-09-26
Viarigi,5115,ASTI,AT,4.03,4.35,7.65,2026-08,immobiliare.it,2026-09-26
Vicolungo,3159,NOVARA,NO,4.75,8.88,14.5,2026-08,immobiliare.it,2026-09-26
Verzegnis,30132,UDINE,UD,5.84,7.19,18.84,2026-08,immobiliare.it,2026-09-26
Saviore dell'Adamello,17175,BRESCIA,BS,6.27,8.3,20.46,2026-08,immobiliare.it,2026-09-26
Angrogna,1011,TORINO,TO,3.79,6.24,23.85,2026-08,immobiliare.it,2026-09-26
Brindisi Montagna,76014,POTENZA,PZ,4.26,6.52,9.78,2026-08,immobiliare.it,2026-09-26
Schignano,13211,COMO,CO,7.49,8.19,21.76,2026-08,immobiliare.it,2026-09-26
Cevo,17051,BRESCIA,BS,6.27,8.34,20.46,2026-08,immobiliare.it,2026-09-26
Vodo Cadore,25066,BELLUNO,BL,7.87,23.44,30.63,2026-08,immobiliare.it,2026-09-26
Turrivalignani,68044,PESCARA,PE,4.84,7.88,10.84,2026-08,immobiliare.it,2026-09-26
Castelnuovo Belbo,5029,ASTI,AT,4.03,4.86,7.65,2026-08,immobiliare.it,2026-09-26
Coli,33016,PIACENZA,PC,5.16,6.35,11.62,2026-08,immobiliare.it,2026-09-26
Borgomaro,8010,IMPERIA,IM,10.22,10.55,17.66,2026-08,immobiliare.it,2026-09-26
Tripi,83100,MESSINA,ME,4.01,6.59,19.98,2026-08,immobiliare.it,2026-09-26
Corrido,13077,COMO,CO,7.49,9.38,21.76,2026-08,immobiliare.it,2026-09-26
Vezzi Portio,9067,SAVONA,SV,5.11,10.87,26.1,2026-08,immobiliare.it,2026-09-26
Casargo,97015,LECCO,LC,6.48,8.25,18.23,2026-08,immobiliare.it,2026-09-26
Orino,12110,VARESE,VA,7.3,10.47,14.05,2026-08,immobiliare.it,2026-09-26
Sover,22177,TRENTO,TN,7.09,11.35,30.24,2026-08,immobiliare.it,2026-09-26
Pisano,3119,NOVARA,NO,4.75,9.77,14.5,2026-08,immobiliare.it,2026-09-26
Brinzio,12021,VARESE,VA,7.3,7.54,14.05,2026-08,immobiliare.it,2026-09-26
Tonco,5109,ASTI,AT,4.03,4.74,7.65,2026-08,immobiliare.it,2026-09-26
Pigna,8043,IMPERIA,IM,10.22,11.71,17.66,2026-08,immobiliare.it,2026-09-26
Campo di Giove,66015,L'AQUILA,AQ,4.92,10.21,24.57,2026-08,immobiliare.it,2026-09-26
Schiavi di Abruzzo,69088,CHIETI,CH,4.58,7.71,9.09,2026-08,immobiliare.it,2026-09-26
Treiso,4230,CUNEO,CN,3.7,7.24,23.11,2026-08,immobiliare.it,2026-09-26
Gualdo,43021,MACERATA,MC,4.55,6.64,11.95,2026-08,immobiliare.it,2026-09-26
Castelluccio Superiore,76023,POTENZA,PZ,4.26,7.25,9.78,2026-08,immobiliare.it,2026-09-26
Castelmezzano,76024,POTENZA,PZ,4.26,5.12,9.78,2026-08,immobiliare.it,2026-09-26
Velo Veronese,23090,VERONA,VR,5.97,7.14,26.29,2026-08,immobiliare.it,2026-09-26
Motta de' Conti,2082,VERCELLI,VC,4.29,6.21,14.49,2026-08,immobiliare.it,2026-09-26
Senale-San Felice,21118,BOLZANO/BOZEN,BZ,8.41,14.3,29.38,2026-08,immobiliare.it,2026-09-26
Soriso,3140,NOVARA,NO,4.75,7.86,14.5,2026-08,immobiliare.it,2026-09-26
Ortezzano,109029,Fermo,FM,5.11,5.44,10.04,2026-08,immobiliare.it,2026-09-26
Portico e San Benedetto,40031,FORLI'-CESENA,FC,6.45,8.58,17.31,2026-08,immobiliare.it,2026-09-26
Premilcuore,40033,FORLI'-CESENA,FC,6.45,7.92,17.31,2026-08,immobiliare.it,2026-09-26
Montelparo,109020,Fermo,FM,5.11,6.68,10.04,2026-08,immobiliare.it,2026-09-26
Vercana,13239,COMO,CO,7.49,9.43,21.76,2026-08,immobiliare.it,2026-09-26
Prepotto,30085,UDINE,UD,5.84,8.52,18.84,2026-08,immobiliare.it,2026-09-26
Alice Bel Colle,6005,ALESSANDRIA,AL,3.59,5.45,7.85,2026-08,immobiliare.it,2026-09-26
Castana,18036,PAVIA,PV,5.08,6.99,11.58,2026-08,immobiliare.it,2026-09-26
Casignana,80024,REGGIO DI CALABRIA,RC,3.89,5.75,17.64,2026-08,immobiliare.it,2026-09-26
Toceno,103065,VERBANO-CUSIO-OSSOLA,VB,4.29,10.81,14.01,2026-08,immobiliare.it,2026-09-26
Jovençan,7038,VALLE D'AOSTA/VALLÉE D'AOSTE,AO,5.94,9.04,35.85,2026-08,immobiliare.it,2026-09-26
Casanova Lerrone,9019,SAVONA,SV,5.11,9.11,26.1,2026-08,immobiliare.it,2026-09-26
Mornese,6111,ALESSANDRIA,AL,3.59,5.25,7.85,2026-08,immobiliare.it,2026-09-26
Brione,17030,BRESCIA,BS,6.27,7.38,20.46,2026-08,immobiliare.it,2026-09-26
Donato,96024,BIELLA,BI,3.86,5.46,7.65,2026-08,immobiliare.it,2026-09-26
Branzi,16036,BERGAMO,BG,4.71,8.12,16.63,2026-08,immobiliare.it,2026-09-26
Brovello-Carpugnino,103013,VERBANO-CUSIO-OSSOLA,VB,4.29,8.27,14.01,2026-08,immobiliare.it,2026-09-26
Voltaggio,6190,ALESSANDRIA,AL,3.59,5.6,7.85,2026-08,immobiliare.it,2026-09-26
Urbe,9063,SAVONA,SV,5.11,10.43,26.1,2026-08,immobiliare.it,2026-09-26
Lauco,30047,UDINE,UD,5.84,7.33,18.84,2026-08,immobiliare.it,2026-09-26
Pornassio,8046,IMPERIA,IM,10.22,10.52,17.66,2026-08,immobiliare.it,2026-09-26
Cellarengo,5033,ASTI,AT,4.03,4.91,7.65,2026-08,immobiliare.it,2026-09-26
Castelnuovo Bormida,6052,ALESSANDRIA,AL,3.59,5.45,7.85,2026-08,immobiliare.it,2026-09-26
Bracca,16035,BERGAMO,BG,4.71,9.43,16.63,2026-08,immobiliare.it,2026-09-26
Bagnoli del Trigno,94003,ISERNIA,IS,5.39,6.42,7.81,2026-08,immobiliare.it,2026-09-26
Cossogno,103023,VERBANO-CUSIO-OSSOLA,VB,4.29,7.99,14.01,2026-08,immobiliare.it,2026-09-26
Gravere,1117,TORINO,TO,3.79,5.44,23.85,2026-08,immobiliare.it,2026-09-26
Magreglio,13139,COMO,CO,7.49,9.18,21.76,2026-08,immobiliare.it,2026-09-26
Silvano Pietra,18149,PAVIA,PV,5.08,6.73,11.58,2026-08,immobiliare.it,2026-09-26
Bastia Mondovì,4014,CUNEO,CN,3.7,7.34,23.11,2026-08,immobiliare.it,2026-09-26
Bagnaria,18007,PAVIA,PV,5.08,6.73,11.58,2026-08,immobiliare.it,2026-09-26
Roccacasale,66079,L'AQUILA,AQ,4.92,10.4,24.57,2026-08,immobiliare.it,2026-09-26
Rotzo,24089,VICENZA,VI,4.38,28.75,28.76,2026-08,immobiliare.it,2026-09-26
Villanovaforru,111100,SUD SARDEGNA,SU,7.04,9.01,9.83,2026-08,immobiliare.it,2026-09-26
Monte Cerignone,41031,PESARO E URBINO,PU,4.63,6.33,11.1,2026-08,immobiliare.it,2026-09-26
Rognano,18127,PAVIA,PV,5.08,9.83,11.58,2026-08,immobiliare.it,2026-09-26
Montaldo Bormida,6104,ALESSANDRIA,AL,3.59,4.96,7.85,2026-08,immobiliare.it,2026-09-26
Terzolas,22195,TRENTO,TN,7.09,9.25,30.24,2026-08,immobiliare.it,2026-09-26
Posta,57057,RIETI,RI,4.01,6.53,9.87,2026-08,immobiliare.it,2026-09-26
Salbertrand,1232,TORINO,TO,3.79,11.45,23.85,2026-08,immobiliare.it,2026-09-26
Lusevera,30051,UDINE,UD,5.84,7.62,18.84,2026-08,immobiliare.it,2026-09-26
Rivamonte Agordino,25043,BELLUNO,BL,7.87,10.5,30.63,2026-08,immobiliare.it,2026-09-26
Scillato,82081,PALERMO,PA,3.78,8.11,10.48,2026-08,immobiliare.it,2026-09-26
Tergu,90086,SASSARI,SS,7.04,9.69,13.92,2026-08,immobiliare.it,2026-09-26
Cortazzone,5047,ASTI,AT,4.03,5.34,7.65,2026-08,immobiliare.it,2026-09-26
Romallo,22154,TRENTO,TN,7.09,7.34,30.24,2026-08,immobiliare.it,2026-09-26
Fabbrica Curone,6067,ALESSANDRIA,AL,3.59,5.4,7.85,2026-08,immobiliare.it,2026-09-26
Giaglione,1114,TORINO,TO,3.79,5.55,23.85,2026-08,immobiliare.it,2026-09-26
Cassinasco,5021,ASTI,AT,4.03,4.89,7.65,2026-08,immobiliare.it,2026-09-26
Camerata Cornello,16048,BERGAMO,BG,4.71,5.95,16.63,2026-08,immobiliare.it,2026-09-26
Molini di Triora,8035,IMPERIA,IM,10.22,11.41,17.66,2026-08,immobiliare.it,2026-09-26
Gagliole,43020,MACERATA,MC,4.55,6.22,11.95,2026-08,immobiliare.it,2026-09-26
Fosciandora,46014,LUCCA,LU,4.29,6.6,27.33,2026-08,immobiliare.it,2026-09-26
Oneta,16148,BERGAMO,BG,4.71,8.2,16.63,2026-08,immobiliare.it,2026-09-26
Fonteno,16102,BERGAMO,BG,4.71,6.65,16.63,2026-08,immobiliare.it,2026-09-26
Capriana,22040,TRENTO,TN,7.09,9.42,30.24,2026-08,immobiliare.it,2026-09-26
Drena,22078,TRENTO,TN,7.09,10.67,30.24,2026-08,immobiliare.it,2026-09-26
Monchiero,4129,CUNEO,CN,3.7,3.84,23.11,2026-08,immobiliare.it,2026-09-26
Proceno,56044,VITERBO,VT,4.07,5.31,19.99,2026-08,immobiliare.it,2026-09-26
Aviatico,16015,BERGAMO,BG,4.71,10.87,16.63,2026-08,immobiliare.it,2026-09-26
Vinzaglio,3164,NOVARA,NO,4.75,7.04,14.5,2026-08,immobiliare.it,2026-09-26
Verduno,4238,CUNEO,CN,3.7,8.06,23.11,2026-08,immobiliare.it,2026-09-26
Lorenzago di Cadore,25032,BELLUNO,BL,7.87,11.38,30.63,2026-08,immobiliare.it,2026-09-26
Fontanile,5054,ASTI,AT,4.03,4.97,7.65,2026-08,immobiliare.it,2026-09-26
Cappadocia,66023,L'AQUILA,AQ,4.92,5.77,24.57,2026-08,immobiliare.it,2026-09-26
Claino con Osteno,13071,COMO,CO,7.49,10.29,21.76,2026-08,immobiliare.it,2026-09-26
Santa Brigida,16191,BERGAMO,BG,4.71,7.12,16.63,2026-08,immobiliare.it,2026-09-26
Balestrino,9008,SAVONA,SV,5.11,9.41,26.1,2026-08,immobiliare.it,2026-09-26
Novalesa,1169,TORINO,TO,3.79,5.62,23.85,2026-08,immobiliare.it,2026-09-26
Montemignaio,51023,AREZZO,AR,4.91,6.48,11.39,2026-08,immobiliare.it,2026-09-26
Torrioni,64111,AVELLINO,AV,3.12,4.97,7.83,2026-08,immobiliare.it,2026-09-26
Ripalta Guerina,19082,CREMONA,CR,5.86,7.93,12.04,2026-08,immobiliare.it,2026-09-26
Navelli,66058,L'AQUILA,AQ,4.92,9.49,24.57,2026-08,immobiliare.it,2026-09-26
Carro,11009,LA SPEZIA,SP,6.54,8.85,28.49,2026-08,immobiliare.it,2026-09-26
Valmozzola,34044,PARMA,PR,5.39,6.09,12.5,2026-08,immobiliare.it,2026-09-26
Montedinove,44034,ASCOLI PICENO,AP,4.94,6.68,11.08,2026-08,immobiliare.it,2026-09-26
Doues,7024,VALLE D'AOSTA/VALLÉE D'AOSTE,AO,5.94,10.94,35.85,2026-08,immobiliare.it,2026-09-26
Rovegno,10052,GENOVA,GE,5.07,5.99,32.58,2026-08,immobiliare.it,2026-09-26
Sala Comacina,13203,COMO,CO,7.49,12.58,21.76,2026-08,immobiliare.it,2026-09-26
Albugnano,5002,ASTI,AT,4.03,4.81,7.65,2026-08,immobiliare.it,2026-09-26
Parrano,55025,TERNI,TR,4.08,6.69,7.44,2026-08,immobiliare.it,2026-09-26
Colli sul Velino,57022,RIETI,RI,4.01,5.97,9.87,2026-08,immobiliare.it,2026-09-26
Sernio,14059,SONDRIO,SO,6.77,7.53,27.69,2026-08,immobiliare.it,2026-09-26
Cunico,5051,ASTI,AT,4.03,4.78,7.65,2026-08,immobiliare.it,2026-09-26
Caglio,13037,COMO,CO,7.49,9.17,21.76,2026-08,immobiliare.it,2026-09-26
Cessapalombo,43011,MACERATA,MC,4.55,6.59,11.95,2026-08,immobiliare.it,2026-09-26
Campofelice di Fitalia,82016,PALERMO,PA,3.78,6.28,10.48,2026-08,immobiliare.it,2026-09-26
Cantalupo Ligure,6028,ALESSANDRIA,AL,3.59,5.58,7.85,2026-08,immobiliare.it,2026-09-26
Montegallo,44038,ASCOLI PICENO,AP,4.94,6.65,11.08,2026-08,immobiliare.it,2026-09-26
Ortona dei Marsi,66063,L'AQUILA,AQ,4.92,7.06,24.57,2026-08,immobiliare.it,2026-09-26
Valfloriana,22209,TRENTO,TN,7.09,9.68,30.24,2026-08,immobiliare.it,2026-09-26
Osiglia,9046,SAVONA,SV,5.11,5.12,26.1,2026-08,immobiliare.it,2026-09-26
Lequio Berria,4106,CUNEO,CN,3.7,7.97,23.11,2026-08,immobiliare.it,2026-09-26
Pietrabruna,8041,IMPERIA,IM,10.22,10.71,17.66,2026-08,immobiliare.it,2026-09-26
Lillianes,7042,VALLE D'AOSTA/VALLÉE D'AOSTE,AO,5.94,13.87,35.85,2026-08,immobiliare.it,2026-09-26
Giusvalla,9032,SAVONA,SV,5.11,11.71,26.1,2026-08,immobiliare.it,2026-09-26
Bova,80011,REGGIO DI CALABRIA,RC,3.89,5.56,17.64,2026-08,immobiliare.it,2026-09-26
Parella,1179,TORINO,TO,3.79,6.47,23.85,2026-08,immobiliare.it,2026-09-26
Cerretto Langhe,4063,CUNEO,CN,3.7,6.51,23.11,2026-08,immobiliare.it,2026-09-26
Altavilla Monferrato,6007,ALESSANDRIA,AL,3.59,4.26,7.85,2026-08,immobiliare.it,2026-09-26
Fontainemore,7028,VALLE D'AOSTA/VALLÉE D'AOSTE,AO,5.94,14.34,35.85,2026-08,immobiliare.it,2026-09-26
Antrona Schieranco,103001,VERBANO-CUSIO-OSSOLA,VB,4.29,7.07,14.01,2026-08,immobiliare.it,2026-09-26
Sclafani Bagni,82069,PALERMO,PA,3.78,6.34,10.48,2026-08,immobiliare.it,2026-09-26
Borgoratto Mormorolo,18017,PAVIA,PV,5.08,6.97,11.58,2026-08,immobiliare.it,2026-09-26
Roddino,4195,CUNEO,CN,3.7,3.84,23.11,2026-08,immobiliare.it,2026-09-26
Lozio,17095,BRESCIA,BS,6.27,8.67,20.46,2026-08,immobiliare.it,2026-09-26
Sant'Eusanio Forconese,66090,L'AQUILA,AQ,4.92,11.49,24.57,2026-08,immobiliare.it,2026-09-26
Scopa,2134,VERCELLI,VC,4.29,7.59,14.49,2026-08,immobiliare.it,2026-09-26
Clauzetto,93016,PORDENONE,PN,5.19,6.63,11.04,2026-08,immobiliare.it,2026-09-26
Maretto,5062,ASTI,AT,4.03,5.07,7.65,2026-08,immobiliare.it,2026-09-26
Savogna,30108,UDINE,UD,5.84,8.26,18.84,2026-08,immobiliare.it,2026-09-26
Margno,97047,LECCO,LC,6.48,8.79,18.23,2026-08,immobiliare.it,2026-09-26
Abbateggio,68001,PESCARA,PE,4.84,8.78,10.84,2026-08,immobiliare.it,2026-09-26
Triora,8061,IMPERIA,IM,10.22,11.55,17.66,2026-08,immobiliare.it,2026-09-26
Perarolo di Cadore,25037,BELLUNO,BL,7.87,11.36,30.63,2026-08,immobiliare.it,2026-09-26
Monte Rinaldo,109021,Fermo,FM,5.11,6.69,10.04,2026-08,immobiliare.it,2026-09-26
Marzio,12099,VARESE,VA,7.3,10.61,14.05,2026-08,immobiliare.it,2026-09-26
Pezzolo Valle Uzzone,4164,CUNEO,CN,3.7,6.21,23.11,2026-08,immobiliare.it,2026-09-26
Bozzole,6023,ALESSANDRIA,AL,3.59,4.73,7.85,2026-08,immobiliare.it,2026-09-26
Loazzolo,5060,ASTI,AT,4.03,4.89,7.65,2026-08,immobiliare.it,2026-09-26
Montabone,5072,ASTI,AT,4.03,4.9,7.65,2026-08,immobiliare.it,2026-09-26
Cagnò,22030,TRENTO,TN,7.09,7.34,30.24,2026-08,immobiliare.it,2026-09-26
Traversella,1278,TORINO,TO,3.79,5.85,23.85,2026-08,immobiliare.it,2026-09-26
Aurigo,8005,IMPERIA,IM,10.22,13.44,17.66,2026-08,immobiliare.it,2026-09-26
Rezzo,8049,IMPERIA,IM,10.22,12.06,17.66,2026-08,immobiliare.it,2026-09-26
Colleretto Castelnuovo,1091,TORINO,TO,3.79,6.13,23.85,2026-08,immobiliare.it,2026-09-26
Briaglia,4030,CUNEO,CN,3.7,7.34,23.11,2026-08,immobiliare.it,2026-09-26
Cerreto Grue,6058,ALESSANDRIA,AL,3.59,5.66,7.85,2026-08,immobiliare.it,2026-09-26
Albera Ligure,6002,ALESSANDRIA,AL,3.59,5.46,7.85,2026-08,immobiliare.it,2026-09-26
Serravalle Langhe,4219,CUNEO,CN,3.7,5.6,23.11,2026-08,immobiliare.it,2026-09-26
Gamberale,69039,CHIETI,CH,4.58,8.35,9.09,2026-08,immobiliare.it,2026-09-26
Rasura,14055,SONDRIO,SO,6.77,7.83,27.69,2026-08,immobiliare.it,2026-09-26
Melle,4122,CUNEO,CN,3.7,6.83,23.11,2026-08,immobiliare.it,2026-09-26
Cortanze,5046,ASTI,AT,4.03,4.78,7.65,2026-08,immobiliare.it,2026-09-26
Frassino,4092,CUNEO,CN,3.7,5.03,23.11,2026-08,immobiliare.it,2026-09-26
Fontanigorda,10024,GENOVA,GE,5.07,6.93,32.58,2026-08,immobiliare.it,2026-09-26
Maranzana,5061,ASTI,AT,4.03,5.45,7.65,2026-08,immobiliare.it,2026-09-26
Dosso del Liro,13092,COMO,CO,7.49,9.65,21.76,2026-08,immobiliare.it,2026-09-26
Cansano,66018,L'AQUILA,AQ,4.92,13.89,24.57,2026-08,immobiliare.it,2026-09-26
Alpette,1007,TORINO,TO,3.79,5.88,23.85,2026-08,immobiliare.it,2026-09-26
Osidda,91068,NUORO,NU,6.86,16.12,33.22,2026-08,immobiliare.it,2026-09-26
Corvara,68016,PESCARA,PE,4.84,7.7,10.84,2026-08,immobiliare.it,2026-09-26
Terzorio,8060,IMPERIA,IM,10.22,11.17,17.66,2026-08,immobiliare.it,2026-09-26
Pigra,13184,COMO,CO,7.49,7.49,21.76,2026-08,immobiliare.it,2026-09-26
Pradleves,4173,CUNEO,CN,3.7,5.62,23.11,2026-08,immobiliare.it,2026-09-26
Marsaglia,4120,CUNEO,CN,3.7,4.73,23.11,2026-08,immobiliare.it,2026-09-26
Aisone,4002,CUNEO,CN,3.7,5.89,23.11,2026-08,immobiliare.it,2026-09-26
Emarèse,7025,VALLE D'AOSTA/VALLÉE D'AOSTE,AO,9.23,9.23,9.23,2026-08,immobiliare.it,2026-09-26
Allein,7001,VALLE D'AOSTA/VALLÉE D'AOSTE,AO,5.94,10.18,35.85,2026-08,immobiliare.it,2026-09-26
Levice,4109,CUNEO,CN,3.7,5.97,23.11,2026-08,immobiliare.it,2026-09-26
Paroldo,4160,CUNEO,CN,3.7,4.73,23.11,2026-08,immobiliare.it,2026-09-26
Olivetta San Michele,8038,IMPERIA,IM,10.22,11.87,17.66,2026-08,immobiliare.it,2026-09-26
Vedeseta,16230,BERGAMO,BG,4.71,6.49,16.63,2026-08,immobiliare.it,2026-09-26
Torrazzo,96069,BIELLA,BI,3.86,5.6,7.65,2026-08,immobiliare.it,2026-09-26
Ponte Gardena,21065,BOLZANO/BOZEN,BZ,8.41,13.72,29.38,2026-08,immobiliare.it,2026-09-26
Golferenzo,18074,PAVIA,PV,5.08,6.95,11.58,2026-08,immobiliare.it,2026-09-26
Peglio,13178,Como,CO,7.49,9.62,21.76,2026-08,immobiliare.it,2026-09-27
Cigliè,4069,Cuneo,CN,3.7,7.34,23.11,2026-08,immobiliare.it,2026-09-27
Paisco Loveno,17131,Brescia,BS,6.27,7.15,20.46,2026-08,immobiliare.it,2026-09-27
Villanova Biellese,96079,Biella,BI,3.86,5.52,7.65,2026-08,immobiliare.it,2026-09-27
Piode,2097,Vercelli,VC,4.29,10.16,14.49,2026-08,immobiliare.it,2026-09-27
Pontboset,7050,Valle d'Aosta/Vallée d'Aoste,AO,5.94,8.72,35.85,2026-08,immobiliare.it,2026-09-27
Boccioleto,2014,Vercelli,VC,4.29,4.59,14.49,2026-08,immobiliare.it,2026-09-27
Rossa,2121,Vercelli,VC,4.29,4.74,14.49,2026-08,immobiliare.it,2026-09-27
Piedicavallo,96044,Biella,BI,3.86,5.55,7.65,2026-08,immobiliare.it,2026-09-27
Rocca Pia,66083,L'Aquila,AQ,4.92,20.05,24.57,2026-08,immobiliare.it,2026-09-27
Torre Bormida,4226,Cuneo,CN,3.7,6.26,23.11,2026-08,immobiliare.it,2026-09-27
Curiglia con Monteviasco,12061,Varese,VA,7.3,11.59,14.05,2026-08,immobiliare.it,2026-09-27
Ornica,16151,Bergamo,BG,4.71,7.89,16.63,2026-08,immobiliare.it,2026-09-27
Soglio,5107,Asti,AT,4.03,4.78,7.65,2026-08,immobiliare.it,2026-09-27
Gottasecca,4098,Cuneo,CN,3.7,5.79,23.11,2026-08,immobiliare.it,2026-09-27
Propata,10045,Genova,GE,5.07,6.57,32.58,2026-08,immobiliare.it,2026-09-27
Bolognola,43005,Macerata,MC,4.55,6.61,11.95,2026-08,immobiliare.it,2026-09-27
Pila,2096,Vercelli,VC,4.29,8.99,14.49,2026-08,immobiliare.it,2026-09-27
Laghi,24049,Vicenza,VI,4.38,12.1,28.76,2026-08,immobiliare.it,2026-09-27
Rittana,4182,Cuneo,CN,3.7,5.4,23.11,2026-08,immobiliare.it,2026-09-27
Mollia,2078,Vercelli,VC,4.29,14.48,14.49,2026-08,immobiliare.it,2026-09-27
Bonvicino,4023,Cuneo,CN,3.7,4.28,23.11,2026-08,immobiliare.it,2026-09-27
Isasca,4103,Cuneo,CN,3.7,5.35,23.11,2026-08,immobiliare.it,2026-09-27
Guidonia Montecelio,58047,Roma,RM,7.87,9.27,11.78,2026-08,immobiliare.it,2026-09-27
Aprilia,59001,Latina,LT,6.13,9.02,9.66,2026-08,immobiliare.it,2026-09-27
Gela,85007,Caltanissetta,CL,3.8,6.77,7.27,2026-08,immobiliare.it,2026-09-27
Altamura,72004,Bari,BA,4.5,8.38,14.29,2026-08,immobiliare.it,2026-09-27
Lamezia Terme,79160,Catanzaro,CZ,4.31,5.6,25.11,2026-08,immobiliare.it,2026-09-27
Molfetta,72029,Bari,BA,4.5,8.57,14.29,2026-08,immobiliare.it,2026-09-27
Cerignola,71020,Foggia,FG,5.09,7.08,10.55,2026-08,immobiliare.it,2026-09-27
Manfredonia,71029,Foggia,FG,5.09,7.27,10.55,2026-08,immobiliare.it,2026-09-27
Bagheria,82006,Palermo,PA,7.02,7.02,7.02,2026-08,immobiliare.it,2026-09-27
Bitonto,72011,Bari,BA,4.5,6.88,14.29,2026-08,immobiliare.it,2026-09-27
Velletri,58111,Roma,RM,7.7,8.67,10.16,2026-08,immobiliare.it,2026-09-27
San Severo,71051,Foggia,FG,5.09,5.09,10.55,2026-08,immobiliare.it,2026-09-27
Scafati,65137,Salerno,SA,4.77,10.01,12.18,2026-08,immobiliare.it,2026-09-27
Misterbianco,87029,Catania,CT,3.99,7.98,10.7,2026-08,immobiliare.it,2026-09-27
Nettuno,58072,Roma,RM,8.73,11.56,13.31,2026-08,immobiliare.it,2026-09-27
Ardea,58117,Roma,RM,8.05,10.85,23.34,2026-08,immobiliare.it,2026-09-27
Corato,72020,Bari,BA,4.5,7.73,14.29,2026-08,immobiliare.it,2026-09-27
Nichelino,1164,Torino,TO,3.79,8.74,23.85,2026-08,immobiliare.it,2026-09-27
Capannori,46007,Lucca,LU,6.93,8.11,9.07,2026-08,immobiliare.it,2026-09-27
Alcamo,81001,Trapani,TP,5.2,5.75,9.66,2026-08,immobiliare.it,2026-09-27
Seregno,108039,Monza e della Brianza,MB,11.14,12.82,13.72,2026-08,immobiliare.it,2026-09-27
San Giorgio a Cremano,63067,Napoli,NA,4.24,9.03,37.68,2026-08,immobiliare.it,2026-09-27
Gravina in Puglia,72023,Bari,BA,4.5,8.11,14.29,2026-08,immobiliare.it,2026-09-27
Avezzano,66006,L'Aquila,AQ,6.43,6.43,6.43,2026-08,immobiliare.it,2026-09-27
Albano Laziale,58003,Roma,RM,9.41,10.14,10.61,2026-08,immobiliare.it,2026-09-27
Jesi,42021,Ancona,AN,6.84,8.47,9.56,2026-08,immobiliare.it,2026-09-27
Monreale,82049,Palermo,PA,3.78,7.28,10.48,2026-08,immobiliare.it,2026-09-27
Modugno,72027,Bari,BA,4.5,9.11,14.29,2026-08,immobiliare.it,2026-09-27
Cerveteri,58029,Roma,RM,10.84,15.67,19.46,2026-08,immobiliare.it,2026-09-27
Caltagirone,87011,Catania,CT,3.99,4.54,10.7,2026-08,immobiliare.it,2026-09-27
Pioltello,15175,Milano,MI,8.22,15.05,22.55,2026-08,immobiliare.it,2026-09-27
Licata,84021,Agrigento,AG,4.94,5.91,6.67,2026-08,immobiliare.it,2026-09-27
Augusta,89001,Siracusa,SR,4.38,8.32,11.64,2026-08,immobiliare.it,2026-09-27
Cento,38004,Ferrara,FE,9.99,9.99,10.04,2026-08,immobiliare.it,2026-09-27
Osimo,42034,Ancona,AN,4.67,7.47,10.07,2026-08,immobiliare.it,2026-09-27
Somma Vesuviana,63079,Napoli,NA,4.24,7.24,37.68,2026-08,immobiliare.it,2026-09-27
Lanciano,69046,Chieti,CH,4.58,6.61,9.09,2026-08,immobiliare.it,2026-09-27
Venaria Reale,1292,Torino,TO,3.79,9.1,23.85,2026-08,immobiliare.it,2026-09-27
Fonte Nuova,58122,Roma,RM,5.44,9.75,19.31,2026-08,immobiliare.it,2026-09-27
Castelfranco Emilia,36006,Modena,MO,6.04,10.74,12.59,2026-08,immobiliare.it,2026-09-27
Lucera,71028,Foggia,FG,5.09,6.15,10.55,2026-08,immobiliare.it,2026-09-27
Massafra,73015,Taranto,TA,4.01,5.73,21.17,2026-08,immobiliare.it,2026-09-27
Santa Maria Capua Vetere,61083,Caserta,CE,3.13,7.05,8.97,2026-08,immobiliare.it,2026-09-27
Mascalucia,87024,Catania,CT,3.99,7.27,10.7,2026-08,immobiliare.it,2026-09-27
Montebelluna,26046,Treviso,TV,6.28,11.02,18.46,2026-08,immobiliare.it,2026-09-27
Avola,89002,Siracusa,SR,4.38,6.95,11.64,2026-08,immobiliare.it,2026-09-27
Valsamoggia,37061,Bologna,BO,11.18,11.18,11.18,2026-08,immobiliare.it,2026-09-27
Villaricca,63087,Napoli,NA,4.24,6.8,37.68,2026-08,immobiliare.it,2026-09-27
Manduria,73012,Taranto,TA,4.01,9.95,21.17,2026-08,immobiliare.it,2026-09-27
Fabriano,42017,Ancona,AN,4.67,7.07,10.07,2026-08,immobiliare.it,2026-09-27
Canosa di Puglia,110004,Barletta-Andria-Trani,BT,7.37,8.04,10.1,2026-08,immobiliare.it,2026-09-27
Pontedera,50029,Pisa,PI,7.11,11,20.74,2026-08,immobiliare.it,2026-09-27
Gragnano,63035,Napoli,NA,4.24,10.92,37.68,2026-08,immobiliare.it,2026-09-27
Selargius,92068,Cagliari,CA,6.94,11.59,14.11,2026-08,immobiliare.it,2026-09-27
San Giovanni in Persiceto,37053,Bologna,BO,4.82,10.69,16.59,2026-08,immobiliare.it,2026-09-27
Vittorio Veneto,26092,Treviso,TV,6.28,10.98,18.46,2026-08,immobiliare.it,2026-09-27
Spinea,27038,Venezia,VE,6.82,12.46,25.88,2026-08,immobiliare.it,2026-09-27
San Miniato,50032,Pisa,PI,9.93,10.68,12.56,2026-08,immobiliare.it,2026-09-27
Boscoreale,63008,Napoli,NA,4.24,7.05,37.68,2026-08,immobiliare.it,2026-09-27
Gioia del Colle,72021,Bari,BA,4.5,8.66,14.29,2026-08,immobiliare.it,2026-09-27
Giarre,87017,Catania,CT,3.99,4.23,10.7,2026-08,immobiliare.it,2026-09-27
Tortona,6174,Alessandria,AL,7.56,7.56,7.56,2026-08,immobiliare.it,2026-09-27
Chivasso,1082,Torino,TO,3.79,8.75,23.85,2026-08,immobiliare.it,2026-09-27
Galatina,75029,Lecce,LE,4.23,6.46,20.76,2026-08,immobiliare.it,2026-09-27
Assemini,92003,Cagliari,CA,6.94,13.09,14.11,2026-08,immobiliare.it,2026-09-27
Mesagne,74010,Brindisi,BR,4.65,6.75,12.43,2026-08,immobiliare.it,2026-09-27
Iglesias,111035,Sud Sardegna,SU,6.54,7.84,10.95,2026-08,immobiliare.it,2026-09-27
Albignasego,28003,Padova,PD,9.72,10.86,11.3,2026-08,immobiliare.it,2026-09-27
Pontecagnano Faiano,65099,Salerno,SA,4.77,9.07,12.18,2026-08,immobiliare.it,2026-09-27
Valdagno,24111,Vicenza,VI,4.38,6.87,28.76,2026-08,immobiliare.it,2026-09-27
Scandiano,35040,Reggio Emilia,RE,4.8,9.31,14.81,2026-08,immobiliare.it,2026-09-27
Arzignano,24008,Vicenza,VI,4.38,8.59,28.76,2026-08,immobiliare.it,2026-09-27
Vignola,36046,Modena,MO,6.04,10.89,12.59,2026-08,immobiliare.it,2026-09-27
Seriate,16198,Bergamo,BG,4.71,10.61,16.63,2026-08,immobiliare.it,2026-09-27
Mola di Bari,72028,Bari,BA,4.5,7.57,14.29,2026-08,immobiliare.it,2026-09-27
Ruvo di Puglia,72038,Bari,BA,4.5,7.63,14.29,2026-08,immobiliare.it,2026-09-27
Mariano Comense,13143,Como,CO,7.49,10.74,21.76,2026-08,immobiliare.it,2026-09-27
Montevarchi,51026,Arezzo,AR,7.18,8.52,9.66,2026-08,immobiliare.it,2026-09-27
Thiene,24105,Vicenza,VI,4.38,8.99,28.76,2026-08,immobiliare.it,2026-09-27
Fossano,4089,Cuneo,CN,3.7,7.04,23.11,2026-08,immobiliare.it,2026-09-27
Magenta,15130,Milano,MI,8.22,10.64,22.55,2026-08,immobiliare.it,2026-09-27
Copertino,75022,Lecce,LE,4.23,5.91,20.76,2026-08,immobiliare.it,2026-09-27
Mirandola,36022,Modena,MO,6.04,8.52,12.59,2026-08,immobiliare.it,2026-09-27
Biancavilla,87008,Catania,CT,3.99,6.33,10.7,2026-08,immobiliare.it,2026-09-27
Seveso,108040,Monza e della Brianza,MB,10.71,12.7,13.86,2026-08,immobiliare.it,2026-09-27
Genzano di Roma,58043,Roma,RM,9.56,9.63,9.69,2026-08,immobiliare.it,2026-09-27
Castiglione delle Stiviere,20017,Mantova,MN,5.71,9.52,14.82,2026-08,immobiliare.it,2026-09-27
Ottaviano,63051,Napoli,NA,4.24,6.05,37.68,2026-08,immobiliare.it,2026-09-27
Muggiò,108034,Monza e della Brianza,MB,9.84,9.98,11.65,2026-08,immobiliare.it,2026-09-27
Capoterra,92011,Cagliari,CA,6.94,10.69,14.11,2026-08,immobiliare.it,2026-09-27
Ivrea,1125,Torino,TO,3.79,7.5,23.85,2026-08,immobiliare.it,2026-09-27
Orbassano,1171,Torino,TO,3.79,8.83,23.85,2026-08,immobiliare.it,2026-09-27
Ceccano,60024,Frosinone,FR,3.97,5.57,9.37,2026-08,immobiliare.it,2026-09-27
Lentini,89011,Siracusa,SR,4.38,5.76,11.64,2026-08,immobiliare.it,2026-09-27
Fucecchio,48019,Firenze,FI,6.14,9.38,21.7,2026-08,immobiliare.it,2026-09-27
Ortona,69058,Chieti,CH,4.58,6.33,9.09,2026-08,immobiliare.it,2026-09-27
Mondovì,4130,Cuneo,CN,5.78,7.43,8.23,2026-08,immobiliare.it,2026-09-27
San Cataldo,85016,Caltanissetta,CL,3.8,3.8,7.27,2026-08,immobiliare.it,2026-09-27
Ariano Irpino,64005,Avellino,AV,3.12,4.47,7.83,2026-08,immobiliare.it,2026-09-27
Pachino,89014,Siracusa,SR,4.38,10.49,11.64,2026-08,immobiliare.it,2026-09-27
Porto Torres,90058,Sassari,SS,7.04,13.92,13.92,2026-08,immobiliare.it,2026-09-27
Palestrina,58074,Roma,RM,5.44,8.57,19.31,2026-08,immobiliare.it,2026-09-27
Castrovillari,78033,Cosenza,CS,3.48,3.8,26.89,2026-08,immobiliare.it,2026-09-27
Cassano Magnago,12040,Varese,VA,7.3,10.16,14.05,2026-08,immobiliare.it,2026-09-27
Piazza Armerina,86014,Enna,EN,4.01,4.41,5.94,2026-08,immobiliare.it,2026-09-27
Borgomanero,3024,Novara,NO,4.75,8.98,14.5,2026-08,immobiliare.it,2026-09-27
Savigliano,4215,Cuneo,CN,3.7,8.59,23.11,2026-08,immobiliare.it,2026-09-27
Argenta,38001,Ferrara,FE,5.07,7.92,16.15,2026-08,immobiliare.it,2026-09-27
Corciano,54015,Perugia,PG,3.7,9.05,16.34,2026-08,immobiliare.it,2026-09-27
Anagni,60006,Frosinone,FR,3.97,7.29,9.37,2026-08,immobiliare.it,2026-09-27
Recanati,43044,Macerata,MC,4.55,8.36,11.95,2026-08,immobiliare.it,2026-09-27
Sestu,92074,Cagliari,CA,6.94,10.66,14.11,2026-08,immobiliare.it,2026-09-27
Ferentino,60033,Frosinone,FR,3.97,6.91,9.37,2026-08,immobiliare.it,2026-09-27
Romano di Lombardia,16183,Bergamo,BG,4.71,9.94,16.63,2026-08,immobiliare.it,2026-09-27
Acquaviva delle Fonti,72001,Bari,BA,4.5,6.62,14.29,2026-08,immobiliare.it,2026-09-27
San Salvo,69083,Chieti,CH,4.58,8.5,9.09,2026-08,immobiliare.it,2026-09-27
Gioia Tauro,80038,Reggio Calabria,RC,3.89,4.92,17.64,2026-08,immobiliare.it,2026-09-27
Rivalta di Torino,1214,Torino,TO,3.79,8.64,23.85,2026-08,immobiliare.it,2026-09-27
Sacile,93037,Pordenone,PN,5.19,9.1,11.04,2026-08,immobiliare.it,2026-09-27
Casamassima,72015,Bari,BA,4.5,8.49,14.29,2026-08,immobiliare.it,2026-09-27
Anguillara Sabazia,58005,Roma,RM,5.44,9.26,19.31,2026-08,immobiliare.it,2026-09-27
Spoltore,68041,Pescara,PE,4.84,5.92,10.84,2026-08,immobiliare.it,2026-09-27
Chiari,17052,Brescia,BS,6.27,10.82,20.46,2026-08,immobiliare.it,2026-09-27
Narni,55022,Terni,TR,4.08,6.1,7.44,2026-08,immobiliare.it,2026-09-27
Noci,72031,Bari,BA,4.5,4.5,14.29,2026-08,immobiliare.it,2026-09-27
Scorzè,27037,Venezia,VE,9.45,9.45,9.45,2026-08,immobiliare.it,2026-09-27
Cusano Milanino,15098,Milano,MI,8.22,13.39,22.55,2026-08,immobiliare.it,2026-09-27
Montemurlo,100003,Prato,PO,9.92,9.92,12.41,2026-08,immobiliare.it,2026-09-27
Castelfidardo,42010,Ancona,AN,4.67,7.77,10.07,2026-08,immobiliare.it,2026-09-27
Ghedi,17078,Brescia,BS,6.27,10.17,20.46,2026-08,immobiliare.it,2026-09-27
Casavatore,63021,Napoli,NA,4.24,7.13,37.68,2026-08,immobiliare.it,2026-09-27
Valenza,6177,Alessandria,AL,3.59,7.43,7.85,2026-08,immobiliare.it,2026-09-27
Ariccia,58009,Roma,RM,9.08,9.08,9.08,2026-08,immobiliare.it,2026-09-27
Rutigliano,72037,Bari,BA,4.5,6.82,14.29,2026-08,immobiliare.it,2026-09-27
Capua,61015,Caserta,CE,3.13,6.84,8.97,2026-08,immobiliare.it,2026-09-27
Cordenons,93017,Pordenone,PN,5.19,11.04,11.04,2026-08,immobiliare.it,2026-09-27
Siderno,80088,Reggio Calabria,RC,3.89,8.12,17.64,2026-08,immobiliare.it,2026-09-27
Zagarolo,58114,Roma,RM,5.44,9.04,19.31,2026-08,immobiliare.it,2026-09-27
Caronno Pertusella,12034,Varese,VA,7.3,11.41,14.05,2026-08,immobiliare.it,2026-09-27
Beinasco,1024,Torino,TO,3.79,7.85,23.85,2026-08,immobiliare.it,2026-09-27
Agliana,47002,Pistoia,PT,7.67,7.82,10.34,2026-08,immobiliare.it,2026-09-27
Albino,16004,Bergamo,BG,4.71,9.88,16.63,2026-08,immobiliare.it,2026-09-27
Melfi,76048,Potenza,PZ,4.26,5.59,9.78,2026-08,immobiliare.it,2026-09-27
Pavullo nel Frignano,36030,Modena,MO,6.04,7.08,12.59,2026-08,immobiliare.it,2026-09-27
Carlentini,89006,Siracusa,SR,4.38,4.38,11.64,2026-08,immobiliare.it,2026-09-27
Pianoro,37047,Bologna,BO,10.39,10.39,10.39,2026-08,immobiliare.it,2026-09-27
Santa Maria di Sala,27035,Venezia,VE,6.82,9.64,25.88,2026-08,immobiliare.it,2026-09-27
Tricase,75088,Lecce,LE,4.23,4.23,20.76,2026-08,immobiliare.it,2026-09-27
Castelfiorentino,48010,Firenze,FI,6.14,8.28,21.7,2026-08,immobiliare.it,2026-09-27
Fiorano Modenese,36013,Modena,MO,6.04,11.29,12.59,2026-08,immobiliare.it,2026-09-27
San Giovanni in Fiore,78119,Cosenza,CS,3.48,6.72,26.89,2026-08,immobiliare.it,2026-09-27
San Giovanni Valdarno,51033,Arezzo,AR,4.91,10.27,11.39,2026-08,immobiliare.it,2026-09-27
Vedelago,26089,Treviso,TV,6.28,8.8,18.46,2026-08,immobiliare.it,2026-09-27
Medicina,37037,Bologna,BO,4.82,9.41,16.59,2026-08,immobiliare.it,2026-09-27
Collesalvetti,49008,Livorno,LI,8.28,9.91,33.59,2026-08,immobiliare.it,2026-09-27
Gussago,17081,Brescia,BS,6.27,9.43,20.46,2026-08,immobiliare.it,2026-09-27
Bagnacavallo,39002,Ravenna,RA,6.14,8.05,23.41,2026-08,immobiliare.it,2026-09-27
Umbertide,54056,Perugia,PG,3.7,7.2,16.34,2026-08,immobiliare.it,2026-09-27
Cerea,23025,Verona,VR,5.97,8.85,26.29,2026-08,immobiliare.it,2026-09-27
Porto Mantovano,20045,Mantova,MN,5.71,9.67,14.82,2026-08,immobiliare.it,2026-09-27
Lonigo,24052,Vicenza,VI,4.38,9.48,28.76,2026-08,immobiliare.it,2026-09-27
Este,28037,Padova,PD,6.47,8.67,8.86,2026-08,immobiliare.it,2026-09-27
Caravaggio,16053,Bergamo,BG,4.71,11.65,16.63,2026-08,immobiliare.it,2026-09-27
Copparo,38007,Ferrara,FE,5.07,7.25,16.15,2026-08,immobiliare.it,2026-09-27
Nonantola,36027,Modena,MO,6.04,9.87,12.59,2026-08,immobiliare.it,2026-09-27
Bovolone,23012,Verona,VR,5.97,8.14,26.29,2026-08,immobiliare.it,2026-09-27
Palagiano,73021,Taranto,TA,4.01,6.33,21.17,2026-08,immobiliare.it,2026-09-27
Codogno,98019,Lodi,LO,5.33,9.71,11.5,2026-08,immobiliare.it,2026-09-27
Lentate sul Seveso,108054,Monza e della Brianza,MB,8.42,11.26,14.2,2026-08,immobiliare.it,2026-09-27
Mottola,73019,Taranto,TA,4.01,11.9,21.17,2026-08,immobiliare.it,2026-09-27
Galliate,3068,Novara,NO,4.75,9.29,14.5,2026-08,immobiliare.it,2026-09-27
Ponsacco,50028,Pisa,PI,6.16,7.96,13.44,2026-08,immobiliare.it,2026-09-27
Capurso,72014,Bari,BA,4.5,8.08,14.29,2026-08,immobiliare.it,2026-09-27
Altopascio,46001,Lucca,LU,9.98,10.45,11.4,2026-08,immobiliare.it,2026-09-27
Volpiano,1314,Torino,TO,3.79,7.54,23.85,2026-08,immobiliare.it,2026-09-27
Soliera,36044,Modena,MO,6.04,9.99,12.59,2026-08,immobiliare.it,2026-09-27
Mortara,18102,Pavia,PV,8.22,8.22,8.22,2026-08,immobiliare.it,2026-09-27
Pianezza,1189,Torino,TO,3.79,8.66,23.85,2026-08,immobiliare.it,2026-09-27
Casalpusterlengo,98010,Lodi,LO,5.33,7.67,11.5,2026-08,immobiliare.it,2026-09-27
Porcia,93032,Pordenone,PN,5.19,9.62,11.04,2026-08,immobiliare.it,2026-09-27
Omegna,103050,Verbano-Cusio-Ossola,VB,4.29,8.81,14.01,2026-08,immobiliare.it,2026-09-27
Vallefoglia,41068,Pesaro e Urbino,PU,4.63,9.06,11.1,2026-08,immobiliare.it,2026-09-27
San Vito al Tagliamento,93041,Pordenone,PN,5.19,8.42,11.04,2026-08,immobiliare.it,2026-09-27
Zevio,23097,Verona,VR,5.97,9.4,26.29,2026-08,immobiliare.it,2026-09-27
Oria,74011,Brindisi,BR,4.65,8.53,12.43,2026-08,immobiliare.it,2026-09-27
Guastalla,35024,Reggio Emilia,RE,4.8,7.64,14.81,2026-08,immobiliare.it,2026-09-27
Sasso Marconi,37057,Bologna,BO,4.82,11.34,16.59,2026-08,immobiliare.it,2026-09-27
Borgo Virgilio,20071,Mantova,MN,5.71,8.31,14.82,2026-08,immobiliare.it,2026-09-27
Campodarsego,28017,Padova,PD,5.18,9.5,14.27,2026-08,immobiliare.it,2026-09-27
Rosarno,80069,Reggio Calabria,RC,3.89,7.64,17.64,2026-08,immobiliare.it,2026-09-27
Cassano delle Murge,72016,Bari,BA,4.5,5.96,14.29,2026-08,immobiliare.it,2026-09-27
Collecchio,34009,Parma,PR,5.39,10.51,12.5,2026-08,immobiliare.it,2026-09-27
Pedara,87034,Catania,CT,3.99,6.66,10.7,2026-08,immobiliare.it,2026-09-27
Riposto,87039,Catania,CT,3.99,5.97,10.7,2026-08,immobiliare.it,2026-09-27
Rosà,24087,Vicenza,VI,4.38,9.02,28.76,2026-08,immobiliare.it,2026-09-27
Montelupo Fiorentino,48028,Firenze,FI,6.14,11.61,21.7,2026-08,immobiliare.it,2026-09-27
Romano d'Ezzelino,24086,Vicenza,VI,4.38,6.13,28.76,2026-08,immobiliare.it,2026-09-27
Leno,17088,Brescia,BS,6.27,9.13,20.46,2026-08,immobiliare.it,2026-09-27
Porto Viro,29052,Rovigo,RO,5.41,7.52,18.78,2026-08,immobiliare.it,2026-09-27
Locorotondo,72025,Bari,BA,4.5,6.82,14.29,2026-08,immobiliare.it,2026-09-27
Maglie,75039,LECCE,LE,4.23,5.95,20.76,2026-08,immobiliare.it,2026-09-28
Artena,58011,ROMA,RM,5.44,7.38,19.31,2026-08,immobiliare.it,2026-09-28
Marostica,24057,VICENZA,VI,4.38,8.22,28.76,2026-08,immobiliare.it,2026-09-28
Travagliato,17188,BRESCIA,BS,6.27,8.29,20.46,2026-08,immobiliare.it,2026-09-28
Caselle Torinese,1063,TORINO,TO,9.43,9.43,9.43,2026-08,immobiliare.it,2026-09-28
Fisciano,65052,SALERNO,SA,4.77,8.3,12.18,2026-08,immobiliare.it,2026-09-28
Tempio Pausania,90070,SASSARI,SS,6.25,19.58,27.55,2026-08,immobiliare.it,2026-09-28
Ozzano dell'Emilia,37046,BOLOGNA,BO,4.82,12.24,16.59,2026-08,immobiliare.it,2026-09-28
Castel San Giovanni,33013,PIACENZA,PC,5.16,9.81,11.62,2026-08,immobiliare.it,2026-09-28
Castel San Giorgio,65034,SALERNO,SA,4.77,5.9,12.18,2026-08,immobiliare.it,2026-09-28
Alzano Lombardo,16008,BERGAMO,BG,4.71,10.81,16.63,2026-08,immobiliare.it,2026-09-28
Crispiano,73004,TARANTO,TA,4.01,6.84,21.17,2026-08,immobiliare.it,2026-09-28
Melilli,89012,SIRACUSA,SR,4.38,6.68,11.64,2026-08,immobiliare.it,2026-09-28
Casagiove,61018,CASERTA,CE,3.13,8.12,8.97,2026-08,immobiliare.it,2026-09-28
Montesarchio,62043,BENEVENTO,BN,3.29,5.75,10.84,2026-08,immobiliare.it,2026-09-28
Lavello,76043,POTENZA,PZ,4.26,6.2,9.78,2026-08,immobiliare.it,2026-09-28
San Marco in Lamis,71047,FOGGIA,FG,5.09,7.23,10.55,2026-08,immobiliare.it,2026-09-28
Montefiascone,56036,VITERBO,VT,4.07,6.82,19.99,2026-08,immobiliare.it,2026-09-28
Sant'Angelo Lodigiano,98050,LODI,LO,5.33,6.39,11.5,2026-08,immobiliare.it,2026-09-28
Quartucciu,92105,CAGLIARI,CA,6.94,9.7,14.11,2026-08,immobiliare.it,2026-09-28
Quattro Castella,35030,REGGIO NELL'EMILIA,RE,4.8,6.44,14.81,2026-08,immobiliare.it,2026-09-28
Camponogara,27004,VENEZIA,VE,6.82,9.92,25.88,2026-08,immobiliare.it,2026-09-28
San Martino di Lupari,28077,PADOVA,PD,5.18,10.9,14.27,2026-08,immobiliare.it,2026-09-28
Rionero in Vulture,76066,POTENZA,PZ,4.26,6.38,9.78,2026-08,immobiliare.it,2026-09-28
San Biagio di Callalta,26071,TREVISO,TV,6.28,10.06,18.46,2026-08,immobiliare.it,2026-09-28
Ficarazzi,82035,PALERMO,PA,3.78,6.2,10.48,2026-08,immobiliare.it,2026-09-28
Salzano,27032,VENEZIA,VE,6.82,9.24,25.88,2026-08,immobiliare.it,2026-09-28
San Stino di Livenza,27036,VENEZIA,VE,6.82,9.19,25.88,2026-08,immobiliare.it,2026-09-28
Montegranaro,109018,Fermo,FM,5.11,5.47,10.04,2026-08,immobiliare.it,2026-09-28
Seravezza,46028,LUCCA,LU,4.29,16.61,27.33,2026-08,immobiliare.it,2026-09-28
Calcinaia,50004,PISA,PI,6.16,10.94,13.44,2026-08,immobiliare.it,2026-09-28
Fontanafredda,93022,PORDENONE,PN,5.19,9.57,11.04,2026-08,immobiliare.it,2026-09-28
Montecorvino Rovella,65073,SALERNO,SA,4.77,5.09,12.18,2026-08,immobiliare.it,2026-09-28
Sinalunga,52033,SIENA,SI,6.28,6.56,11.89,2026-08,immobiliare.it,2026-09-28
Fagnano Olona,12067,VARESE,VA,7.3,10.47,14.05,2026-08,immobiliare.it,2026-09-28
Morbegno,14045,SONDRIO,SO,6.77,8.82,27.69,2026-08,immobiliare.it,2026-09-28
Bedizzole,17014,BRESCIA,BS,6.27,9.93,20.46,2026-08,immobiliare.it,2026-09-28
San Severino Marche,43047,MACERATA,MC,4.55,6.38,11.95,2026-08,immobiliare.it,2026-09-28
Casciana Terme Lari,50040,PISA,PI,8.84,8.84,8.84,2026-08,immobiliare.it,2026-09-28
Anzola dell'Emilia,37001,BOLOGNA,BO,4.82,10.07,16.59,2026-08,immobiliare.it,2026-09-28
Sant'Agata di Militello,83084,MESSINA,ME,4.01,6.16,19.98,2026-08,immobiliare.it,2026-09-28
Terranuova Bracciolini,51039,AREZZO,AR,4.91,10.01,11.39,2026-08,immobiliare.it,2026-09-28
Biassono,108009,MONZA E BRIANZA,MB,11.5,11.78,14.6,2026-08,immobiliare.it,2026-09-28
Spilimbergo,93044,PORDENONE,PN,5.19,5.86,11.04,2026-08,immobiliare.it,2026-09-28
Pieve di Soligo,26057,TREVISO,TV,6.28,7.75,18.46,2026-08,immobiliare.it,2026-09-28
Alfonsine,39001,RAVENNA,RA,6.14,6.14,23.41,2026-08,immobiliare.it,2026-09-28
Sant'Ambrogio di Valpolicella,23077,VERONA,VR,10.67,10.67,10.67,2026-08,immobiliare.it,2026-09-28
San Giorgio Bigarello,20057,MANTOVA,MN,5.71,9.05,14.82,2026-08,immobiliare.it,2026-09-28
Amelia,55004,TERNI,TR,4.08,6.4,7.44,2026-08,immobiliare.it,2026-09-28
Susegana,26083,TREVISO,TV,6.28,9.07,18.46,2026-08,immobiliare.it,2026-09-28
Campobello di Mazara,81004,TRAPANI,TP,5.28,5.66,13.45,2026-08,immobiliare.it,2026-09-28
Olgiate Comasco,13165,COMO,CO,7.49,11.86,21.76,2026-08,immobiliare.it,2026-09-28
Serravalle Pistoiese,47020,PISTOIA,PT,7.67,9.57,10.34,2026-08,immobiliare.it,2026-09-28
Venosa,76095,POTENZA,PZ,4.26,6.4,9.78,2026-08,immobiliare.it,2026-09-28
Codigoro,38005,FERRARA,FE,5.07,5.75,16.15,2026-08,immobiliare.it,2026-09-28
Mestrino,28054,PADOVA,PD,5.18,9.71,14.27,2026-08,immobiliare.it,2026-09-28
Guspini,111034,SUD SARDEGNA,SU,7.04,8.11,9.83,2026-08,immobiliare.it,2026-09-28
Isola della Scala,23040,VERONA,VR,5.97,9.54,26.29,2026-08,immobiliare.it,2026-09-28
Gardone Val Trompia,17075,BRESCIA,BS,6.27,7.44,20.46,2026-08,immobiliare.it,2026-09-28
Musile di Piave,27025,VENEZIA,VE,6.82,7,25.88,2026-08,immobiliare.it,2026-09-28
Valmadrera,97083,LECCO,LC,6.48,11.28,18.23,2026-08,immobiliare.it,2026-09-28
Noventa Padovana,28058,PADOVA,PD,5.18,10.75,14.27,2026-08,immobiliare.it,2026-09-28
Sant'Ilario d'Enza,35039,REGGIO NELL'EMILIA,RE,4.8,8.84,14.81,2026-08,immobiliare.it,2026-09-28
Casier,26010,TREVISO,TV,6.28,10.75,18.46,2026-08,immobiliare.it,2026-09-28
Avigliano,76007,POTENZA,PZ,4.26,4.56,9.78,2026-08,immobiliare.it,2026-09-28
Paceco,81013,TRAPANI,TP,5.28,5.89,13.45,2026-08,immobiliare.it,2026-09-28
Cologno al Serio,16079,BERGAMO,BG,4.71,7.23,16.63,2026-08,immobiliare.it,2026-09-28
Camisano Vicentino,24021,VICENZA,VI,7.42,9.02,9.15,2026-08,immobiliare.it,2026-09-28
Montopoli in Val d'Arno,50022,PISA,PI,6.16,10.49,13.44,2026-08,immobiliare.it,2026-09-28
Trecastagni,87050,CATANIA,CT,3.99,6.53,10.7,2026-08,immobiliare.it,2026-09-28
Aulla,45001,MASSA-CARRARA,MS,6.18,6.74,16.41,2026-08,immobiliare.it,2026-09-28
Riese Pio X,26068,TREVISO,TV,6.28,8.1,18.46,2026-08,immobiliare.it,2026-09-28
Castel Mella,17042,BRESCIA,BS,6.27,10.03,20.46,2026-08,immobiliare.it,2026-09-28
Cazzago San Martino,17046,BRESCIA,BS,6.27,10.42,20.46,2026-08,immobiliare.it,2026-09-28
Grezzana,23038,VERONA,VR,5.97,7.75,26.29,2026-08,immobiliare.it,2026-09-28
Cerreto Guidi,48011,FIRENZE,FI,6.14,9.03,21.7,2026-08,immobiliare.it,2026-09-28
Monte San Pietro,37042,BOLOGNA,BO,4.82,8.47,16.59,2026-08,immobiliare.it,2026-09-28
San Felice sul Panaro,36037,MODENA,MO,6.04,9.62,12.59,2026-08,immobiliare.it,2026-09-28
Celano,66032,L'AQUILA,AQ,4.92,7.71,24.57,2026-08,immobiliare.it,2026-09-28
Cornate d'Adda,108053,MONZA E BRIANZA,MB,8.42,11.54,14.2,2026-08,immobiliare.it,2026-09-28
Randazzo,87038,CATANIA,CT,3.99,6.53,10.7,2026-08,immobiliare.it,2026-09-28
Campolongo Maggiore,27003,VENEZIA,VE,6.82,9.86,25.88,2026-08,immobiliare.it,2026-09-28
Martinengo,16133,BERGAMO,BG,4.71,9.16,16.63,2026-08,immobiliare.it,2026-09-28
Massa Lombarda,39013,RAVENNA,RA,6.14,9.17,23.41,2026-08,immobiliare.it,2026-09-28
Arcola,11002,LA SPEZIA,SP,6.54,10.03,28.49,2026-08,immobiliare.it,2026-09-28
Castelnovo ne' Monti,35016,REGGIO NELL'EMILIA,RE,4.8,7.97,14.81,2026-08,immobiliare.it,2026-09-28
Trabia,82073,PALERMO,PA,3.78,5.64,10.48,2026-08,immobiliare.it,2026-09-28
Langhirano,34018,PARMA,PR,5.39,7.92,12.5,2026-08,immobiliare.it,2026-09-28
Villafranca Padovana,28103,PADOVA,PD,5.18,9.15,14.27,2026-08,immobiliare.it,2026-09-28
Cislago,12050,VARESE,VA,7.3,10.75,14.05,2026-08,immobiliare.it,2026-09-28
Canelli,5017,ASTI,AT,4.03,6.8,7.65,2026-08,immobiliare.it,2026-09-28
Concordia Sagittaria,27011,VENEZIA,VE,6.82,9.9,25.88,2026-08,immobiliare.it,2026-09-28
Valdobbiadene,26087,TREVISO,TV,6.28,6.28,18.46,2026-08,immobiliare.it,2026-09-28
Conselve,28034,PADOVA,PD,5.18,9.14,14.27,2026-08,immobiliare.it,2026-09-28
Mandello del Lario,97046,LECCO,LC,6.48,10.91,18.23,2026-08,immobiliare.it,2026-09-28
Volpago del Montello,26093,TREVISO,TV,6.28,14.14,18.46,2026-08,immobiliare.it,2026-09-28
Bomporto,36002,MODENA,MO,6.04,8.24,12.59,2026-08,immobiliare.it,2026-09-28
Tolmezzo,30121,UDINE,UD,5.84,7.96,18.84,2026-08,immobiliare.it,2026-09-28
Oppeano,23055,VERONA,VR,5.97,9.93,26.29,2026-08,immobiliare.it,2026-09-28
Bucine,51005,AREZZO,AR,4.91,6.39,11.39,2026-08,immobiliare.it,2026-09-28
Bonate Sopra,16030,Bergamo,BG,4.71,10.82,16.63,2026-08,immobiliare.it,2026-09-29
San Giorgio del Sannio,62058,Benevento,BN,3.29,4.3,10.84,2026-08,immobiliare.it,2026-09-29
Scanzorosciate,16194,Bergamo,BG,4.71,10.07,16.63,2026-08,immobiliare.it,2026-09-29
Cetraro,78040,Cosenza,CS,3.48,15.13,26.89,2026-08,immobiliare.it,2026-09-29
Vigonovo,27043,Venezia,VE,6.82,9.46,25.88,2026-08,immobiliare.it,2026-09-29
Urgnano,16222,Bergamo,BG,4.71,8.68,16.63,2026-08,immobiliare.it,2026-09-29
Santo Stefano di Magra,11026,La Spezia,SP,6.54,11.23,28.49,2026-08,immobiliare.it,2026-09-29
Cavriago,35017,Reggio nell'Emilia,RE,4.8,8.61,14.81,2026-08,immobiliare.it,2026-09-29
Sannicandro di Bari,72040,Bari,BA,4.5,7.28,14.29,2026-08,immobiliare.it,2026-09-29
Albisola Superiore,9004,Savona,SV,5.11,13.86,26.1,2026-08,immobiliare.it,2026-09-29
Montemarciano,42027,Ancona,AN,4.67,8.24,10.07,2026-08,immobiliare.it,2026-09-29
Boves,4028,Cuneo,CN,3.7,6.31,23.11,2026-08,immobiliare.it,2026-09-29
Poggio Renatico,38018,Ferrara,FE,5.07,7.08,16.15,2026-08,immobiliare.it,2026-09-29
Garlasco,18069,Pavia,PV,5.08,8.13,11.58,2026-08,immobiliare.it,2026-09-29
Deruta,54017,Perugia,PG,3.7,6.71,16.34,2026-08,immobiliare.it,2026-09-29
Matelica,43024,Macerata,MC,4.55,4.55,11.95,2026-08,immobiliare.it,2026-09-29
Broni,18024,Pavia,PV,5.08,7.85,11.58,2026-08,immobiliare.it,2026-09-29
Bellinzago Novarese,3016,Novara,NO,4.75,7.4,14.5,2026-08,immobiliare.it,2026-09-29
Cavriglia,51013,Arezzo,AR,4.91,9.17,11.39,2026-08,immobiliare.it,2026-09-29
Foiano della Chiana,51018,Arezzo,AR,4.91,8.74,11.39,2026-08,immobiliare.it,2026-09-29
Marano Vicentino,24056,Vicenza,VI,4.38,7.76,28.76,2026-08,immobiliare.it,2026-09-29
Turate,13227,Como,CO,7.49,12.76,21.76,2026-08,immobiliare.it,2026-09-29
Capriolo,17038,Brescia,BS,6.27,10.32,20.46,2026-08,immobiliare.it,2026-09-29
Fiumefreddo di Sicilia,87016,Catania,CT,3.99,7.97,10.7,2026-08,immobiliare.it,2026-09-29
Pasian di Prato,30072,Udine,UD,5.84,8.41,18.84,2026-08,immobiliare.it,2026-09-29
Maserada sul Piave,26040,Treviso,TV,6.28,10.12,18.46,2026-08,immobiliare.it,2026-09-29
Brugnera,93007,Pordenone,PN,5.19,9.57,11.04,2026-08,immobiliare.it,2026-09-29
Cherasco,4067,Cuneo,CN,3.7,8.38,23.11,2026-08,immobiliare.it,2026-09-29
Verano Brianza,108048,Monza e Brianza,MB,8.42,11.66,14.2,2026-08,immobiliare.it,2026-09-29
Carignano,1058,Torino,TO,8.25,8.25,8.25,2026-08,immobiliare.it,2026-09-29
Reggiolo,35032,Reggio nell'Emilia,RE,4.8,8.04,14.81,2026-08,immobiliare.it,2026-09-29
Sorisole,16202,Bergamo,BG,4.71,10.75,16.63,2026-08,immobiliare.it,2026-09-29
Segni,58102,Roma,RM,5.44,8.07,19.31,2026-08,immobiliare.it,2026-09-29
Maserà di Padova,28048,Padova,PD,5.18,7.75,14.27,2026-08,immobiliare.it,2026-09-29
Malalbergo,37035,Bologna,BO,4.82,8.98,16.59,2026-08,immobiliare.it,2026-09-29
Podenzano,33035,Piacenza,PC,5.16,6.11,11.62,2026-08,immobiliare.it,2026-09-29
Monteroni d'Arbia,52017,Siena,SI,6.28,10.1,11.89,2026-08,immobiliare.it,2026-09-29
Costa Volpino,16086,Bergamo,BG,4.71,8.71,16.63,2026-08,immobiliare.it,2026-09-29
Due Carrare,28106,Padova,PD,5.18,9.99,14.27,2026-08,immobiliare.it,2026-09-29
Pandino,19067,Cremona,CR,5.86,8.44,12.04,2026-08,immobiliare.it,2026-09-29
Montagnana,28056,Padova,PD,5.18,8.01,14.27,2026-08,immobiliare.it,2026-09-29
Monticello Conte Otto,24067,Vicenza,VI,4.38,10.4,28.76,2026-08,immobiliare.it,2026-09-29
Trebisacce,78150,Cosenza,CS,3.48,9.76,26.89,2026-08,immobiliare.it,2026-09-29
Roccastrada,53021,Grosseto,GR,6.41,7.48,32.03,2026-08,immobiliare.it,2026-09-29
Civitella in Val di Chiana,51016,Arezzo,AR,4.91,6.91,11.39,2026-08,immobiliare.it,2026-09-29
Noventa Vicentina,24074,Vicenza,VI,4.38,9.52,28.76,2026-08,immobiliare.it,2026-09-29
Cutrofiano,75026,Lecce,LE,4.23,6.17,20.76,2026-08,immobiliare.it,2026-09-29
Tarcento,30116,Udine,UD,5.84,7.1,18.84,2026-08,immobiliare.it,2026-09-29
Subiaco,58103,Roma,RM,5.44,7.92,19.31,2026-08,immobiliare.it,2026-09-29
Zogno,16246,Bergamo,BG,4.71,7.38,16.63,2026-08,immobiliare.it,2026-09-29
Buggiano,47003,Pistoia,PT,7.67,8.9,10.34,2026-08,immobiliare.it,2026-09-29
Minerbio,37038,Bologna,BO,4.82,9.99,16.59,2026-08,immobiliare.it,2026-09-29
Borgoricco,28013,Padova,PD,5.18,9.59,14.27,2026-08,immobiliare.it,2026-09-29
Colognola ai Colli,23028,Verona,VR,5.97,10.56,26.29,2026-08,immobiliare.it,2026-09-29
Triuggio,108043,Monza e Brianza,MB,8.42,10.05,14.2,2026-08,immobiliare.it,2026-09-29
Torre Boldone,16214,Bergamo,BG,4.71,11.86,16.63,2026-08,immobiliare.it,2026-09-29
Gessate,15106,Milano,MI,8.22,13.6,22.55,2026-08,immobiliare.it,2026-09-29
Trissino,24110,Vicenza,VI,4.38,5.78,28.76,2026-08,immobiliare.it,2026-09-29
Zanica,16245,Bergamo,BG,4.71,11.89,16.63,2026-08,immobiliare.it,2026-09-29
Minervino Murge,110006,Barletta-Andria-Trani,BT,7.37,8.04,10.1,2026-08,immobiliare.it,2026-09-29
Monte San Savino,51025,Arezzo,AR,4.91,10.16,11.39,2026-08,immobiliare.it,2026-09-29
Lequile,75036,Lecce,LE,4.23,6.65,20.76,2026-08,immobiliare.it,2026-09-29
Inveruno,15113,Milano,MI,8.22,9.75,22.55,2026-08,immobiliare.it,2026-09-29
Castelbuono,82022,Palermo,PA,3.78,9.42,10.48,2026-08,immobiliare.it,2026-09-29
Clusone,16077,Bergamo,BG,4.71,7.35,16.63,2026-08,immobiliare.it,2026-09-29
Erchie,74006,Brindisi,BR,4.65,6.66,12.43,2026-08,immobiliare.it,2026-09-29
Vicopisano,50038,Pisa,PI,6.16,10.35,13.44,2026-08,immobiliare.it,2026-09-29
Palazzolo Acreide,89015,Siracusa,SR,4.38,8.03,11.64,2026-08,immobiliare.it,2026-09-29
Castegnato,17040,Brescia,BS,6.27,8.69,20.46,2026-08,immobiliare.it,2026-09-29
Zoppola,93051,Pordenone,PN,5.19,10.04,11.04,2026-08,immobiliare.it,2026-09-29
Lavagno,23042,Verona,VR,5.97,10.1,26.29,2026-08,immobiliare.it,2026-09-29
Nogara,23053,Verona,VR,5.97,9.92,26.29,2026-08,immobiliare.it,2026-09-29
Castelnovo di Sotto,35015,Reggio nell'Emilia,RE,4.8,7.63,14.81,2026-08,immobiliare.it,2026-09-29
Sandrigo,24091,Vicenza,VI,4.38,8.23,28.76,2026-08,immobiliare.it,2026-09-29
Ferrandina,77008,Matera,MT,5.02,6.9,9.19,2026-08,immobiliare.it,2026-09-29
Bussero,15040,Milano,MI,8.22,12.31,22.55,2026-08,immobiliare.it,2026-09-29
Prata di Pordenone,93034,Pordenone,PN,5.19,8.93,11.04,2026-08,immobiliare.it,2026-09-29
Pogliano Milanese,15176,Milano,MI,8.22,11.02,22.55,2026-08,immobiliare.it,2026-09-29
Villafranca Tirrena,83105,Messina,ME,4.01,5.27,19.98,2026-08,immobiliare.it,2026-09-29
Castelnuovo Magra,11011,La Spezia,SP,6.54,9.62,28.49,2026-08,immobiliare.it,2026-09-29
Airola,62001,Benevento,BN,3.29,4.69,10.84,2026-08,immobiliare.it,2026-09-29
Ponte nelle Alpi,25040,Belluno,BL,7.87,11.05,30.63,2026-08,immobiliare.it,2026-09-29
Villongo,16242,Bergamo,BG,4.71,8.8,16.63,2026-08,immobiliare.it,2026-09-29
Fuscaldo,78058,Cosenza,CS,3.48,5.42,26.89,2026-08,immobiliare.it,2026-09-29
Fusignano,39011,Ravenna,RA,6.14,8.36,23.41,2026-08,immobiliare.it,2026-09-29
Chiaramonte Gulfi,88002,Ragusa,RG,4.61,5.79,9.69,2026-08,immobiliare.it,2026-09-29
Verdello,16233,Bergamo,BG,4.71,9.63,16.63,2026-08,immobiliare.it,2026-09-29
Fara Gera d'Adda,16096,Bergamo,BG,4.71,8.44,16.63,2026-08,immobiliare.it,2026-09-29
Villa Guardia,13245,Como,CO,7.49,12.02,21.76,2026-08,immobiliare.it,2026-09-29
Grottaminarda,64038,Avellino,AV,3.12,5.84,7.83,2026-08,immobiliare.it,2026-09-29
Borgonovo Val Tidone,33006,Piacenza,PC,5.16,7.01,11.62,2026-08,immobiliare.it,2026-09-29
Castello di Cisterna,63025,Napoli,NA,4.24,8.34,37.68,2026-08,immobiliare.it,2026-09-29
Pisogne,17143,Brescia,BS,6.27,8.44,20.46,2026-08,immobiliare.it,2026-09-29
Caerano di San Marco,26006,Treviso,TV,6.28,8.44,18.46,2026-08,immobiliare.it,2026-09-29
Valverde,87052,Catania,CT,2.67,7.92,17.5,2026-09,realadvisor.it,2026-09-29
Massa e Cozzile,47008,Pistoia,PT,7.67,8.79,10.34,2026-08,immobiliare.it,2026-09-29
Campoformido,30016,Udine,UD,5.84,6.61,18.84,2026-08,immobiliare.it,2026-09-29
Arcugnano,24006,Vicenza,VI,4.38,10.26,28.76,2026-08,immobiliare.it,2026-09-29
Capraia e Limite,48008,Firenze,FI,6.14,11.61,21.7,2026-08,immobiliare.it,2026-09-29
San Fermo della Battaglia,13206,Como,CO,7.49,14.11,21.76,2026-08,immobiliare.it,2026-09-29
Breda di Piave,26005,Treviso,TV,6.28,10.82,18.46,2026-08,immobiliare.it,2026-09-29
Marmirolo,20033,Mantova,MN,5.71,7.88,14.82,2026-08,immobiliare.it,2026-09-29
Crescentino,2049,Vercelli,VC,4.29,6.04,14.49,2026-08,immobiliare.it,2026-09-29
Pasiano di Pordenone,93029,Pordenone,PN,5.19,8.48,11.04,2026-08,immobiliare.it,2026-09-29
Lazzate,108025,Monza e Brianza,MB,8.42,9.2,14.2,2026-08,immobiliare.it,2026-09-29
Loreggia,28046,Padova,PD,5.18,9.11,14.27,2026-08,immobiliare.it,2026-09-29
Carpaneto Piacentino,33011,Piacenza,PC,5.16,7.64,11.62,2026-08,immobiliare.it,2026-09-29
Montella,64057,Avellino,AV,3.12,4.45,7.83,2026-08,immobiliare.it,2026-09-29
Mussolente,24070,Vicenza,VI,4.38,8.1,28.76,2026-08,immobiliare.it,2026-09-29
Soncino,19097,Cremona,CR,5.86,9.05,12.04,2026-08,immobiliare.it,2026-09-29
Azzano San Paolo,16016,Bergamo,BG,4.71,12.07,16.63,2026-08,immobiliare.it,2026-09-29
Valguarnera Caropepe,86019,Enna,EN,4.01,4.53,5.94,2026-08,immobiliare.it,2026-09-29
Curno,16089,Bergamo,BG,4.71,9.59,16.63,2026-08,immobiliare.it,2026-09-29
Candelo,96012,Biella,BI,3.86,5.49,7.65,2026-08,immobiliare.it,2026-09-29
Pratola Peligna,66075,L'Aquila,AQ,4.92,10.84,24.57,2026-08,immobiliare.it,2026-09-29
Bellusco,108006,Monza e Brianza,MB,8.42,12.23,14.2,2026-08,immobiliare.it,2026-09-29
Grumello del Monte,16120,Bergamo,BG,4.71,13.93,16.63,2026-08,immobiliare.it,2026-09-29
Sant'Agata Bolognese,37056,Bologna,BO,4.82,10.23,16.59,2026-08,immobiliare.it,2026-09-29
Loreto Aprutino,68021,Pescara,PE,4.84,6.19,10.84,2026-08,immobiliare.it,2026-09-29
Torregrotta,83098,Messina,ME,4.01,4.09,19.98,2026-08,immobiliare.it,2026-09-29
Vezzano Ligure,11031,La Spezia,SP,6.54,11.88,28.49,2026-08,immobiliare.it,2026-09-29
Terme Vigliatore,83106,Messina,ME,4.01,5.03,19.98,2026-08,immobiliare.it,2026-09-29
Tito,76089,Potenza,PZ,4.26,5.53,9.78,2026-08,immobiliare.it,2026-09-29
Volta Mantovana,20070,Mantova,MN,5.71,10.04,14.82,2026-08,immobiliare.it,2026-09-29
Cormons,31002,Gorizia,GO,8.09,8.44,12.03,2026-08,immobiliare.it,2026-09-29
Poviglio,35029,Reggio nell'Emilia,RE,4.8,6.79,14.81,2026-08,immobiliare.it,2026-09-29
Sermide e Felonica,20061,Mantova,MN,5.71,6.42,14.82,2026-08,immobiliare.it,2026-09-29
Torrita di Siena,52035,Siena,SI,6.28,6.56,11.89,2026-08,immobiliare.it,2026-09-29
Sant'Angelo di Piove di Sacco,28082,Padova,PD,5.18,9.39,14.27,2026-08,immobiliare.it,2026-09-29
Longiano,40018,Forli'-Cesena,FC,6.45,10.41,17.31,2026-08,immobiliare.it,2026-09-29
Villa di Briano,61098,Caserta,CE,3.13,6.38,8.97,2026-08,immobiliare.it,2026-09-29
Pontremoli,45014,Massa-Carrara,MS,6.18,8.42,16.41,2026-08,immobiliare.it,2026-09-29
Rufina,48037,Firenze,FI,6.14,9.91,21.7,2026-08,immobiliare.it,2026-09-29
Mezzolombardo,22117,Trento,TN,7.09,12.25,30.24,2026-08,immobiliare.it,2026-09-29
Sennori,90067,Sassari,SS,7.04,8.26,13.92,2026-08,immobiliare.it,2026-09-29
Galliera Veneta,28039,Padova,PD,5.18,7.92,14.27,2026-08,immobiliare.it,2026-09-29
Varallo,2156,Vercelli,VC,4.29,6.7,14.49,2026-08,immobiliare.it,2026-09-29
Pontevico,17149,Brescia,BS,6.27,9.21,20.46,2026-08,immobiliare.it,2026-09-29
Novafeltria,99023,Rimini,RN,7.12,10.42,20.54,2026-08,immobiliare.it,2026-09-29
Morciano di Romagna,99011,Rimini,RN,7.12,7.12,20.54,2026-08,immobiliare.it,2026-09-29
Baricella,37003,Bologna,BO,4.82,8.91,16.59,2026-08,immobiliare.it,2026-09-29
Cagnano Varano,71008,Foggia,FG,5.09,6.9,10.55,2026-08,immobiliare.it,2026-09-29
Regalbuto,86016,Enna,EN,4.01,5.83,5.94,2026-08,immobiliare.it,2026-09-29
Rivergaro,33038,Piacenza,PC,5.16,7.06,11.62,2026-08,immobiliare.it,2026-09-29
Curti,61032,Caserta,CE,3.13,6.71,8.97,2026-08,immobiliare.it,2026-09-29
Cles,22062,Trento,TN,7.09,9.3,30.24,2026-08,immobiliare.it,2026-09-29
Urbania,41066,Pesaro e Urbino,PU,4.63,5.9,11.1,2026-08,immobiliare.it,2026-09-29
Altivole,26001,Treviso,TV,6.28,7.98,18.46,2026-08,immobiliare.it,2026-09-29
San Fior,26072,Treviso,TV,6.28,9.09,18.46,2026-08,immobiliare.it,2026-09-29
Roncoferraro,20052,Mantova,MN,5.71,6.75,14.82,2026-08,immobiliare.it,2026-09-29
San Benedetto Po,20055,Mantova,MN,5.71,7.41,14.82,2026-08,immobiliare.it,2026-09-29
Borgo Valsugana,22022,Trento,TN,7.09,10.44,30.24,2026-08,immobiliare.it,2026-09-29
Villasor,111106,Sud Sardegna,SU,6.94,9.72,14.11,2026-08,immobiliare.it,2026-09-29
Serino,64099,Avellino,AV,3.12,5.36,7.83,2026-08,immobiliare.it,2026-09-29
Busseto,34007,Parma,PR,5.39,5.39,12.5,2026-08,immobiliare.it,2026-09-29
Zibido San Giacomo,15247,Milano,MI,8.22,10.37,22.55,2026-08,immobiliare.it,2026-09-29
Alpago,25072,Belluno,BL,7.87,10.92,30.63,2026-08,immobiliare.it,2026-09-29
Borgo Val di Taro,34006,Parma,PR,5.39,6.89,12.5,2026-08,immobiliare.it,2026-09-29
Marzabotto,37036,Bologna,BO,4.82,8.38,16.59,2026-08,immobiliare.it,2026-09-29
Mapello,16132,Bergamo,BG,4.71,10.03,16.63,2026-08,immobiliare.it,2026-09-29
Ponteranica,16169,Bergamo,BG,4.71,9.33,16.63,2026-08,immobiliare.it,2026-09-29
Spino d'Adda,19102,Cremona,CR,5.86,9.6,12.04,2026-08,immobiliare.it,2026-09-29
Villa di Serio,16240,Bergamo,BG,4.71,13.36,16.63,2026-08,immobiliare.it,2026-09-29
Sommatino,85019,Caltanissetta,CL,3.8,4.72,7.27,2026-08,immobiliare.it,2026-09-29
Alliste,75004,Lecce,LE,4.23,9.43,20.76,2026-08,immobiliare.it,2026-09-29
Tagliacozzo,66099,L'Aquila,AQ,4.92,4.92,24.57,2026-08,immobiliare.it,2026-09-29
Bonate Sotto,16031,Bergamo,BG,4.71,8.7,16.63,2026-08,immobiliare.it,2026-09-29
Ostiglia,20038,Mantova,MN,5.71,8.22,14.82,2026-08,immobiliare.it,2026-09-29
Dozza,37025,Bologna,BO,4.82,7.14,16.59,2026-08,immobiliare.it,2026-09-29
Ceriano Laghetto,108018,Monza e Brianza,MB,8.42,10.81,14.2,2026-08,immobiliare.it,2026-09-29
Gangi,82036,Palermo,PA,3.78,4.94,10.48,2026-08,immobiliare.it,2026-09-29
Torbole Casaglia,17186,Brescia,BS,6.27,10.5,20.46,2026-08,immobiliare.it,2026-09-29
Mede,18088,Pavia,PV,5.08,5.88,11.58,2026-08,immobiliare.it,2026-09-29
Villadossola,103075,Verbano-Cusio-Ossola,VB,4.29,8.56,14.01,2026-08,immobiliare.it,2026-09-29
Montebello Vicentino,24060,Vicenza,VI,4.38,7.39,28.76,2026-08,immobiliare.it,2026-09-29
Gualtieri,35023,Reggio nell'Emilia,RE,4.8,7.2,14.81,2026-08,immobiliare.it,2026-09-29
Castiglione Torinese,1068,Torino,TO,3.79,7.99,23.85,2026-08,immobiliare.it,2026-09-29
Calatafimi-Segesta,81003,Trapani,TP,5.28,7.33,13.45,2026-08,immobiliare.it,2026-09-29
Montenero di Bisaccia,70046,Campobasso,CB,4.47,10.32,17.77,2026-08,immobiliare.it,2026-09-29
Pollenza,43041,Macerata,MC,4.55,6.78,11.95,2026-08,immobiliare.it,2026-09-29
San Martino Siccomario,18137,Pavia,PV,5.08,9.43,11.58,2026-08,immobiliare.it,2026-09-29
Pizzighettone,19076,Cremona,CR,5.86,6.28,12.04,2026-08,immobiliare.it,2026-09-29
Calci,50003,Pisa,PI,6.16,9.51,13.44,2026-08,immobiliare.it,2026-09-29
Sesto al Reghena,93043,Pordenone,PN,5.19,10.16,11.04,2026-08,immobiliare.it,2026-09-29
Fossacesia,69033,Chieti,CH,4.58,7.62,9.09,2026-08,immobiliare.it,2026-09-29
San Giorgio in Bosco,28076,Padova,PD,5.18,10.33,14.27,2026-08,immobiliare.it,2026-09-29
Meolo,27022,Venezia,VE,6.82,8.74,25.88,2026-08,immobiliare.it,2026-09-29
Sommariva del Bosco,4222,Cuneo,CN,3.7,8.25,23.11,2026-08,immobiliare.it,2026-09-29
Almenno San Bartolomeo,16006,Bergamo,BG,4.71,9.93,16.63,2026-08,immobiliare.it,2026-09-29
Predappio,40032,Forli'-Cesena,FC,6.45,6.45,17.31,2026-08,immobiliare.it,2026-09-29
Medolla,36021,Modena,MO,6.04,10.02,12.59,2026-08,immobiliare.it,2026-09-29
Lettere,63039,Napoli,NA,4.24,8.57,37.68,2026-08,immobiliare.it,2026-09-29
San Polo d'Enza,35038,Reggio nell'Emilia,RE,4.8,8.42,14.81,2026-08,immobiliare.it,2026-09-29
San Canzian d'Isonzo,31018,Gorizia,GO,8.09,10.88,12.03,2026-08,immobiliare.it,2026-09-29
Maiolati Spontini,42023,Ancona,AN,4.67,6.81,10.07,2026-08,immobiliare.it,2026-09-29
Monterenzio,37041,Bologna,BO,4.82,8.87,16.59,2026-08,immobiliare.it,2026-09-29
Rovello Porro,13202,Como,CO,7.49,10.98,21.76,2026-08,immobiliare.it,2026-09-29
Tortora,78149,Cosenza,CS,3.48,14.82,26.89,2026-08,immobiliare.it,2026-09-29
San Lucido,78122,Cosenza,CS,3.48,5.64,26.89,2026-08,immobiliare.it,2026-09-29
Cammarata,84009,Agrigento,AG,4.94,4.94,6.67,2026-08,immobiliare.it,2026-09-29
Ceggia,27007,Venezia,VE,6.82,8.85,25.88,2026-08,immobiliare.it,2026-09-29
Crocetta del Montello,26025,Treviso,TV,6.28,14.13,18.46,2026-08,immobiliare.it,2026-09-29
Montelepre,82050,Palermo,PA,3.78,7.06,10.48,2026-08,immobiliare.it,2026-09-29
Godega di Sant'Urbano,26033,Treviso,TV,6.28,8.43,18.46,2026-08,immobiliare.it,2026-09-29
Vizzini,87054,Catania,CT,3.99,4.58,10.7,2026-08,immobiliare.it,2026-09-29
Ronco all'Adige,23064,Verona,VR,5.97,9.85,26.29,2026-08,immobiliare.it,2026-09-29
Calcinate,16043,Bergamo,BG,4.71,12.37,16.63,2026-08,immobiliare.it,2026-09-29
Cambiano,1048,Torino,TO,3.79,7.14,23.85,2026-08,immobiliare.it,2026-09-29
San Prospero,36039,Modena,MO,6.04,6.6,12.59,2026-08,immobiliare.it,2026-09-29
Lipomo,13129,Como,CO,7.49,12.14,21.76,2026-08,immobiliare.it,2026-09-29
Ranica,16178,Bergamo,BG,4.71,9.47,16.63,2026-08,immobiliare.it,2026-09-29
Bussoleno,1044,Torino,TO,3.79,6.56,23.85,2026-08,immobiliare.it,2026-09-29
Bagni di Lucca,46002,Lucca,LU,4.29,4.29,27.33,2026-08,immobiliare.it,2026-09-29
Bagnolo San Vito,20003,Mantova,MN,5.71,9.48,14.82,2026-08,immobiliare.it,2026-09-29
Poggiardo,75061,Lecce,LE,4.23,7.92,20.76,2026-08,immobiliare.it,2026-09-29
Gualdo Cattaneo,54022,Perugia,PG,3.7,6.13,16.34,2026-08,immobiliare.it,2026-09-29
Villa Bartolomea,23095,Verona,VR,5.97,9.57,26.29,2026-08,immobiliare.it,2026-09-29
Sannicola,75070,Lecce,LE,4.23,4.44,20.76,2026-08,immobiliare.it,2026-09-29
Quinto Vicentino,24083,Vicenza,VI,4.38,7.7,28.76,2026-08,immobiliare.it,2026-09-29
Villanova Mondovì,4245,Cuneo,CN,3.7,7.66,23.11,2026-08,immobiliare.it,2026-09-29
Brolo,83007,Messina,ME,4.01,7.27,19.98,2026-08,immobiliare.it,2026-09-29
Costigliole d'Asti,5050,Asti,AT,4.03,4.68,7.65,2026-08,immobiliare.it,2026-09-29
Sambuca di Sicilia,84034,Agrigento,AG,4.94,5.48,6.67,2026-08,immobiliare.it,2026-09-29
Santorso,24095,Vicenza,VI,4.38,6.84,28.76,2026-08,immobiliare.it,2026-09-29
Ceva,4066,Cuneo,CN,3.7,5.15,23.11,2026-08,immobiliare.it,2026-09-29
Cogorno,10018,Genova,GE,5.07,7.47,32.58,2026-08,immobiliare.it,2026-09-29
Sala Baganza,34031,Parma,PR,5.39,11.48,12.5,2026-08,immobiliare.it,2026-09-29
Almenno San Salvatore,16007,Bergamo,BG,4.71,9.02,16.63,2026-08,immobiliare.it,2026-09-29
Campagnola Emilia,35009,Reggio nell'Emilia,RE,4.8,9.4,14.81,2026-08,immobiliare.it,2026-09-29
Casaleone,23019,Verona,VR,5.97,8.19,26.29,2026-08,immobiliare.it,2026-09-29
Fontevivo,34016,Parma,PR,5.39,7.95,12.5,2026-08,immobiliare.it,2026-09-29
Candiolo,1051,Torino,TO,3.79,7.63,23.85,2026-08,immobiliare.it,2026-09-29
Romentino,3131,Novara,NO,4.75,8.8,14.5,2026-08,immobiliare.it,2026-09-29
Longare,24051,Vicenza,VI,4.38,8.72,28.76,2026-08,immobiliare.it,2026-09-29
San Giorgio Piacentino,33040,Piacenza,PC,5.16,7.43,11.62,2026-08,immobiliare.it,2026-09-29
San Clemente,99016,Rimini,RN,7.12,10.36,20.54,2026-08,immobiliare.it,2026-09-29
Besnate,12012,Varese,VA,7.3,9.15,14.05,2026-08,immobiliare.it,2026-09-29
Capiago Intimiano,13043,Como,CO,7.49,10.39,21.76,2026-08,immobiliare.it,2026-09-29
Pavia di Udine,30074,Udine,UD,5.84,7.95,18.84,2026-08,immobiliare.it,2026-09-29
Borgo Mantovano,20072,Mantova,MN,5.71,7.16,14.82,2026-08,immobiliare.it,2026-09-29
Dicomano,48013,Firenze,FI,6.14,8.31,21.7,2026-08,immobiliare.it,2026-09-29
Mezzocorona,22116,Trento,TN,7.09,11.07,30.24,2026-08,immobiliare.it,2026-09-29
Castiglione dei Pepoli,37022,Bologna,BO,4.82,8.61,16.59,2026-08,immobiliare.it,2026-09-29
Cavour,1070,Torino,TO,3.79,6.26,23.85,2026-08,immobiliare.it,2026-09-29
Povoletto,30078,Udine,UD,5.84,6.98,18.84,2026-08,immobiliare.it,2026-09-29
Crespina Lorenzana,50041,Pisa,PI,6.16,9.41,13.44,2026-08,immobiliare.it,2026-09-29
Sannazzaro de' Burgondi,18138,Pavia,PV,5.08,7.13,11.58,2026-08,immobiliare.it,2026-09-29
Lurago d'Erba,13136,Como,CO,7.49,9.03,21.76,2026-08,immobiliare.it,2026-09-29
Caprarola,56015,Viterbo,VT,4.07,6.61,19.99,2026-08,immobiliare.it,2026-09-29
Padula,65087,Salerno,SA,4.77,8.61,12.18,2026-08,immobiliare.it,2026-09-29
Codognè,26019,Treviso,TV,8.76,8.76,8.76,2026-08,immobiliare.it,2026-09-29
Ispra,12084,Varese,VA,7.3,10.4,14.05,2026-08,immobiliare.it,2026-09-29
Giussago,18072,Pavia,PV,5.08,9.68,11.58,2026-08,immobiliare.it,2026-09-29
Muro Lucano,76053,Potenza,PZ,4.26,5.59,9.78,2026-08,immobiliare.it,2026-09-29
Carsoli,66025,L'Aquila,AQ,4.92,5.86,24.57,2026-08,immobiliare.it,2026-09-29
Rodigo,20051,Mantova,MN,5.71,8.55,14.82,2026-08,immobiliare.it,2026-09-29
Montelibretti,58063,Roma,RM,5.44,7.78,19.31,2026-08,immobiliare.it,2026-09-29
Sarcedo,24097,Vicenza,VI,4.38,6.01,28.76,2026-08,immobiliare.it,2026-09-29
Gattico-Veruno,3166,Novara,NO,4.75,9.32,14.5,2026-08,immobiliare.it,2026-09-29
Vitorchiano,56060,Viterbo,VT,4.07,6.68,19.99,2026-08,immobiliare.it,2026-09-29
Illasi,23039,Verona,VR,5.97,10.69,26.29,2026-08,immobiliare.it,2026-09-29
Poggio Torriana,99028,Rimini,RN,7.12,8.9,20.54,2026-08,immobiliare.it,2026-09-29
San Pietro di Feletto,26073,Treviso,TV,6.28,9.61,18.46,2026-08,immobiliare.it,2026-09-29
Chions,93013,Pordenone,PN,5.19,10.02,11.04,2026-08,immobiliare.it,2026-09-29
Caponago,108052,Monza e Brianza,MB,8.42,11.06,14.2,2026-08,immobiliare.it,2026-09-29
Canzo,13042,Como,CO,7.49,9.87,21.76,2026-08,immobiliare.it,2026-09-29
Campegine,35010,Reggio nell'Emilia,RE,4.8,8.1,14.81,2026-08,immobiliare.it,2026-09-29
Figino Serenza,13101,Como,CO,7.49,10.59,21.76,2026-08,immobiliare.it,2026-09-29
Castelnuovo Scrivia,6053,Alessandria,AL,3.59,6.37,7.85,2026-08,immobiliare.it,2026-09-29
Maser,26039,Treviso,TV,6.28,8.9,18.46,2026-08,immobiliare.it,2026-09-29
Gagliano del Capo,75028,Lecce,LE,4.23,4.91,20.76,2026-08,immobiliare.it,2026-09-29
Giffoni Sei Casali,65055,Salerno,SA,4.77,6.28,12.18,2026-08,immobiliare.it,2026-09-29
Colle Umberto,26020,Treviso,TV,6.28,8.43,18.46,2026-08,immobiliare.it,2026-09-29
Telgate,16212,Bergamo,BG,4.71,10.33,16.63,2026-08,immobiliare.it,2026-09-29
Lesignano de' Bagni,34019,Parma,PR,5.39,6.85,12.5,2026-08,immobiliare.it,2026-09-29
Cervino,61028,Caserta,CE,3.13,6.1,8.97,2026-08,immobiliare.it,2026-09-29
Gazzaniga,16111,Bergamo,BG,4.71,8.3,16.63,2026-08,immobiliare.it,2026-09-29
Pontirolo Nuovo,16172,Bergamo,BG,4.71,11.25,16.63,2026-08,immobiliare.it,2026-09-29
Casnate con Bernate,13053,Como,CO,7.49,12.54,21.76,2026-08,immobiliare.it,2026-09-29
Rovolon,28071,Padova,PD,5.18,8.68,14.27,2026-08,immobiliare.it,2026-09-29
Monzambano,20036,Mantova,MN,5.71,10.04,14.82,2026-08,immobiliare.it,2026-09-29
Popoli,68033,Pescara,PE,4.84,9.06,10.84,2026-08,immobiliare.it,2026-09-29
Gonnesa,111030,Sud Sardegna,SU,6.54,7.04,10.95,2026-08,immobiliare.it,2026-09-29
Saccolongo,28073,Padova,PD,5.18,7.99,14.27,2026-08,immobiliare.it,2026-09-29
Licciana Nardi,45009,Massa-Carrara,MS,6.18,6.89,16.41,2026-08,immobiliare.it,2026-09-29
Soragna,34036,Parma,PR,5.39,7.62,12.5,2026-08,immobiliare.it,2026-09-29
Civitella del Tronto,67017,Teramo,TE,4.28,5.45,13.24,2026-08,immobiliare.it,2026-09-29
Ville d'Anaunia,22249,Trento,TN,7.09,7.09,30.24,2026-08,immobiliare.it,2026-09-29
Breno,17028,Brescia,BS,6.27,11.08,20.46,2026-08,immobiliare.it,2026-09-29
Torrice,60079,Frosinone,FR,3.97,5.41,9.37,2026-08,immobiliare.it,2026-09-29
Castel del Piano,53004,Grosseto,GR,6.41,6.93,32.03,2026-08,immobiliare.it,2026-09-29
Supino,60076,Frosinone,FR,3.97,5.25,9.37,2026-08,immobiliare.it,2026-09-29
Bassano Romano,56005,Viterbo,VT,4.07,5.02,19.99,2026-08,immobiliare.it,2026-09-30
Andrano,75005,Lecce,LE,4.23,4.76,20.76,2026-08,immobiliare.it,2026-09-30
Costa Masnaga,97026,Lecco,LC,6.48,10.46,18.23,2026-08,immobiliare.it,2026-09-30
Nuvolera,17120,Brescia,BS,6.27,10.08,20.46,2026-08,immobiliare.it,2026-09-30
Palazzo San Gervasio,76057,Potenza,PZ,4.26,5.82,9.78,2026-08,immobiliare.it,2026-09-30
Peccioli,50025,Pisa,PI,6.16,9.88,13.44,2026-08,immobiliare.it,2026-09-30
San Costanzo,41051,Pesaro e Urbino,PU,4.63,7.09,11.1,2026-08,immobiliare.it,2026-09-30
San Martino in Pensilis,70069,Campobasso,CB,4.47,17.02,17.77,2026-08,immobiliare.it,2026-09-30
Ponte dell'Olio,33036,Piacenza,PC,5.16,7.38,11.62,2026-08,immobiliare.it,2026-09-30
Buscate,15038,Milano,MI,8.22,9.34,22.55,2026-08,immobiliare.it,2026-09-30
Piancogno,17206,Brescia,BS,6.27,10,20.46,2026-08,immobiliare.it,2026-09-30
Alseno,33002,Piacenza,PC,5.16,5.39,11.62,2026-08,immobiliare.it,2026-09-30
Catenanuova,86006,Enna,EN,4.01,5.94,5.94,2026-08,immobiliare.it,2026-09-30
Carvico,16057,Bergamo,BG,4.71,8,16.63,2026-08,immobiliare.it,2026-09-30
Dogliani,4081,Cuneo,CN,3.7,3.79,23.11,2026-08,immobiliare.it,2026-09-30
Azzate,12006,Varese,VA,7.3,9.53,14.05,2026-08,immobiliare.it,2026-09-30
Mordano,37045,Bologna,BO,4.82,13.13,16.59,2026-08,immobiliare.it,2026-09-30
Pozzolo Formigaro,6138,Alessandria,AL,3.59,5.64,7.85,2026-08,immobiliare.it,2026-09-30
Maida,79069,Catanzaro,CZ,4.31,7.75,25.11,2026-08,immobiliare.it,2026-09-30
Monterosi,56038,Viterbo,VT,4.07,7.96,19.99,2026-08,immobiliare.it,2026-09-30
Realmonte,84032,Agrigento,AG,4.94,6.49,6.67,2026-08,immobiliare.it,2026-09-30
Castel Guelfo di Bologna,37016,Bologna,BO,4.82,8.78,16.59,2026-08,immobiliare.it,2026-09-30
Arcade,26002,Treviso,TV,6.28,11.65,18.46,2026-08,immobiliare.it,2026-09-30
Edolo,17068,Brescia,BS,6.27,9.19,20.46,2026-08,immobiliare.it,2026-09-30
Roè Volciano,17164,Brescia,BS,6.27,8.04,20.46,2026-08,immobiliare.it,2026-09-30
Terricciola,50036,Pisa,PI,6.16,9.03,13.44,2026-08,immobiliare.it,2026-09-30
Calitri,64015,Avellino,AV,3.12,4.89,7.83,2026-08,immobiliare.it,2026-09-30
Solarolo,39018,Ravenna,RA,6.14,11.2,23.41,2026-08,immobiliare.it,2026-09-30
Grignasco,3079,Novara,NO,4.75,5.14,14.5,2026-08,immobiliare.it,2026-09-30
Casina,35013,Reggio nell'Emilia,RE,4.8,6.58,14.81,2026-08,immobiliare.it,2026-09-30
Santo Stefano Quisquina,84040,Agrigento,AG,4.94,6.04,6.67,2026-08,immobiliare.it,2026-09-30
Borgorose,57007,Rieti,RI,4.01,7.42,9.87,2026-08,immobiliare.it,2026-09-30
Grosio,14033,Sondrio,SO,6.77,8.18,27.69,2026-08,immobiliare.it,2026-09-30
Comun Nuovo,16081,Bergamo,BG,4.71,9.93,16.63,2026-08,immobiliare.it,2026-09-30
Carrù,4043,Cuneo,CN,3.7,5.79,23.11,2026-08,immobiliare.it,2026-09-30
Ischitella,71025,Foggia,FG,5.09,7.18,10.55,2026-08,immobiliare.it,2026-09-30
Altomonte,78009,Cosenza,CS,3.48,8.91,26.89,2026-08,immobiliare.it,2026-09-30
Canneto sull'Oglio,20008,Mantova,MN,5.71,7.12,14.82,2026-08,immobiliare.it,2026-09-30
Cannara,54006,Perugia,PG,3.7,6.24,16.34,2026-08,immobiliare.it,2026-09-30
Morano Calabro,78083,Cosenza,CS,3.48,9.11,26.89,2026-08,immobiliare.it,2026-09-30
Tarzo,26084,Treviso,TV,6.28,8.09,18.46,2026-08,immobiliare.it,2026-09-30
Marcheno,17104,Brescia,BS,6.27,8,20.46,2026-08,immobiliare.it,2026-09-30
Arcidosso,53001,Grosseto,GR,6.41,7.1,32.03,2026-08,immobiliare.it,2026-09-30
Grisignano di Zocco,24046,Vicenza,VI,4.38,8.44,28.76,2026-08,immobiliare.it,2026-09-30
Revello,4180,Cuneo,CN,3.7,5.85,23.11,2026-08,immobiliare.it,2026-09-30
Atina,60011,Frosinone,FR,3.97,4.09,9.37,2026-08,immobiliare.it,2026-09-30
San Salvatore Monferrato,6154,Alessandria,AL,3.59,5.25,7.85,2026-08,immobiliare.it,2026-09-30
Vigolzone,33045,Piacenza,PC,5.16,5.96,11.62,2026-08,immobiliare.it,2026-09-30
Ariano nel Polesine,29002,Rovigo,RO,5.41,7.54,18.78,2026-08,immobiliare.it,2026-09-30
Castelforte,59004,Latina,LT,3.77,3.77,25.31,2026-08,immobiliare.it,2026-09-30
Torricella,73028,Taranto,TA,4.01,11.06,21.17,2026-08,immobiliare.it,2026-09-30
Olmedo,90048,Sassari,SS,7.04,9.54,13.92,2026-08,immobiliare.it,2026-09-30
Fossalta di Piave,27015,Venezia,VE,6.82,8.86,25.88,2026-08,immobiliare.it,2026-09-30
Bozzolo,20007,Mantova,MN,5.71,6.98,14.82,2026-08,immobiliare.it,2026-09-30
Sabbioneta,20054,Mantova,MN,5.71,7.15,14.82,2026-08,immobiliare.it,2026-09-30
San Benedetto Val di Sambro,37051,Bologna,BO,4.82,4.82,16.59,2026-08,immobiliare.it,2026-09-30
Bernezzo,4022,Cuneo,CN,3.7,4.87,23.11,2026-08,immobiliare.it,2026-09-30
Orgosolo,91062,Nuoro,NU,6.86,20.13,33.22,2026-08,immobiliare.it,2026-09-30
Boffalora sopra Ticino,15026,Milano,MI,8.22,9.54,22.55,2026-08,immobiliare.it,2026-09-30
Berbenno di Valtellina,14007,Sondrio,SO,6.77,9.8,27.69,2026-08,immobiliare.it,2026-09-30
Tramonti,65151,Salerno,SA,4.77,7.84,12.18,2026-08,immobiliare.it,2026-09-30
Gorgo al Monticano,26034,Treviso,TV,6.28,9.46,18.46,2026-08,immobiliare.it,2026-09-30
Santa Sofia,40043,Forli'-Cesena,FC,6.45,8.71,17.31,2026-08,immobiliare.it,2026-09-30
Merone,13147,Como,CO,7.49,10.39,21.76,2026-08,immobiliare.it,2026-09-30
Sanguinetto,23072,Verona,VR,5.97,7.29,26.29,2026-08,immobiliare.it,2026-09-30
Liscate,15122,Milano,MI,8.22,11.77,22.55,2026-08,immobiliare.it,2026-09-30
Moretta,4143,Cuneo,CN,3.7,5.9,23.11,2026-08,immobiliare.it,2026-09-30
Sondalo,14060,Sondrio,SO,6.77,8.08,27.69,2026-08,immobiliare.it,2026-09-30
Paladina,16155,Bergamo,BG,4.71,10.5,16.63,2026-08,immobiliare.it,2026-09-30
San Salvatore Telesino,62068,Benevento,BN,3.29,6.54,10.84,2026-08,immobiliare.it,2026-09-30
Sant'Angelo in Vado,41057,Pesaro e Urbino,PU,4.63,6.23,11.1,2026-08,immobiliare.it,2026-09-30
Sale,6151,Alessandria,AL,3.59,6.44,7.85,2026-08,immobiliare.it,2026-09-30
Ragalna,87058,Catania,CT,3.99,6.45,10.7,2026-08,immobiliare.it,2026-09-30
Carpineti,35011,Reggio nell'Emilia,RE,4.8,4.8,14.81,2026-08,immobiliare.it,2026-09-30
Piadena Drizzona,19116,Cremona,CR,5.86,6.42,12.04,2026-08,immobiliare.it,2026-09-30
Gibellina,81010,Trapani,TP,5.28,7.33,13.45,2026-08,immobiliare.it,2026-09-30
Marsico Nuovo,76045,Potenza,PZ,4.26,5.64,9.78,2026-08,immobiliare.it,2026-09-30
Fiesso Umbertiano,29022,Rovigo,RO,5.41,7.64,18.78,2026-08,immobiliare.it,2026-09-30
Cesiomaggiore,25011,Belluno,BL,7.87,8.65,30.63,2026-08,immobiliare.it,2026-09-30
Valvasone Arzene,93053,Pordenone,PN,5.19,10.04,11.04,2026-08,immobiliare.it,2026-09-30
Agnadello,19002,Cremona,CR,5.86,10.41,12.04,2026-08,immobiliare.it,2026-09-30
Guiglia,36017,Modena,MO,6.04,8.41,12.59,2026-08,immobiliare.it,2026-09-30
Castrignano de' Greci,75018,Lecce,LE,4.23,9.63,20.76,2026-08,immobiliare.it,2026-09-30
Sant'Omobono Terme,16252,Bergamo,BG,4.71,5.75,16.63,2026-08,immobiliare.it,2026-09-30
Norma,59016,Latina,LT,3.77,5.57,25.31,2026-08,immobiliare.it,2026-09-30
Cernusco Lombardone,97020,Lecco,LC,6.48,9.4,18.23,2026-08,immobiliare.it,2026-09-30
Cavriana,20018,Mantova,MN,5.71,9.32,14.82,2026-08,immobiliare.it,2026-09-30
Somaglia,98054,Lodi,LO,5.33,7.75,11.5,2026-08,immobiliare.it,2026-09-30
Scoppito,66095,L'Aquila,AQ,4.92,5.6,24.57,2026-08,immobiliare.it,2026-09-30
Bisaccia,64011,Avellino,AV,3.12,4.91,7.83,2026-08,immobiliare.it,2026-09-30
Manta,4116,Cuneo,CN,3.7,5.34,23.11,2026-08,immobiliare.it,2026-09-30
Siliqua,111084,Sud Sardegna,SU,6.94,8.92,14.11,2026-08,immobiliare.it,2026-09-30
Fara Vicentino,24040,Vicenza,VI,4.38,7.3,28.76,2026-08,immobiliare.it,2026-09-30
Leggiuno,12088,Varese,VA,7.3,10.72,14.05,2026-08,immobiliare.it,2026-09-30
Sedegliano,30109,Udine,UD,5.84,8.19,18.84,2026-08,immobiliare.it,2026-09-30
Ceranesi,10014,Genova,GE,5.07,5.83,32.58,2026-08,immobiliare.it,2026-09-30
Castions di Strada,30020,Udine,UD,5.84,7.61,18.84,2026-08,immobiliare.it,2026-09-30
Castagnole delle Lanze,5022,Asti,AT,4.03,7.27,7.65,2026-08,immobiliare.it,2026-09-30
Gaglianico,96026,Biella,BI,3.86,6.31,7.65,2026-08,immobiliare.it,2026-09-30
Miradolo Terme,18093,Pavia,PV,5.08,5.74,11.58,2026-08,immobiliare.it,2026-09-30
Deliceto,71022,Foggia,FG,5.09,7.09,10.55,2026-08,immobiliare.it,2026-09-30
Colonnella,67019,Teramo,TE,4.28,10.04,13.24,2026-08,immobiliare.it,2026-09-30
Oliveto Citra,65083,Salerno,SA,4.77,6.03,12.18,2026-08,immobiliare.it,2026-09-30
Nibionno,97056,Lecco,LC,6.48,8.99,18.23,2026-08,immobiliare.it,2026-09-30
Chiarano,26016,Treviso,TV,6.28,10.04,18.46,2026-08,immobiliare.it,2026-09-30
Casciago,12038,Varese,VA,7.3,10.7,14.05,2026-08,immobiliare.it,2026-09-30
Pont-Saint-Martin,7052,Valle d'Aosta/Vallée d'Aoste,AO,5.94,12.87,35.85,2026-08,immobiliare.it,2026-09-30
Basiano,15014,Milano,MI,8.22,12.32,22.55,2026-08,immobiliare.it,2026-09-30
Voghiera,38023,Ferrara,FE,5.07,5.47,16.15,2026-08,immobiliare.it,2026-09-30
Massa Martana,54028,Perugia,PG,3.7,5.18,16.34,2026-08,immobiliare.it,2026-09-30
Borgofranco d'Ivrea,1030,Torino,TO,3.79,5.49,23.85,2026-08,immobiliare.it,2026-09-30
Lugo di Vicenza,24053,Vicenza,VI,4.38,6.04,28.76,2026-08,immobiliare.it,2026-09-30
Villa Minozzo,35045,Reggio nell'Emilia,RE,4.8,6.69,14.81,2026-08,immobiliare.it,2026-09-30
Ciminna,82030,Palermo,PA,3.78,6.35,10.48,2026-08,immobiliare.it,2026-09-30
Lascari,82044,Palermo,PA,3.78,5.38,10.48,2026-08,immobiliare.it,2026-09-30
Carrè,24024,Vicenza,VI,4.38,7.29,28.76,2026-08,immobiliare.it,2026-09-30
Faicchio,62029,Benevento,BN,3.29,4.65,10.84,2026-08,immobiliare.it,2026-09-30
Cuasso al Monte,12058,Varese,VA,7.3,9.39,14.05,2026-08,immobiliare.it,2026-09-30
Cattolica Eraclea,84014,Agrigento,AG,4.94,5.58,6.67,2026-08,immobiliare.it,2026-09-30
Mignanego,10035,Genova,GE,5.07,5.85,32.58,2026-08,immobiliare.it,2026-09-30
Bosco Chiesanuova,23011,Verona,VR,5.97,14.84,26.29,2026-08,immobiliare.it,2026-09-30
San Possidonio,36038,Modena,MO,6.04,7.76,12.59,2026-08,immobiliare.it,2026-09-30
Pozzonovo,28070,Padova,PD,5.18,7.5,14.27,2026-08,immobiliare.it,2026-09-30
Bivona,84004,Agrigento,AG,4.94,6.2,6.67,2026-08,immobiliare.it,2026-09-30
Bagnaria Arsa,30008,Udine,UD,5.84,8.27,18.84,2026-08,immobiliare.it,2026-09-30
Mason Vicentino,24058,Vicenza,VI,4.38,8.42,28.76,2026-08,immobiliare.it,2026-09-30
Casale Corte Cerro,103019,Verbano-Cusio-Ossola,VB,4.29,7.4,14.01,2026-08,immobiliare.it,2026-09-30
Alanno,68002,Pescara,PE,4.84,6.98,10.84,2026-08,immobiliare.it,2026-09-30
Montegalda,24064,Vicenza,VI,4.38,7.16,28.76,2026-08,immobiliare.it,2026-09-30
Bosisio Parini,97009,Lecco,LC,6.48,6.98,18.23,2026-08,immobiliare.it,2026-09-30
Roncofreddo,40037,Forli'-Cesena,FC,6.45,11.1,17.31,2026-08,immobiliare.it,2026-09-30
Rotonda,76070,Potenza,PZ,4.26,6.98,9.78,2026-08,immobiliare.it,2026-09-30
Persico Dosimo,19068,Cremona,CR,5.86,8.76,12.04,2026-08,immobiliare.it,2026-09-30
Sarsina,40044,Forli'-Cesena,FC,6.45,9.9,17.31,2026-08,immobiliare.it,2026-09-30
Viggiano,76098,Potenza,PZ,4.26,4.26,9.78,2026-08,immobiliare.it,2026-09-30
Roccamonfina,61070,Caserta,CE,3.13,6.26,8.97,2026-08,immobiliare.it,2026-09-30
Millesimo,9038,Savona,SV,5.11,5.11,26.1,2026-08,immobiliare.it,2026-09-30
Sale Marasino,17169,Brescia,BS,6.27,7.96,20.46,2026-08,immobiliare.it,2026-09-30
Maslianico,13144,Como,CO,7.49,11.74,21.76,2026-08,immobiliare.it,2026-09-30
Santadi,111068,Sud Sardegna,SU,6.54,9.99,10.95,2026-08,immobiliare.it,2026-09-30
Viano,35044,Reggio nell'Emilia,RE,4.8,14.81,14.81,2026-08,immobiliare.it,2026-09-30
Polverara,28066,Padova,PD,5.18,8.89,14.27,2026-08,immobiliare.it,2026-09-30
Vinchiaturo,70084,Campobasso,CB,4.47,5.86,17.77,2026-08,immobiliare.it,2026-09-30
Castel Ivano,22240,Trento,TN,7.09,10.1,30.24,2026-08,immobiliare.it,2026-09-30
Costigliole Saluzzo,4075,Cuneo,CN,3.7,5.01,23.11,2026-08,immobiliare.it,2026-09-30
Furci Siculo,83027,Messina,ME,4.01,8.37,19.98,2026-08,immobiliare.it,2026-09-30
Ardenno,14005,Sondrio,SO,6.77,8.88,27.69,2026-08,immobiliare.it,2026-09-30
Blera,56007,Viterbo,VT,4.07,6.7,19.99,2026-08,immobiliare.it,2026-09-30
Baiso,35003,Reggio nell'Emilia,RE,4.8,8.64,14.81,2026-08,immobiliare.it,2026-09-30
Brebbia,12017,Varese,VA,7.3,8.22,14.05,2026-08,immobiliare.it,2026-09-30
San Marco dei Cavoti,62064,Benevento,BN,3.29,7.18,10.84,2026-08,immobiliare.it,2026-09-30
Ome,17123,Brescia,BS,6.27,8.8,20.46,2026-08,immobiliare.it,2026-09-30
Bovino,71007,Foggia,FG,5.09,7.12,10.55,2026-08,immobiliare.it,2026-09-30
Polizzi Generosa,82058,Palermo,PA,3.78,6.96,10.48,2026-08,immobiliare.it,2026-09-30
Polesine Zibello,34050,Parma,PR,5.39,7.8,12.5,2026-08,immobiliare.it,2026-09-30
Camposanto,36004,Modena,MO,6.04,8.56,12.59,2026-08,immobiliare.it,2026-09-30
Manocalzati,64046,Avellino,AV,3.12,5.05,7.83,2026-08,immobiliare.it,2026-09-30
Petralia Soprana,82055,Palermo,PA,3.78,6.35,10.48,2026-08,immobiliare.it,2026-09-30
Marone,17106,Brescia,BS,6.27,7.96,20.46,2026-08,immobiliare.it,2026-09-30
Balangero,1016,Torino,TO,3.79,6.19,23.85,2026-08,immobiliare.it,2026-09-30
Civitella Roveto,66036,L'Aquila,AQ,4.92,6.97,24.57,2026-08,immobiliare.it,2026-09-30
Mazzano Romano,58058,Roma,RM,5.44,5.53,19.31,2026-08,immobiliare.it,2026-09-30
Varzi,18171,Pavia,PV,5.08,6.73,11.58,2026-08,immobiliare.it,2026-09-30
Valli del Pasubio,24113,Vicenza,VI,4.38,8.31,28.76,2026-08,immobiliare.it,2026-09-30
Arsiero,24007,Vicenza,VI,4.38,18.61,28.76,2026-08,immobiliare.it,2026-09-30
Terre d'Adige,22251,Trento,TN,7.09,11.1,30.24,2026-08,immobiliare.it,2026-09-30
Nanto,24071,Vicenza,VI,4.38,7.48,28.76,2026-08,immobiliare.it,2026-09-30
Caramagna Piemonte,4041,Cuneo,CN,3.7,4.89,23.11,2026-08,immobiliare.it,2026-09-30
Montorso Vicentino,24068,Vicenza,VI,4.38,8.25,28.76,2026-08,immobiliare.it,2026-09-30
Baone,28009,Padova,PD,5.18,8.7,14.27,2026-08,immobiliare.it,2026-09-30
Sarmede,26078,Treviso,TV,6.28,8.7,18.46,2026-08,immobiliare.it,2026-09-30
Pastorano,61055,Caserta,CE,3.13,4.62,8.97,2026-08,immobiliare.it,2026-09-30
Alta Val Tidone,33049,Piacenza,PC,5.16,5.66,11.62,2026-08,immobiliare.it,2026-09-30
Stazzema,46030,Lucca,LU,4.29,6.44,27.33,2026-08,immobiliare.it,2026-09-30
Albosaggia,14002,Sondrio,SO,6.77,7.32,27.69,2026-08,immobiliare.it,2026-09-30
Stella,9058,Savona,SV,5.11,9.95,26.1,2026-08,immobiliare.it,2026-09-30
Pietravairano,61059,Caserta,CE,3.13,7.35,8.97,2026-08,immobiliare.it,2026-09-30
Porto Ceresio,12113,Varese,VA,7.3,8.69,14.05,2026-08,immobiliare.it,2026-09-30
Montevago,84025,Agrigento,AG,4.94,5.38,6.67,2026-08,immobiliare.it,2026-09-30
Flumeri,64032,Avellino,AV,3.12,4.87,7.83,2026-08,immobiliare.it,2026-09-30
Fregona,26030,Treviso,TV,6.28,8.43,18.46,2026-08,immobiliare.it,2026-09-30
Viggianello,76097,Potenza,PZ,4.26,6.57,9.78,2026-08,immobiliare.it,2026-09-30
Cavaso del Tomba,26014,Treviso,TV,6.28,7.86,18.46,2026-08,immobiliare.it,2026-09-30
Cassacco,30019,Udine,UD,5.84,6.67,18.84,2026-08,immobiliare.it,2026-09-30
Artegna,30006,Udine,UD,5.84,5.84,18.84,2026-08,immobiliare.it,2026-09-30
Santa Vittoria d'Alba,4212,Cuneo,CN,3.7,8.18,23.11,2026-08,immobiliare.it,2026-09-30
Castrofilippo,84013,Agrigento,AG,4.94,5.8,6.67,2026-08,immobiliare.it,2026-09-30
Moncalvo,5069,Asti,AT,4.03,4.98,7.65,2026-08,immobiliare.it,2026-09-30
Castel Viscardo,55010,Terni,TR,4.08,6.56,7.44,2026-08,immobiliare.it,2026-09-30
Faedis,30036,Udine,UD,5.84,6.6,18.84,2026-08,immobiliare.it,2026-09-30
Airuno,97002,Lecco,LC,6.48,9.55,18.23,2026-08,immobiliare.it,2026-09-30
Castelnuovo Cilento,65032,Salerno,SA,4.77,11.11,12.18,2026-08,immobiliare.it,2026-09-30
Briga Novarese,3026,Novara,NO,4.75,6.67,14.5,2026-08,immobiliare.it,2026-09-30
Sirtori,97076,Lecco,LC,6.48,9.81,18.23,2026-08,immobiliare.it,2026-09-30
Terzo d'Aquileia,30120,Udine,UD,5.84,9.38,18.84,2026-08,immobiliare.it,2026-09-30
Bronzolo,21012,Bolzano/Bozen,BZ,8.41,12.14,29.38,2026-08,immobiliare.it,2026-09-30
Vietri di Potenza,76096,Potenza,PZ,4.26,5.45,9.78,2026-08,immobiliare.it,2026-09-30
Dugenta,62027,Benevento,BN,3.29,6.63,10.84,2026-08,immobiliare.it,2026-09-30
San Piero Patti,83081,Messina,ME,4.01,6.01,19.98,2026-08,immobiliare.it,2026-09-30
Sommariva Perno,4223,Cuneo,CN,3.7,6.75,23.11,2026-08,immobiliare.it,2026-09-30
Montemarano,64058,Avellino,AV,3.12,4.45,7.83,2026-08,immobiliare.it,2026-09-30
Pennabilli,99024,Rimini,RN,7.12,9.89,20.54,2026-08,immobiliare.it,2026-09-30
Candela,71009,Foggia,FG,5.09,7.46,10.55,2026-08,immobiliare.it,2026-09-30
Cirò,101007,Crotone,KR,6.57,19.75,29.42,2026-08,immobiliare.it,2026-09-30
Cordovado,93018,Pordenone,PN,5.19,10.16,11.04,2026-08,immobiliare.it,2026-09-30
Amorosi,62002,Benevento,BN,3.29,3.45,10.84,2026-08,immobiliare.it,2026-09-30
Lessona,96085,Biella,BI,3.86,4.78,7.65,2026-08,immobiliare.it,2026-09-30
Bettola,33004,Piacenza,PC,5.16,6.83,11.62,2026-08,immobiliare.it,2026-09-30
Paesana,4157,Cuneo,CN,3.7,5.07,23.11,2026-08,immobiliare.it,2026-09-30
Borgarello,18015,Pavia,PV,5.08,8.17,11.58,2026-08,immobiliare.it,2026-09-30
Canaro,29009,Rovigo,RO,5.41,10.59,18.78,2026-08,immobiliare.it,2026-09-30
Mammola,80044,Reggio Calabria,RC,3.89,8.12,17.64,2026-08,immobiliare.it,2026-09-30
Abbasanta,95001,Oristano,OR,8.35,12.08,13.24,2026-08,immobiliare.it,2026-09-30
Petralia Sottana,82056,Palermo,PA,3.78,4.72,10.48,2026-08,immobiliare.it,2026-09-30
Campodoro,28018,Padova,PD,5.18,7.97,14.27,2026-08,immobiliare.it,2026-09-30
Casale Litta,12036,Varese,VA,7.3,8.84,14.05,2026-08,immobiliare.it,2026-09-30
Mele,10033,Genova,GE,5.07,6.22,32.58,2026-08,immobiliare.it,2026-09-30
Bargagli,10003,Genova,GE,5.07,5.42,32.58,2026-08,immobiliare.it,2026-09-30
Toirano,9061,Savona,SV,5.11,9.4,26.1,2026-08,immobiliare.it,2026-09-30
Cavernago,16066,Bergamo,BG,4.71,6.78,16.63,2026-08,immobiliare.it,2026-09-30
Verrès,7073,Valle d'Aosta/Vallée d'Aoste,AO,5.94,5.94,5.94,2026-08,immobiliare.it,2026-09-30
Graffignana,98028,Lodi,LO,5.33,8.61,11.5,2026-08,immobiliare.it,2026-09-30
Isili,111036,Sud Sardegna,SU,6.94,9.09,14.11,2026-08,immobiliare.it,2026-09-30
Pianopoli,79096,Catanzaro,CZ,4.31,5.19,25.11,2026-08,immobiliare.it,2026-09-30
Gavoi,91028,Nuoro,NU,6.86,13.55,33.22,2026-08,immobiliare.it,2026-09-30
Budoia,93008,Pordenone,PN,5.19,9.65,11.04,2026-08,immobiliare.it,2026-09-30
Tovo San Giacomo,9062,Savona,SV,5.11,12.39,26.1,2026-08,immobiliare.it,2026-09-30
Paularo,30073,Udine,UD,5.84,7.34,18.84,2026-08,immobiliare.it,2026-09-30
Sant'Anna d'Alfaedo,23078,Verona,VR,5.97,9.7,26.29,2026-08,immobiliare.it,2026-09-30
Casola Valsenio,39005,Ravenna,RA,6.14,7.52,23.41,2026-08,immobiliare.it,2026-09-30
Carpignano Sesia,3036,Novara,NO,4.75,8.76,14.5,2026-08,immobiliare.it,2026-09-30
Avegno,10002,Genova,GE,5.07,5.96,32.58,2026-08,immobiliare.it,2026-09-30
Venticano,64116,Avellino,AV,3.12,4.89,7.83,2026-08,immobiliare.it,2026-09-30
Corleto Perticara,76029,Potenza,PZ,4.26,4.26,9.78,2026-08,immobiliare.it,2026-09-30
Montallegro,84024,Agrigento,AG,4.94,6.49,6.67,2026-08,immobiliare.it,2026-09-30
Luras,90037,Sassari,SS,6.25,26.28,27.55,2026-08,immobiliare.it,2026-09-30
Casei Gerola,18033,Pavia,PV,5.08,6.34,11.58,2026-08,immobiliare.it,2026-09-30
Pieve Fosciana,46025,Lucca,LU,4.29,6.6,27.33,2026-08,immobiliare.it,2026-09-30
Boara Pisani,28012,Padova,PD,5.18,7.29,14.27,2026-08,immobiliare.it,2026-09-30
Alì Terme,83003,Messina,ME,4.01,8.94,19.98,2026-08,immobiliare.it,2026-09-30
Charvensod,7019,Valle d'Aosta/Vallée d'Aoste,AO,5.94,14.88,35.85,2026-08,immobiliare.it,2026-09-30
Ferla,89008,Siracusa,SR,4.38,5.79,11.64,2026-08,immobiliare.it,2026-09-30
Giuliano di Roma,60041,Frosinone,FR,3.97,5.5,9.37,2026-08,immobiliare.it,2026-09-30
Caprarica di Lecce,75013,Lecce,LE,4.23,7.72,20.76,2026-08,immobiliare.it,2026-09-30
Ponti sul Mincio,20044,Mantova,MN,5.71,14.82,14.82,2026-08,immobiliare.it,2026-09-30
Bertiolo,30010,Udine,UD,5.84,6.2,18.84,2026-08,immobiliare.it,2026-09-30
Roccapalumba,82062,Palermo,PA,3.78,6.43,10.48,2026-08,immobiliare.it,2026-09-30
Ambivere,16009,Bergamo,BG,4.71,7.71,16.63,2026-08,immobiliare.it,2026-09-30
Campagnatico,53002,Grosseto,GR,6.41,6.41,32.03,2026-08,immobiliare.it,2026-09-30
Beverino,11003,La Spezia,SP,6.54,8.39,28.49,Agosto 2026,immobiliare.it,2026-10-01
Velo d'Astico,24115,Vicenza,VI,4.38,7.75,28.76,Agosto 2026,immobiliare.it,2026-10-01
Bassano Bresciano,17013,Brescia,BS,6.27,9.6,20.46,Agosto 2026,immobiliare.it,2026-10-01
Riace,80064,Reggio Calabria,RC,3.89,14.4,17.64,Agosto 2026,immobiliare.it,2026-10-01
Cesarò,83017,Messina,ME,4.01,5.43,19.98,Agosto 2026,immobiliare.it,2026-10-01
Loro Piceno,43022,Macerata,MC,4.55,6.25,11.95,Agosto 2026,immobiliare.it,2026-10-01
Ponte in Valtellina,14052,Sondrio,SO,6.77,7.85,27.69,Agosto 2026,immobiliare.it,2026-10-01
Monte Cremasco,19058,Cremona,CR,5.86,9.48,12.04,Agosto 2026,immobiliare.it,2026-10-01
Ne,10040,Genova,GE,5.07,7.54,32.58,Agosto 2026,immobiliare.it,2026-10-01
Trecchina,76092,Potenza,PZ,4.26,9.78,9.78,Agosto 2026,immobiliare.it,2026-10-01
Arsiè,25004,Belluno,BL,11.62,11.62,11.62,Agosto 2026,immobiliare.it,2026-10-01
Montefiore Conca,99008,Rimini,RN,7.12,10.17,20.54,Agosto 2026,immobiliare.it,2026-10-01
Torriglia,10062,Genova,GE,5.07,5.73,32.58,Agosto 2026,immobiliare.it,2026-10-01
Altissimo,24005,Vicenza,VI,4.38,6.82,28.76,Agosto 2026,immobiliare.it,2026-10-01
Govone,4099,Cuneo,CN,3.7,5.92,23.11,Agosto 2026,immobiliare.it,2026-10-01
Castiglione Messer Raimondo,67013,Teramo,TE,4.28,5.75,13.24,Agosto 2026,immobiliare.it,2026-10-01
Villa Santina,30133,Udine,UD,5.84,7.16,18.84,Agosto 2026,immobiliare.it,2026-10-01
San Venanzo,55030,Terni,TR,4.08,7.34,7.44,Agosto 2026,immobiliare.it,2026-10-01
Magliano Alfieri,4113,Cuneo,CN,3.7,5.99,23.11,Agosto 2026,immobiliare.it,2026-10-01
Rivoli Veronese,23062,Verona,VR,5.97,10.85,26.29,Agosto 2026,immobiliare.it,2026-10-01
Incisa Scapaccino,5058,Asti,AT,4.03,5.53,7.65,Agosto 2026,immobiliare.it,2026-10-01
Pombia,3121,Novara,NO,4.75,7.54,14.5,Agosto 2026,immobiliare.it,2026-10-01
Colledara,67018,Teramo,TE,4.28,5.66,13.24,Agosto 2026,immobiliare.it,2026-10-01
Escalaplano,111018,Sud Sardegna,SU,6.94,8.96,14.11,Agosto 2026,immobiliare.it,2026-10-01
Piateda,14049,Sondrio,SO,6.77,7.5,27.69,Agosto 2026,immobiliare.it,2026-10-01
Paitone,17132,Brescia,BS,6.27,8.73,20.46,Agosto 2026,immobiliare.it,2026-10-01
Pianfei,4165,Cuneo,CN,3.7,6.54,23.11,Agosto 2026,immobiliare.it,2026-10-01
San Lorenzo Nuovo,56047,Viterbo,VT,4.07,5.98,19.99,Agosto 2026,immobiliare.it,2026-10-01
Introdacqua,66048,L'Aquila,AQ,4.92,10.85,24.57,Agosto 2026,immobiliare.it,2026-10-01
Nogaredo,22127,Trento,TN,7.09,10.92,30.24,Agosto 2026,immobiliare.it,2026-10-01
Fumone,60039,Frosinone,FR,3.97,6.09,9.37,Agosto 2026,immobiliare.it,2026-10-01
Sgonico,32005,Trieste,TS,11.54,13.39,15.2,Agosto 2026,immobiliare.it,2026-10-01
Collio,17058,Brescia,BS,6.27,7.86,20.46,Agosto 2026,immobiliare.it,2026-10-01
Torella dei Lombardi,64109,Avellino,AV,3.12,4.62,7.83,Agosto 2026,immobiliare.it,2026-10-01
Fara Novarese,3065,Novara,NO,4.75,11.81,14.5,Agosto 2026,immobiliare.it,2026-10-01
Isola d'Asti,5059,Asti,AT,4.03,5.97,7.65,Agosto 2026,immobiliare.it,2026-10-01
Grinzane Cavour,4100,Cuneo,CN,3.7,6.04,23.11,Agosto 2026,immobiliare.it,2026-10-01
Sustinente,20064,Mantova,MN,5.71,6.49,14.82,Agosto 2026,immobiliare.it,2026-10-01
Cautano,62021,Benevento,BN,3.29,7.64,10.84,Agosto 2026,immobiliare.it,2026-10-01
Tavernola Bergamasca,16211,Bergamo,BG,4.71,11.68,16.63,Agosto 2026,immobiliare.it,2026-10-01
Granze,28043,Padova,PD,5.18,7.3,14.27,Agosto 2026,immobiliare.it,2026-10-01
Borzonasca,10005,Genova,GE,5.07,6.56,32.58,Agosto 2026,immobiliare.it,2026-10-01
Borgo Chiese,22238,Trento,TN,7.09,9.58,30.24,Agosto 2026,immobiliare.it,2026-10-01
Bonavigo,23009,Verona,VR,5.97,8.44,26.29,Agosto 2026,immobiliare.it,2026-10-01
San Marcello,42041,Ancona,AN,4.67,6.93,10.07,Agosto 2026,immobiliare.it,2026-10-01
San Cassiano,75095,Lecce,LE,4.23,8.13,20.76,Agosto 2026,immobiliare.it,2026-10-01
San Donato Val di Comino,60062,Frosinone,FR,3.97,4.76,9.37,Agosto 2026,immobiliare.it,2026-10-01
Tarsia,78145,Cosenza,CS,3.48,8.77,26.89,Agosto 2026,immobiliare.it,2026-10-01
Venarotta,44073,Ascoli Piceno,AP,4.94,5.33,11.08,Agosto 2026,immobiliare.it,2026-10-01
Introbio,97040,Lecco,LC,6.48,8.06,18.23,Agosto 2026,immobiliare.it,2026-10-01
Forenza,76033,Potenza,PZ,4.26,4.56,9.78,Agosto 2026,immobiliare.it,2026-10-01
Borgocarbonara,20073,Mantova,MN,5.71,6.29,14.82,Agosto 2026,immobiliare.it,2026-10-01
Vaglio Basilicata,76094,Potenza,PZ,4.26,6.52,9.78,Agosto 2026,immobiliare.it,2026-10-01
Demonte,4079,Cuneo,CN,3.7,5.78,23.11,Agosto 2026,immobiliare.it,2026-10-01
Belmonte Calabro,78013,Cosenza,CS,3.48,3.48,26.89,Agosto 2026,immobiliare.it,2026-10-01
Nemi,58070,Roma,RM,5.44,10.67,19.31,Agosto 2026,immobiliare.it,2026-10-01
Caselle in Pittari,65029,Salerno,SA,4.77,9.73,12.18,Agosto 2026,immobiliare.it,2026-10-01
Bianzè,2011,Vercelli,VC,4.29,6.07,14.49,Agosto 2026,immobiliare.it,2026-10-01
Odolo,17121,Brescia,BS,6.27,7.36,20.46,Agosto 2026,immobiliare.it,2026-10-01
Santo Stefano Lodigiano,98051,Lodi,LO,5.33,8.97,11.5,Agosto 2026,immobiliare.it,2026-10-01
Pralormo,1203,Torino,TO,3.79,5.56,23.85,Agosto 2026,immobiliare.it,2026-10-01
Varese Ligure,11029,La Spezia,SP,6.54,6.54,28.49,Agosto 2026,immobiliare.it,2026-10-01
Novate Mezzola,14046,Sondrio,SO,6.77,8.46,27.69,Agosto 2026,immobiliare.it,2026-10-01
Giove,55014,Terni,TR,4.08,4.41,7.44,Agosto 2026,immobiliare.it,2026-10-01
Solagna,24101,Vicenza,VI,4.38,7.96,28.76,Agosto 2026,immobiliare.it,2026-10-01
Frassinoro,36016,Modena,MO,6.04,7.69,12.59,Agosto 2026,immobiliare.it,2026-10-01
Acuto,60002,Frosinone,FR,3.97,6.86,9.37,Agosto 2026,immobiliare.it,2026-10-01
Poggiridenti,14051,Sondrio,SO,6.77,7.58,27.69,Agosto 2026,immobiliare.it,2026-10-01
Ovaro,30067,Udine,UD,5.84,6.99,18.84,Agosto 2026,immobiliare.it,2026-10-01
Megliadino San Vitale,28052,Padova,PD,5.18,7.08,14.27,Agosto 2026,immobiliare.it,2026-10-01
Luogosanto,90036,Sassari,SS,6.25,26.27,27.55,Agosto 2026,immobiliare.it,2026-10-01
Sepino,70075,Campobasso,CB,4.47,6.09,17.77,Agosto 2026,immobiliare.it,2026-10-01
Corniglio,34012,Parma,PR,5.39,7.89,12.5,Agosto 2026,immobiliare.it,2026-10-01
Trevi nel Lazio,60080,Frosinone,FR,3.97,9.37,9.37,Agosto 2026,immobiliare.it,2026-10-01
Porte di Rendena,22244,Trento,TN,7.09,19.32,30.24,Agosto 2026,immobiliare.it,2026-10-01
Apecchio,41002,Pesaro e Urbino,PU,4.63,5.99,11.1,Agosto 2026,immobiliare.it,2026-10-01
Bistagno,6017,Alessandria,AL,3.59,5.9,7.85,Agosto 2026,immobiliare.it,2026-10-01
Vescovana,28097,Padova,PD,5.18,7.62,14.27,Agosto 2026,immobiliare.it,2026-10-01
Perdifumo,65091,Salerno,SA,4.77,9.14,12.18,Agosto 2026,immobiliare.it,2026-10-01
Pieve Fissiraga,98045,Lodi,LO,5.33,9.54,11.5,Agosto 2026,immobiliare.it,2026-10-01
Allerona,55002,Terni,TR,4.08,6.99,7.44,Agosto 2026,immobiliare.it,2026-10-01
Accettura,77001,Matera,MT,5.02,5.77,9.19,Agosto 2026,immobiliare.it,2026-10-01
Taibon Agordino,25059,Belluno,BL,7.87,10.66,30.63,Agosto 2026,immobiliare.it,2026-10-01
Meana Sardo,91047,Nuoro,NU,6.86,12.59,33.22,Agosto 2026,immobiliare.it,2026-10-01
Calamandrana,5013,Asti,AT,4.03,5.59,7.65,Agosto 2026,immobiliare.it,2026-10-01
Attimis,30007,Udine,UD,5.84,7.12,18.84,Agosto 2026,immobiliare.it,2026-10-01
Barasso,12008,Varese,VA,7.3,9.66,14.05,Agosto 2026,immobiliare.it,2026-10-01
Cremella,97028,Lecco,LC,6.48,8.75,18.23,Agosto 2026,immobiliare.it,2026-10-01
Refrontolo,26065,Treviso,TV,6.28,8.11,18.46,Agosto 2026,immobiliare.it,2026-10-01
Bevilacqua,23008,Verona,VR,5.97,7.44,26.29,Agosto 2026,immobiliare.it,2026-10-01
Villesse,31025,Gorizia,GO,8.09,10.05,12.03,Agosto 2026,immobiliare.it,2026-10-01
Savogna d'Isonzo,31022,Gorizia,GO,8.09,8.99,12.03,Agosto 2026,immobiliare.it,2026-10-01
Vajont,93052,Pordenone,PN,5.19,8.89,11.04,Agosto 2026,immobiliare.it,2026-10-01
Grumento Nova,76037,Potenza,PZ,4.26,4.95,9.78,Agosto 2026,immobiliare.it,2026-10-01
Chieuti,71021,Foggia,FG,5.09,6.71,10.55,Agosto 2026,immobiliare.it,2026-10-01
Gudo Visconti,15112,Milano,MI,8.22,10.21,22.55,Agosto 2026,immobiliare.it,2026-10-01
Grosotto,14034,Sondrio,SO,6.77,8.09,27.69,Agosto 2026,immobiliare.it,2026-10-01
Pesche,94031,Isernia,IS,5.39,6.84,7.81,Agosto 2026,immobiliare.it,2026-10-01
Trentinara,65152,Salerno,SA,4.77,9,12.18,Agosto 2026,immobiliare.it,2026-10-01
Trivignano Udinese,30128,Udine,UD,5.84,8.46,18.84,Agosto 2026,immobiliare.it,2026-10-01
Santa Giuletta,18140,Pavia,PV,5.08,6.38,11.58,Agosto 2026,immobiliare.it,2026-10-01
Chianocco,1076,Torino,TO,3.79,6.02,23.85,Agosto 2026,immobiliare.it,2026-10-01
San Pietro di Cadore,25047,Belluno,BL,7.87,11.44,30.63,Agosto 2026,immobiliare.it,2026-10-01
Camino al Tagliamento,30015,Udine,UD,5.84,9.05,18.84,Agosto 2026,immobiliare.it,2026-10-01
Montiglio Monferrato,5121,Asti,AT,4.03,5.08,7.65,Agosto 2026,immobiliare.it,2026-10-01
Castelnuovo Bocca d'Adda,98013,Lodi,LO,5.33,8.14,11.5,Agosto 2026,immobiliare.it,2026-10-01
Castiglione Chiavarese,10013,Genova,GE,5.07,9.27,32.58,Agosto 2026,immobiliare.it,2026-10-01
Castione Andevenno,14015,Sondrio,SO,6.77,7.33,27.69,Agosto 2026,immobiliare.it,2026-10-01
Agliano Terme,5001,Asti,AT,4.03,4.68,7.65,Agosto 2026,immobiliare.it,2026-10-01
Ortovero,9045,Savona,SV,5.11,9.36,26.1,Agosto 2026,immobiliare.it,2026-10-01
Quattordio,6142,Alessandria,AL,3.59,4.55,7.85,Agosto 2026,immobiliare.it,2026-10-01
Perano,69065,Chieti,CH,4.58,4.59,9.09,Agosto 2026,immobiliare.it,2026-10-01
Dovadola,40011,Forlì-Cesena,FC,6.45,9.05,17.31,Agosto 2026,immobiliare.it,2026-10-01
Liveri,63040,Napoli,NA,4.24,4.24,37.68,Agosto 2026,immobiliare.it,2026-10-01
Fanna,93020,Pordenone,PN,5.19,8.18,11.04,Agosto 2026,immobiliare.it,2026-10-01
Villata,2164,Vercelli,VC,4.29,7.24,14.49,Agosto 2026,immobiliare.it,2026-10-01
Cerchio,66033,L'Aquila,AQ,4.92,6.93,24.57,Agosto 2026,immobiliare.it,2026-10-01
Roccabruna,4187,Cuneo,CN,3.7,6.22,23.11,Agosto 2026,immobiliare.it,2026-10-01
Settimo Vittone,1266,Torino,TO,3.79,5.58,23.85,Agosto 2026,immobiliare.it,2026-10-01
Pettinengo,96042,Biella,BI,3.86,4.36,7.65,Agosto 2026,immobiliare.it,2026-10-01
Corte Palasio,98024,Lodi,LO,5.33,9.43,11.5,Agosto 2026,immobiliare.it,2026-10-01
Sant'Ippolito,41058,Pesaro e Urbino,PU,4.63,6.51,11.1,Agosto 2026,immobiliare.it,2026-10-01
Pescosolido,60049,Frosinone,FR,3.97,5.53,9.37,Agosto 2026,immobiliare.it,2026-10-01
Crevacuore,96021,Biella,BI,3.86,5.15,7.65,Agosto 2026,immobiliare.it,2026-10-01
Vallio Terme,17193,Brescia,BS,6.27,8.13,20.46,Agosto 2026,immobiliare.it,2026-10-01
Farindola,68019,Pescara,PE,4.84,6.41,10.84,Agosto 2026,immobiliare.it,2026-10-01
Monteleone d'Orvieto,55021,Terni,TR,4.08,4.09,7.44,Agosto 2026,immobiliare.it,2026-10-01
Ossago Lodigiano,98044,Lodi,LO,5.33,8.48,11.5,Agosto 2026,immobiliare.it,2026-10-01
Magliano di Tenna,109010,Fermo,FM,5.11,5.33,10.04,Agosto 2026,immobiliare.it,2026-10-01
Corzano,17064,Brescia,BS,6.27,9.26,20.46,Agosto 2026,immobiliare.it,2026-10-01
Castell'Azzara,53005,Grosseto,GR,6.41,7.6,32.03,Agosto 2026,immobiliare.it,2026-10-01
San Romano in Garfagnana,46027,Lucca,LU,4.29,6.5,27.33,Agosto 2026,immobiliare.it,2026-10-01
Morino,66057,L'Aquila,AQ,4.92,8.14,24.57,Agosto 2026,immobiliare.it,2026-10-01
Albano di Lucania,76003,Potenza,PZ,4.26,5.38,9.78,Agosto 2026,immobiliare.it,2026-10-01
Piantedo,14048,Sondrio,SO,6.77,8.9,27.69,Agosto 2026,immobiliare.it,2026-10-01
Venasca,4237,Cuneo,CN,3.7,5.73,23.11,Agosto 2026,immobiliare.it,2026-10-01
Ubiale Clanezzo,16221,Bergamo,BG,4.71,7.26,16.63,Agosto 2026,immobiliare.it,2026-10-01
Zermeghedo,24120,Vicenza,VI,4.38,8.51,28.76,Agosto 2026,immobiliare.it,2026-10-01
Santa Maria Coghinas,90087,Sassari,SS,7.04,10.4,13.92,Agosto 2026,immobiliare.it,2026-10-01
Brentino Belluno,23013,Verona,VR,5.97,6.2,26.29,Agosto 2026,immobiliare.it,2026-10-01
Dolcedo,8030,Imperia,IM,10.22,10.5,17.66,Agosto 2026,immobiliare.it,2026-10-01
Vigano San Martino,16236,Bergamo,BG,4.71,7.91,16.63,Agosto 2026,immobiliare.it,2026-10-01
Mottalciata,96037,Biella,BI,3.86,5.87,7.65,Agosto 2026,immobiliare.it,2026-10-01
Valtopina,54059,Perugia,PG,3.7,3.87,16.34,Agosto 2026,immobiliare.it,2026-10-01
Roviano,58092,Roma,RM,5.44,6.21,19.31,Agosto 2026,immobiliare.it,2026-10-01
Sordevolo,96063,Biella,BI,3.86,6.32,7.65,Agosto 2026,immobiliare.it,2026-10-01
Scheggia e Pascelupo,54046,Perugia,PG,3.7,6.61,16.34,Agosto 2026,immobiliare.it,2026-10-01
Puglianello,62055,Benevento,BN,3.29,3.45,10.84,Agosto 2026,immobiliare.it,2026-10-01
Canosa Sannita,69010,Chieti,CH,4.58,4.81,9.09,Agosto 2026,immobiliare.it,2026-10-01
Monfumo,26045,Treviso,TV,6.28,8.9,18.46,Agosto 2026,immobiliare.it,2026-10-01
Girasole,91031,Nuoro,NU,9,9.61,33.22,Agosto 2026,immobiliare.it,2026-10-01
Fiuminata,43019,Macerata,MC,4.55,5.47,11.95,Agosto 2026,immobiliare.it,2026-10-01
Crespadoro,24037,Vicenza,VI,4.38,7.81,28.76,Agosto 2026,immobiliare.it,2026-10-01
Bianzone,14008,Sondrio,SO,6.77,6.78,27.69,Agosto 2026,immobiliare.it,2026-10-01
Chies d'Alpago,25012,Belluno,BL,7.87,10.97,30.63,Agosto 2026,immobiliare.it,2026-10-01
Conza della Campania,64030,Avellino,AV,3.12,4.88,7.83,Agosto 2026,immobiliare.it,2026-10-01
Arba,93002,Pordenone,PN,5.19,8.28,11.04,Agosto 2026,immobiliare.it,2026-10-01
Ton,22200,Trento,TN,7.09,7.59,30.24,Agosto 2026,immobiliare.it,2026-10-01
Vallesaccarda,64115,Avellino,AV,3.12,4.78,7.83,Agosto 2026,immobiliare.it,2026-10-01
Loceri,91039,Nuoro,NU,9,10.63,33.22,Agosto 2026,immobiliare.it,2026-10-01
Montefusco,64056,Avellino,AV,3.12,5.03,7.83,Agosto 2026,immobiliare.it,2026-10-01
San Biagio della Cima,8053,Imperia,IM,10.22,11.43,17.66,Agosto 2026,immobiliare.it,2026-10-01
Montefranco,55019,Terni,TR,4.08,6.28,7.44,Agosto 2026,immobiliare.it,2026-10-01
Pasturana,6127,Alessandria,AL,3.59,5.8,7.85,Agosto 2026,immobiliare.it,2026-10-01
Magrè sulla strada del vino,21045,Bolzano/Bozen,BZ,8.41,11.38,29.38,Agosto 2026,immobiliare.it,2026-10-01
Norbello,95033,Oristano,OR,8.35,12.35,13.24,Agosto 2026,immobiliare.it,2026-10-01
Piaggine,65095,Salerno,SA,4.77,9.5,12.18,Agosto 2026,immobiliare.it,2026-10-01
Albidona,78006,Cosenza,CS,3.48,9.76,26.89,Agosto 2026,immobiliare.it,2026-10-01
San Vito al Torre,30105,Udine,UD,5.84,8.95,18.84,Agosto 2026,immobiliare.it,2026-10-01
Cancellara,76018,Potenza,PZ,4.26,6.47,9.78,Agosto 2026,immobiliare.it,2026-10-01
Arnad,7004,Valle d'Aosta/Vallée d'Aoste,AO,5.94,5.94,35.85,Agosto 2026,immobiliare.it,2026-10-01
Cipressa,8021,Imperia,IM,10.22,15.55,17.66,Agosto 2026,immobiliare.it,2026-10-01
Calosso,5015,Asti,AT,4.03,4.84,7.65,Agosto 2026,immobiliare.it,2026-10-01
Palù,23056,Verona,VR,5.97,9.85,26.29,Agosto 2026,immobiliare.it,2026-10-01
Oviglio,6122,Alessandria,AL,3.59,4.8,7.85,Agosto 2026,immobiliare.it,2026-10-01
Nurallao,111046,Sud Sardegna,SU,6.94,9.1,14.11,Agosto 2026,immobiliare.it,2026-10-01
Cingia de' Botti,19031,Cremona,CR,5.86,6.47,12.04,Agosto 2026,immobiliare.it,2026-10-01
Piazza Brembana,16164,Bergamo,BG,4.71,9.12,16.63,Agosto 2026,immobiliare.it,2026-10-01
Brezzo di Bedero,12020,Varese,VA,7.3,10.45,14.05,Agosto 2026,immobiliare.it,2026-10-01
Gergei,111025,Sud Sardegna,SU,6.94,9.34,14.11,Agosto 2026,immobiliare.it,2026-10-01
Rivodutri,57060,Rieti,RI,4.01,6,9.87,Agosto 2026,immobiliare.it,2026-10-01
Boca,3019,Novara,NO,4.75,5.4,14.5,Agosto 2026,immobiliare.it,2026-10-01
Urzulei,91099,Nuoro,NU,9,33.22,33.22,Agosto 2026,immobiliare.it,2026-10-01
Vignone,103074,Verbano-Cusio-Ossola,VB,4.29,11.24,14.01,Agosto 2026,immobiliare.it,2026-10-01
Imer,22097,Trento,TN,7.09,9.79,30.24,Agosto 2026,immobiliare.it,2026-10-01
Bosio,6022,Alessandria,AL,3.59,5.32,7.85,Agosto 2026,immobiliare.it,2026-10-01
Barghe,17012,Brescia,BS,6.27,7.36,20.46,Agosto 2026,immobiliare.it,2026-10-01
Ceriana,8016,Imperia,IM,10.22,12,17.66,Agosto 2026,immobiliare.it,2026-10-01
Farini,33019,Piacenza,PC,5.16,6.74,11.62,Agosto 2026,immobiliare.it,2026-10-01
Germagnano,1113,Torino,TO,3.79,4.98,23.85,Agosto 2026,immobiliare.it,2026-10-01
Salvirola,19087,Cremona,CR,5.86,8.78,12.04,Agosto 2026,immobiliare.it,2026-10-01
Pincara,29036,Rovigo,RO,5.41,7.48,18.78,Agosto 2026,immobiliare.it,2026-10-01
Castello d'Agogna,18039,Pavia,PV,5.08,7.92,11.58,Agosto 2026,immobiliare.it,2026-10-01
Baldichieri d'Asti,5007,Asti,AT,4.03,5.08,7.65,Agosto 2026,immobiliare.it,2026-10-01
Fino del Monte,16099,Bergamo,BG,4.71,10.37,16.63,Agosto 2026,immobiliare.it,2026-10-01
Montefortino,109015,Fermo,FM,5.11,5.11,10.04,Agosto 2026,immobiliare.it,2026-10-01
Montemagno,5077,Asti,AT,4.03,4.3,7.65,Agosto 2026,immobiliare.it,2026-10-01
Ferrera Erbognone,18062,Pavia,PV,5.08,7.12,11.58,Agosto 2026,immobiliare.it,2026-10-01
Civo,14022,Sondrio,SO,6.77,7.94,27.69,Agosto 2026,immobiliare.it,2026-10-01
Triei,91097,Nuoro,NU,9,13.03,33.22,Agosto 2026,immobiliare.it,2026-10-01
Posta Fibreno,60057,Frosinone,FR,3.97,4.99,9.37,Agosto 2026,immobiliare.it,2026-10-01
Poggio Picenze,66073,L'Aquila,AQ,4.92,7.07,24.57,Agosto 2026,immobiliare.it,2026-10-01
Fontanetto Po,2058,Vercelli,VC,4.29,6.07,14.49,Agosto 2026,immobiliare.it,2026-10-01
Colli Verdi,18193,Pavia,PV,5.08,6.95,11.58,Agosto 2026,immobiliare.it,2026-10-01
Arquata del Tronto,44006,Ascoli Piceno,AP,4.94,5.28,11.08,Agosto 2026,immobiliare.it,2026-10-01
Morimondo,15150,Milano,MI,8.22,9.8,22.55,Agosto 2026,immobiliare.it,2026-10-01
Mezzana Bigli,18090,Pavia,PV,5.08,6.73,11.58,Agosto 2026,immobiliare.it,2026-10-01
Cosseria,9026,Savona,SV,5.11,5.12,26.1,Agosto 2026,immobiliare.it,2026-10-01
Torrita Tiberina,58106,Roma,RM,5.44,6.28,19.31,Agosto 2026,immobiliare.it,2026-10-01
La Valle Agordina,25027,Belluno,BL,7.87,10.62,30.63,Agosto 2026,immobiliare.it,2026-10-01
Cremolino,6063,Alessandria,AL,3.59,4.84,7.85,Agosto 2026,immobiliare.it,2026-10-01
Penna in Teverina,55026,Terni,TR,4.08,4.92,7.44,Agosto 2026,immobiliare.it,2026-10-01
Mombaruzzo,5065,Asti,AT,4.03,5.37,7.65,Agosto 2026,immobiliare.it,2026-10-01
Castelletto di Branduzzo,18038,Pavia,PV,5.08,6.94,11.58,Agosto 2026,immobiliare.it,2026-10-01
Roseto Valfortore,71044,Foggia,FG,5.09,6.79,10.55,Agosto 2026,immobiliare.it,2026-10-01
Visso,43057,Macerata,MC,4.55,6.58,11.95,Agosto 2026,immobiliare.it,2026-10-01
Badia Tedalda,51003,Arezzo,AR,4.91,6.5,11.39,Agosto 2026,immobiliare.it,2026-10-01
Gera Lario,13107,Como,CO,7.49,9.53,21.76,Agosto 2026,immobiliare.it,2026-10-01
Castelnuovo,22049,Trento,TN,7.09,10.17,30.24,Agosto 2026,immobiliare.it,2026-10-01
Penna San Giovanni,43035,Macerata,MC,4.55,5.48,11.95,Agosto 2026,immobiliare.it,2026-10-01
Molazzana,46020,Lucca,LU,4.29,6.6,27.33,Agosto 2026,immobiliare.it,2026-10-01
Sellano,54048,Perugia,PG,3.7,9.93,16.34,Agosto 2026,immobiliare.it,2026-10-01
Sillano Giuncugnano,46037,Lucca,LU,4.29,6.15,27.33,Agosto 2026,immobiliare.it,2026-10-01
Pizzoferrato,69066,Chieti,CH,4.58,8.31,9.09,Agosto 2026,immobiliare.it,2026-10-01
Valfornace,43058,Macerata,MC,4.55,6.54,11.95,Agosto 2026,immobiliare.it,2026-10-01
Zeri,45017,Massa-Carrara,MS,6.18,8.59,16.41,Agosto 2026,immobiliare.it,2026-10-01
Pellegrino Parmense,34028,Parma,PR,5.39,8.37,12.5,Agosto 2026,immobiliare.it,2026-10-01
Campolattaro,62013,Benevento,BN,3.29,4.7,10.84,Agosto 2026,immobiliare.it,2026-10-01
Montegridolfo,99009,Rimini,RN,7.12,10.13,20.54,Agosto 2026,immobiliare.it,2026-10-01
Mombello Monferrato,6097,Alessandria,AL,3.59,4.43,7.85,Agosto 2026,immobiliare.it,2026-10-01
Spinone al Lago,16205,Bergamo,BG,4.71,6.81,16.63,Agosto 2026,immobiliare.it,2026-10-01
Santa Cristina Gela,82066,Palermo,PA,3.78,5.31,10.48,Agosto 2026,immobiliare.it,2026-10-01
Ronzo-Chienis,22135,Trento,TN,7.09,11.1,30.24,Agosto 2026,immobiliare.it,2026-10-01
Cuceglio,1096,Torino,TO,3.79,4.55,23.85,Agosto 2026,immobiliare.it,2026-10-01
Tenna,22190,Trento,TN,7.09,10.11,30.24,Agosto 2026,immobiliare.it,2026-10-01
Canistro,66017,L'Aquila,AQ,4.92,6.92,24.57,Agosto 2026,immobiliare.it,2026-10-01
Magliolo,9035,Savona,SV,5.11,11.78,26.1,Agosto 2026,immobiliare.it,2026-10-01
Resia,30092,Udine,UD,5.84,7.83,18.84,Agosto 2026,immobiliare.it,2026-10-01
Roccalbegna,53020,Grosseto,GR,6.41,7.35,32.03,Agosto 2026,immobiliare.it,2026-10-01
Morfasso,33028,Piacenza,PC,5.16,5.6,11.62,Agosto 2026,immobiliare.it,2026-10-01
Rezzoaglio,10048,Genova,GE,5.07,6.54,32.58,Agosto 2026,immobiliare.it,2026-10-01
Torralba,90073,Sassari,SS,7.04,9.42,13.92,Agosto 2026,immobiliare.it,2026-10-01
Sadali,111058,Sud Sardegna,SU,6.94,12.86,14.11,Agosto 2026,immobiliare.it,2026-10-01
Mirto,83051,Messina,ME,4.01,5.82,19.98,Agosto 2026,immobiliare.it,2026-10-01
Collepardo,60028,Frosinone,FR,3.97,5.36,9.37,Agosto 2026,immobiliare.it,2026-10-01
Chambave,7015,Valle d'Aosta/Vallée d'Aoste,AO,5.94,8.99,35.85,Agosto 2026,immobiliare.it,2026-10-01
Castellinaldo d'Alba,4051,Cuneo,CN,3.7,6.87,23.11,Agosto 2026,immobiliare.it,2026-10-01
San Pietro Infine,61079,Caserta,CE,3.13,4.86,8.97,Agosto 2026,immobiliare.it,2026-10-01
Serrapetrona,43051,Macerata,MC,4.55,6.47,11.95,Agosto 2026,immobiliare.it,2026-10-01
Cossignano,44016,Ascoli Piceno,AP,4.94,6.69,11.08,Agosto 2026,immobiliare.it,2026-10-01
Monastero Bormida,5068,Asti,AT,4.03,4.88,7.65,Agosto 2026,immobiliare.it,2026-10-01
Pulfero,30086,Udine,UD,5.84,8.23,18.84,Agosto 2026,immobiliare.it,2026-10-01
Casaleggio Novara,3039,Novara,NO,4.75,8.93,14.5,Agosto 2026,immobiliare.it,2026-10-01
Calcata,56010,Viterbo,VT,4.07,5.22,19.99,Agosto 2026,immobiliare.it,2026-10-01
Onore,16149,Bergamo,BG,4.71,9.16,16.63,Agosto 2026,immobiliare.it,2026-10-01
Prato Carnico,30081,Udine,UD,5.84,6.9,18.84,Agosto 2026,immobiliare.it,2026-10-01
Lubriano,56033,Viterbo,VT,4.07,5.12,19.99,Agosto 2026,immobiliare.it,2026-10-01
Chiomonte,1080,Torino,TO,3.79,9.88,23.85,Agosto 2026,immobiliare.it,2026-10-01
Perito,65092,Salerno,SA,4.77,8.89,12.18,Agosto 2026,immobiliare.it,2026-10-01
Bioglio,96005,Biella,BI,3.86,4.25,7.65,Agosto 2026,immobiliare.it,2026-10-01
Roppolo,96054,Biella,BI,3.86,6.96,7.65,Agosto 2026,immobiliare.it,2026-10-01
Martirano,79073,Catanzaro,CZ,4.31,7.68,25.11,Agosto 2026,immobiliare.it,2026-10-01
Monrupino,32002,Trieste,TS,11.54,11.85,15.2,Agosto 2026,immobiliare.it,2026-10-01
Arlena di Castro,56002,Viterbo,VT,4.07,5.26,19.99,Agosto 2026,immobiliare.it,2026-10-01
Alfedena,66003,L'Aquila,AQ,4.92,15.75,24.57,Agosto 2026,immobiliare.it,2026-10-01
Piscinas,111056,Sud Sardegna,SU,6.54,8.29,10.95,Agosto 2026,immobiliare.it,2026-10-01
Perinaldo,8040,Imperia,IM,10.22,13.29,17.66,Agosto 2026,immobiliare.it,2026-10-01
Montaldo Roero,4135,Cuneo,CN,3.7,7.69,23.11,Agosto 2026,immobiliare.it,2026-10-01
Bubbio,5011,Asti,AT,4.03,4.89,7.65,Agosto 2026,immobiliare.it,2026-10-01
Ripe San Ginesio,43045,Macerata,MC,4.55,7.53,11.95,Agosto 2026,immobiliare.it,2026-10-01
Pontinvrea,9051,Savona,SV,5.11,11.71,26.1,Agosto 2026,immobiliare.it,2026-10-01
San Martino Canavese,1247,Torino,TO,3.79,5.68,23.85,Agosto 2026,immobiliare.it,2026-10-01
Clavesana,4071,Cuneo,CN,3.7,4.73,23.11,Agosto 2026,immobiliare.it,2026-10-01
Bairo,1015,Torino,TO,3.79,6.03,23.85,Agosto 2026,immobiliare.it,2026-10-01
Spadola,102041,Vibo Valentia,VV,4.31,16.3,19.78,Agosto 2026,immobiliare.it,2026-10-01
Mezzenile,1152,Torino,TO,3.79,5.34,23.85,Agosto 2026,immobiliare.it,2026-10-01
Roure,1227,Torino,TO,3.79,5.46,23.85,Agosto 2026,immobiliare.it,2026-10-01
Ponte Nizza,18117,Pavia,PV,5.08,6.75,11.58,Agosto 2026,immobiliare.it,2026-10-01
Rocca Sinibalda,57062,Rieti,RI,4.01,6.69,9.87,Agosto 2026,immobiliare.it,2026-10-01
Bomba,69006,Chieti,CH,4.58,7.81,9.09,Agosto 2026,immobiliare.it,2026-10-01
Roccavignale,9054,Savona,SV,5.11,5.12,26.1,Agosto 2026,immobiliare.it,2026-10-01
Erbezzo,23033,Verona,VR,5.97,10.81,26.29,Agosto 2026,immobiliare.it,2026-10-01
Bardineto,9009,Savona,SV,5.11,12.6,26.1,Agosto 2026,immobiliare.it,2026-10-01
Moscazzano,19060,Cremona,CR,5.86,8.36,12.04,Agosto 2026,immobiliare.it,2026-10-01
Roccasparvera,4191,Cuneo,CN,3.7,6.15,23.11,Agosto 2026,immobiliare.it,2026-10-01
Salza Irpina,64081,Avellino,AV,3.12,3.16,7.83,Agosto 2026,immobiliare.it,2026-10-01
Brez,22027,,TN,7.09,7.34,30.24,Agosto 2026,immobiliare.it,2026-10-01
Cartosio,6036,Alessandria,AL,3.59,4.85,7.85,Agosto 2026,immobiliare.it,2026-10-01
Monte San Martino,43032,Macerata,MC,4.55,6.65,11.95,Agosto 2026,immobiliare.it,2026-10-01
Settefrati,60072,Frosinone,FR,3.97,4.24,9.37,Agosto 2026,immobiliare.it,2026-10-01
Foza,24041,Vicenza,VI,4.38,16.63,28.76,Agosto 2026,immobiliare.it,2026-10-01
Rocchetta di Vara,11025,La Spezia,SP,6.54,8.82,28.49,Agosto 2026,immobiliare.it,2026-10-01
Torcegno,22202,Trento,TN,7.09,10.17,30.24,Agosto 2026,immobiliare.it,2026-10-01
Pertosa,65093,Salerno,SA,4.77,7.42,12.18,Agosto 2026,immobiliare.it,2026-10-01
Croviana,22068,Trento,TN,7.09,19.74,30.24,Agosto 2026,immobiliare.it,2026-10-01
Romagnese,18128,Pavia,PV,5.08,6.95,11.58,Agosto 2026,immobiliare.it,2026-10-01
Algua,16248,Bergamo,BG,4.71,11.71,16.63,Agosto 2026,immobiliare.it,2026-10-01
Vione,17202,Brescia,BS,6.27,11.69,20.46,Agosto 2026,immobiliare.it,2026-10-01
San Martino Alfieri,5099,Asti,AT,4.03,4.81,7.65,Agosto 2026,immobiliare.it,2026-10-01
Bossolasco,4027,Cuneo,CN,3.7,4.28,23.11,Agosto 2026,immobiliare.it,2026-10-01
Belmonte in Sabina,57005,Rieti,RI,4.01,5.57,9.87,Agosto 2026,immobiliare.it,2026-10-01
San Tomaso Agordino,25049,Belluno,BL,7.87,10.89,30.63,Agosto 2026,immobiliare.it,2026-10-01
Castel Boglione,5024,Asti,AT,4.03,4.91,7.65,Agosto 2026,immobiliare.it,2026-10-01
Grazzano Badoglio,5057,Asti,AT,4.03,4.03,7.65,Agosto 2026,immobiliare.it,2026-10-01
Piovà Massaia,5086,Asti,AT,4.03,4.91,7.65,Agosto 2026,immobiliare.it,2026-10-01
Torre Canavese,1274,Torino,TO,3.79,5.77,23.85,Agosto 2026,immobiliare.it,2026-10-01
Valgoglio,16225,Bergamo,BG,4.71,8.93,16.63,Agosto 2026,immobiliare.it,2026-10-01
Castelfondo,22046,,TN,7.09,8.39,30.24,Agosto 2026,immobiliare.it,2026-10-01
Muzzano,96038,Biella,BI,3.86,5.56,7.65,Agosto 2026,immobiliare.it,2026-10-01
Lenna,16125,Bergamo,BG,4.71,5.95,16.63,Agosto 2026,immobiliare.it,2026-10-01
Bordolano,19007,Cremona,CR,5.86,6.7,12.04,Agosto 2026,immobiliare.it,2026-10-01
Sala Biellese,96057,Biella,BI,3.86,5.57,7.65,Agosto 2026,immobiliare.it,2026-10-01
Taipana,30113,Udine,UD,5.84,7.68,18.84,Agosto 2026,immobiliare.it,2026-10-01
Monteleone di Spoleto,54031,Perugia,PG,3.7,7.34,16.34,Agosto 2026,immobiliare.it,2026-10-01
Forni di Sotto,30042,Udine,UD,5.84,6.63,18.84,Agosto 2026,immobiliare.it,2026-10-01
Cantoira,1054,Torino,TO,3.79,5.67,23.85,Agosto 2026,immobiliare.it,2026-10-01
Escolca,111019,Sud Sardegna,SU,6.94,9.37,14.11,Agosto 2026,immobiliare.it,2026-10-01
Montaldo di Mondovì,4134,Cuneo,CN,3.7,5.83,23.11,Agosto 2026,immobiliare.it,2026-10-01
Cortiglione,5048,Asti,AT,4.03,4.76,7.65,Agosto 2026,immobiliare.it,2026-10-01
Settime,5106,Asti,AT,4.03,4.93,7.65,Agosto 2026,immobiliare.it,2026-10-01
Carpineto Sinello,69011,Chieti,CH,4.58,7.64,9.09,Agosto 2026,immobiliare.it,2026-10-01
Valvarrone,97093,Lecco,LC,6.48,9.62,18.23,Agosto 2026,immobiliare.it,2026-10-01
Ranzo,8048,Imperia,IM,10.22,10.66,17.66,Agosto 2026,immobiliare.it,2026-10-01
Taleggio,16210,Bergamo,BG,4.71,5.95,16.63,Agosto 2026,immobiliare.it,2026-10-01
Serramonacesca,68040,Pescara,PE,4.84,8.04,10.84,Agosto 2026,immobiliare.it,2026-10-01
Montechiaro d'Acqui,6106,Alessandria,AL,3.59,6.22,7.85,Agosto 2026,immobiliare.it,2026-10-01
Montecalvo Versiggia,18096,Pavia,PV,5.08,6.95,11.58,Agosto 2026,immobiliare.it,2026-10-01
Ussassai,91100,Nuoro,NU,9,12.85,33.22,Agosto 2026,immobiliare.it,2026-10-01
Treviso Bresciano,17191,Brescia,BS,6.27,8.71,20.46,Agosto 2026,immobiliare.it,2026-10-01
Francavilla Bisio,6070,Alessandria,AL,3.59,5.35,7.85,Agosto 2026,immobiliare.it,2026-10-01
Piatto,96043,Biella,BI,3.86,6.3,7.65,Agosto 2026,immobiliare.it,2026-10-01
Campiglia Cervo,96086,Biella,BI,3.86,5.46,7.65,Agosto 2026,immobiliare.it,2026-10-01
Grondona,6085,Alessandria,AL,3.59,5.65,7.85,Agosto 2026,immobiliare.it,2026-10-01
Ottone,33030,Piacenza,PC,5.16,6.92,11.62,Agosto 2026,immobiliare.it,2026-10-01
Veglio,96075,Biella,BI,3.86,6.42,7.65,Agosto 2026,immobiliare.it,2026-10-01
Fierozzo,22085,Trento,TN,7.09,9.92,30.24,Agosto 2026,immobiliare.it,2026-10-01
Ala di Stura,1003,Torino,TO,3.79,5.34,23.85,Agosto 2026,immobiliare.it,2026-10-01
Castel del Monte,66026,L'Aquila,AQ,4.92,7.91,24.57,Agosto 2026,immobiliare.it,2026-10-01
Castelletto Merli,6050,Alessandria,AL,3.59,4.43,7.85,Agosto 2026,immobiliare.it,2026-10-01
Dazio,14025,Sondrio,SO,6.77,8.28,27.69,Agosto 2026,immobiliare.it,2026-10-01
Ronchi Valsugana,22157,Trento,TN,7.09,10.17,30.24,Agosto 2026,immobiliare.it,2026-10-01
Danta di Cadore,25017,Belluno,BL,7.87,11.47,30.63,Agosto 2026,immobiliare.it,2026-10-01
Turri,111092,Sud Sardegna,SU,7.04,9.01,9.83,Agosto 2026,immobiliare.it,2026-10-01
Garniga Terme,22091,Trento,TN,7.09,9.85,30.24,Agosto 2026,immobiliare.it,2026-10-01
San Damiano Macra,4207,Cuneo,CN,3.7,5.62,23.11,Agosto 2026,immobiliare.it,2026-10-01
Cereseto,6057,Alessandria,AL,3.59,4.03,7.85,Agosto 2026,immobiliare.it,2026-10-01
Zimone,96081,Biella,BI,3.86,5.78,7.65,Agosto 2026,immobiliare.it,2026-10-01
Roccaverano,5094,Asti,AT,4.03,4.89,7.65,Agosto 2026,immobiliare.it,2026-10-01
San Nicolò di Comelico,25046,Belluno,BL,7.87,11.48,30.63,Agosto 2026,immobiliare.it,2026-10-01
Orvinio,57047,Rieti,RI,4.01,5.66,9.87,Agosto 2026,immobiliare.it,2026-10-01
Casaleggio Boiro,6038,Alessandria,AL,3.59,5.21,7.85,Agosto 2026,immobiliare.it,2026-10-01
Miazzina,103045,Verbano-Cusio-Ossola,VB,4.29,8,14.01,Agosto 2026,immobiliare.it,2026-10-01
Vanzone con San Carlo,103070,Verbano-Cusio-Ossola,VB,4.29,6.48,14.01,Agosto 2026,immobiliare.it,2026-10-01
Soverzene,25057,Belluno,BL,7.87,11.21,30.63,Agosto 2026,immobiliare.it,2026-10-01
Cravanzana,4076,Cuneo,CN,3.7,6.27,23.11,Agosto 2026,immobiliare.it,2026-10-01
Vendone,9066,Savona,SV,5.11,10.72,26.1,Agosto 2026,immobiliare.it,2026-10-01
Ruffia,4198,Cuneo,CN,3.7,5.86,23.11,Agosto 2026,immobiliare.it,2026-10-01
Niella Belbo,4150,Cuneo,CN,3.7,4.81,23.11,Agosto 2026,immobiliare.it,2026-10-01
Labro,57032,Rieti,RI,4.01,5.98,9.87,Agosto 2026,immobiliare.it,2026-10-01
Cimolais,93014,Pordenone,PN,5.19,8.02,11.04,Agosto 2026,immobiliare.it,2026-10-01
San Giacomo Filippo,14058,Sondrio,SO,6.77,8.83,27.69,Agosto 2026,immobiliare.it,2026-10-01
Monastero di Lanzo,1155,Torino,TO,3.79,5.66,23.85,Agosto 2026,immobiliare.it,2026-10-01
Rocchetta Palafea,5095,Asti,AT,4.03,4.9,7.65,Agosto 2026,immobiliare.it,2026-10-01
Ponzano Monferrato,6135,Alessandria,AL,3.59,4.2,7.85,Agosto 2026,immobiliare.it,2026-10-01
Castel del Giudice,94009,Isernia,IS,5.39,6.58,7.81,Agosto 2026,immobiliare.it,2026-10-01
Cis,22060,Trento,TN,7.09,7.99,30.24,Agosto 2026,immobiliare.it,2026-10-01
Ceppo Morelli,103021,Verbano-Cusio-Ossola,VB,4.29,6.14,14.01,Agosto 2026,immobiliare.it,2026-10-01
Vaglio Serra,5111,Asti,AT,4.03,4.99,7.65,Agosto 2026,immobiliare.it,2026-10-01
Villette,103076,Verbano-Cusio-Ossola,VB,4.29,5.39,14.01,Agosto 2026,immobiliare.it,2026-10-01
Strambinello,1268,Torino,TO,3.79,5.66,23.85,Agosto 2026,immobiliare.it,2026-10-01
Vessalico,8066,Imperia,IM,10.22,10.74,17.66,Agosto 2026,immobiliare.it,2026-10-01
Perletto,4161,Cuneo,CN,3.7,7.08,23.11,Agosto 2026,immobiliare.it,2026-10-01
Proves,21069,Bolzano/Bozen,BZ,8.41,8.43,29.38,Agosto 2026,immobiliare.it,2026-10-01
Viale,5114,Asti,AT,4.03,4.91,7.65,Agosto 2026,immobiliare.it,2026-10-01
Grognardo,6084,Alessandria,AL,3.59,4.85,7.85,Agosto 2026,immobiliare.it,2026-10-01
Cavizzana,22054,Trento,TN,7.09,7.36,30.24,Agosto 2026,immobiliare.it,2026-10-01
Erli,9028,Savona,SV,5.11,10.96,26.1,Agosto 2026,immobiliare.it,2026-10-01
Montemezzo,13155,Como,CO,7.49,9.23,21.76,Agosto 2026,immobiliare.it,2026-10-01
Cocullo,66037,L'Aquila,AQ,4.92,8.94,24.57,Agosto 2026,immobiliare.it,2026-10-01
Solonghello,6164,Alessandria,AL,3.59,4.38,7.85,Agosto 2026,immobiliare.it,2026-10-01
Caporciano,66022,L'Aquila,AQ,4.92,9.58,24.57,Agosto 2026,immobiliare.it,2026-10-01
Sagama,95086,Oristano,OR,8.35,9.41,13.24,Agosto 2026,immobiliare.it,2026-10-01
Fobello,2057,Vercelli,VC,4.29,5.82,14.49,Agosto 2026,immobiliare.it,2026-10-01
Germagno,103032,Verbano-Cusio-Ossola,VB,4.29,7.36,14.01,Agosto 2026,immobiliare.it,2026-10-01
Testico,9060,Savona,SV,5.11,13.91,26.1,Agosto 2026,immobiliare.it,2026-10-01
Merana,6093,Alessandria,AL,3.59,4.89,7.85,Agosto 2026,immobiliare.it,2026-10-01
Palmiano,44056,Ascoli Piceno,AP,4.94,6.67,11.08,Agosto 2026,immobiliare.it,2026-10-01
Averara,16014,Bergamo,BG,4.71,7.54,16.63,Agosto 2026,immobiliare.it,2026-10-01
Mendatica,8034,Imperia,IM,10.22,11.05,17.66,Agosto 2026,immobiliare.it,2026-10-01
Rocca Cigliè,4188,Cuneo,CN,3.7,5.09,23.11,Agosto 2026,immobiliare.it,2026-10-01
Magasa,17098,Brescia,BS,6.27,10.19,20.46,Agosto 2026,immobiliare.it,2026-10-01
Roascio,4184,Cuneo,CN,3.7,4.88,23.11,Agosto 2026,immobiliare.it,2026-10-01
Gorreto,10026,Genova,GE,5.07,6.15,32.58,Agosto 2026,immobiliare.it,2026-10-01
Livo,13130,Como,CO,5.45,8.71,21.4,Settembre 2026,wikicasa.it,2026-10-01
Vittoria,88012,Ragusa,RG,4.61,4.61,9.69,Agosto 2026,immobiliare.it,2026-10-01
Settimo Torinese,1265,Torino,TO,3.79,8.61,23.85,Agosto 2026,immobiliare.it,2026-10-01
Nocera Inferiore,65078,Salerno,SA,4.77,8.05,12.18,Agosto 2026,immobiliare.it,2026-10-01
Barcellona Pozzo di Gotto,83005,Messina,ME,4.01,5.01,19.98,Agosto 2026,immobiliare.it,2026-10-01
Eboli,65050,Salerno,SA,4.77,5.95,12.18,Agosto 2026,immobiliare.it,2026-10-01
Pomigliano d'Arco,63057,Napoli,NA,8.39,8.39,8.39,Agosto 2026,immobiliare.it,2026-10-01
Carini,82021,Palermo,PA,7.65,7.65,7.65,Agosto 2026,immobiliare.it,2026-10-01
Melito di Napoli,63045,Napoli,NA,4.24,7.49,37.68,Agosto 2026,immobiliare.it,2026-10-01
Cisterna di Latina,59005,Latina,LT,3.77,9.21,25.31,Agosto 2026,immobiliare.it,2026-10-01
Chieri,1078,Torino,TO,6.58,8.76,9.42,Agosto 2026,immobiliare.it,2026-10-01
Francavilla Fontana,74008,Brindisi,BR,4.65,6.45,12.43,Agosto 2026,immobiliare.it,2026-10-01
Pinerolo,1191,Torino,TO,6.62,8.08,9.31,Agosto 2026,immobiliare.it,2026-10-01
Canicattì,84011,Agrigento,AG,4.94,5.43,6.67,Agosto 2026,immobiliare.it,2026-10-01
Pagani,65088,Salerno,SA,4.77,6.7,12.18,Agosto 2026,immobiliare.it,2026-10-01
Adrano,87006,Catania,CT,3.99,6.53,10.7,Agosto 2026,immobiliare.it,2026-10-01
Angri,65007,Salerno,SA,4.77,5.68,12.18,Agosto 2026,immobiliare.it,2026-10-01
Sant'Antimo,63073,Napoli,NA,4.24,5.31,37.68,Agosto 2026,immobiliare.it,2026-10-01
Favara,84017,Agrigento,AG,4.94,6.59,6.67,Agosto 2026,immobiliare.it,2026-10-01
Grottaglie,73008,Taranto,TA,4.01,5.97,21.17,Agosto 2026,immobiliare.it,2026-10-01
Sarno,65135,Salerno,SA,4.77,5.8,12.18,Agosto 2026,immobiliare.it,2026-10-01
Comiso,88003,Ragusa,RG,4.61,5.64,9.69,Agosto 2026,immobiliare.it,2026-10-01
Mondragone,61052,Caserta,CE,3.13,5.31,8.97,Agosto 2026,immobiliare.it,2026-10-01
Carmagnola,1059,Torino,TO,7.6,7.6,7.6,Agosto 2026,immobiliare.it,2026-10-01
Alatri,60003,Frosinone,FR,3.97,5.02,9.37,Agosto 2026,immobiliare.it,2026-10-01
Belpasso,87007,Catania,CT,3.99,7.58,10.7,Agosto 2026,immobiliare.it,2026-10-01
Orta di Atella,61053,Caserta,CE,3.13,6.6,8.97,Agosto 2026,immobiliare.it,2026-10-01
Triggiano,72046,Bari,BA,4.5,7.93,14.29,Agosto 2026,immobiliare.it,2026-10-01
Terlizzi,72043,Bari,BA,4.5,8.13,14.29,Agosto 2026,immobiliare.it,2026-10-01
Quarrata,47017,Pistoia,PT,7.67,9.11,10.34,Agosto 2026,immobiliare.it,2026-10-01
Putignano,72036,Bari,BA,4.5,7.31,14.29,Agosto 2026,immobiliare.it,2026-10-01
Santeramo in Colle,72041,Bari,BA,4.5,5.88,14.29,Agosto 2026,immobiliare.it,2026-10-01
Sora,60074,Frosinone,FR,3.97,6.59,9.37,Agosto 2026,immobiliare.it,2026-10-01
Gravina di Catania,87019,Catania,CT,3.99,7.18,10.7,Agosto 2026,immobiliare.it,2026-10-01
Sezze,59028,Latina,LT,3.77,6.28,25.31,Agosto 2026,immobiliare.it,2026-10-01
Nova Milanese,108035,Monza e Brianza,MB,8.42,10.71,14.2,Agosto 2026,immobiliare.it,2026-10-01
Meda,108030,Monza e Brianza,MB,8.42,11.21,14.2,Agosto 2026,immobiliare.it,2026-10-01
Floridia,89009,Siracusa,SR,4.38,4.81,11.64,Agosto 2026,immobiliare.it,2026-10-01
Palma di Montechiaro,84027,Agrigento,AG,4.94,5.84,6.67,Agosto 2026,immobiliare.it,2026-10-01
Massarosa,46018,Lucca,LU,9.65,9.65,11.34,Agosto 2026,immobiliare.it,2026-10-01
Paese,26055,Treviso,TV,6.28,8.94,18.46,Agosto 2026,immobiliare.it,2026-10-01
Suzzara,20065,Mantova,MN,5.71,8.11,14.82,Agosto 2026,immobiliare.it,2026-10-01
Palo del Colle,72033,Bari,BA,4.5,5.63,14.29,Agosto 2026,immobiliare.it,2026-10-01
Montalto Uffugo,78081,Cosenza,CS,3.48,5.32,26.89,Agosto 2026,immobiliare.it,2026-10-01
Veroli,60085,Frosinone,FR,3.97,5.37,9.37,Agosto 2026,immobiliare.it,2026-10-01
Tremestieri Etneo,87051,Catania,CT,3.99,8.01,10.7,Agosto 2026,immobiliare.it,2026-10-01
Acri,78003,Cosenza,CS,3.48,6.65,26.89,Agosto 2026,immobiliare.it,2026-10-01
Cormano,15086,Milano,MI,8.22,13.67,22.55,Agosto 2026,immobiliare.it,2026-10-01
Montoro,64121,Avellino,AV,3.12,5.11,7.83,Agosto 2026,immobiliare.it,2026-10-01
Rovato,17166,Brescia,BS,6.27,11.5,20.46,Agosto 2026,immobiliare.it,2026-10-01
San Vito dei Normanni,74017,Brindisi,BR,4.65,8.81,12.43,Agosto 2026,immobiliare.it,2026-10-01
Bronte,87009,Catania,CT,3.99,4.38,10.7,Agosto 2026,immobiliare.it,2026-10-01
Marsciano,54027,Perugia,PG,3.7,7.43,16.34,Agosto 2026,immobiliare.it,2026-10-01
Budrio,37008,Bologna,BO,4.82,9.57,16.59,Agosto 2026,immobiliare.it,2026-10-01
Piossasco,1194,Torino,TO,3.79,8.12,23.85,Agosto 2026,immobiliare.it,2026-10-01
Aci Sant'Antonio,87005,Catania,CT,3.99,6.34,10.7,Agosto 2026,immobiliare.it,2026-10-01
Sinnai,92080,Cagliari,CA,6.94,8.32,14.11,Agosto 2026,immobiliare.it,2026-10-01
Orta Nova,71036,Foggia,FG,5.09,7.3,10.55,Agosto 2026,immobiliare.it,2026-10-01
Bareggio,15012,Milano,MI,8.22,11.21,22.55,Agosto 2026,immobiliare.it,2026-10-01
Campagna,65022,Salerno,SA,4.77,5.76,12.18,Agosto 2026,immobiliare.it,2026-10-01
Nerviano,15154,Milano,MI,8.22,10.84,22.55,Agosto 2026,immobiliare.it,2026-10-01
Torremaggiore,71056,Foggia,FG,5.09,7.19,10.55,Agosto 2026,immobiliare.it,2026-10-01
Scordia,87049,Catania,CT,3.99,3.99,10.7,Agosto 2026,immobiliare.it,2026-10-01
Palma Campania,63052,Napoli,NA,4.24,5.18,37.68,Agosto 2026,immobiliare.it,2026-10-01
Malnate,12096,Varese,VA,7.3,10.23,14.05,Agosto 2026,immobiliare.it,2026-10-01
Leinì,1130,Torino,TO,8.06,8.06,8.06,Agosto 2026,immobiliare.it,2026-10-01
Ispica,88005,Ragusa,RG,4.61,8.07,9.69,Agosto 2026,immobiliare.it,2026-10-01
Civita Castellana,56021,Viterbo,VT,4.07,7.06,19.99,Agosto 2026,immobiliare.it,2026-10-01
Samarate,12118,Varese,VA,7.3,10.82,14.05,Agosto 2026,immobiliare.it,2026-10-01
Azzano Decimo,93005,Pordenone,PN,5.19,9.87,11.04,Agosto 2026,immobiliare.it,2026-10-01
Concesio,17061,Brescia,BS,6.27,9.46,20.46,Agosto 2026,immobiliare.it,2026-10-01
Molinella,37039,Bologna,BO,7.58,8.65,9.13,Agosto 2026,immobiliare.it,2026-10-01
Castellarano,35014,Reggio nell'Emilia,RE,4.8,7.7,14.81,Agosto 2026,immobiliare.it,2026-10-01
Vinovo,1309,Torino,TO,8.71,9.22,10.01,Agosto 2026,immobiliare.it,2026-10-01
Laterza,73009,Taranto,TA,4.01,7.66,21.17,Agosto 2026,immobiliare.it,2026-10-01
San Giorgio Ionico,73024,Taranto,TA,4.01,6.3,21.17,Agosto 2026,immobiliare.it,2026-10-01
Gualdo Tadino,54023,Perugia,PG,3.7,3.7,16.34,Agosto 2026,immobiliare.it,2026-10-01
Pontinia,59017,Latina,LT,3.77,5.98,25.31,Agosto 2026,immobiliare.it,2026-10-01
Curtatone,20021,Mantova,MN,5.71,9.13,14.82,Agosto 2026,immobiliare.it,2026-10-01
Chiaravalle,42014,Ancona,AN,4.67,7.19,10.07,Agosto 2026,immobiliare.it,2026-10-01
Cirò Marina,101008,Crotone,KR,6.57,14.94,29.42,Agosto 2026,immobiliare.it,2026-10-01
Santa Croce sull'Arno,50033,Pisa,PI,6.16,11.67,13.44,Agosto 2026,immobiliare.it,2026-10-01
Cossato,96020,Biella,BI,3.86,6.89,7.65,Agosto 2026,immobiliare.it,2026-10-01
Bondeno,38003,Ferrara,FE,5.07,8.51,16.15,Agosto 2026,immobiliare.it,2026-10-01
Leverano,75037,Lecce,LE,4.23,5.18,20.76,Agosto 2026,immobiliare.it,2026-10-01
Santa Maria a Vico,61082,Caserta,CE,3.13,7.86,8.97,Agosto 2026,immobiliare.it,2026-10-01
Vetralla,56057,Viterbo,VT,4.07,5.68,19.99,Agosto 2026,immobiliare.it,2026-10-01
Monteroni di Lecce,75048,Lecce,LE,4.23,6.88,20.76,Agosto 2026,immobiliare.it,2026-10-01
Cassina de' Pecchi,15060,Milano,MI,8.22,13.25,22.55,Agosto 2026,immobiliare.it,2026-10-01
Fara in Sabina,57027,Rieti,RI,4.01,9.87,9.87,Agosto 2026,immobiliare.it,2026-10-01
Calolziocorte,97013,Lecco,LC,6.48,9.57,18.23,Agosto 2026,immobiliare.it,2026-10-01
Dueville,24038,Vicenza,VI,4.38,7.29,28.76,Agosto 2026,immobiliare.it,2026-10-01
San Ferdinando di Puglia,110007,Barletta-Andria-Trani,BT,7.37,7.61,10.1,Agosto 2026,immobiliare.it,2026-10-01
Castelfranco di Sotto,50009,Pisa,PI,6.16,10.54,13.44,Agosto 2026,immobiliare.it,2026-10-01
Nicosia,86012,Enna,EN,4.01,4.01,5.94,Agosto 2026,immobiliare.it,2026-10-01
Palombara Sabina,58075,Roma,RM,5.44,6.82,19.31,Agosto 2026,immobiliare.it,2026-10-01
Santa Maria a Monte,50035,Pisa,PI,6.16,8.49,13.44,Agosto 2026,immobiliare.it,2026-10-01
Grammichele,87018,Catania,CT,3.99,4.03,10.7,Agosto 2026,immobiliare.it,2026-10-01
Apricena,71004,Foggia,FG,5.09,7.19,10.55,Agosto 2026,immobiliare.it,2026-10-01
Vigodarzere,28099,Padova,PD,5.18,8.81,14.27,Agosto 2026,immobiliare.it,2026-10-01
Turi,72047,Bari,BA,4.5,6.91,14.29,Agosto 2026,immobiliare.it,2026-10-01
Pontecorvo,60056,Frosinone,FR,3.97,6.1,9.37,Agosto 2026,immobiliare.it,2026-10-01
Cairo Montenotte,9015,Savona,SV,5.11,10.01,26.1,Agosto 2026,immobiliare.it,2026-10-01
Leonforte,86011,Enna,EN,4.01,4.43,5.94,Agosto 2026,immobiliare.it,2026-10-01
Barrafranca,86004,Enna,EN,4.01,4.94,5.94,Agosto 2026,immobiliare.it,2026-10-01
Sorbolo Mezzani,34051,Parma,PR,5.39,10.16,12.5,Agosto 2026,immobiliare.it,2026-10-01
Castel Goffredo,20015,Mantova,MN,5.71,7.01,14.82,Agosto 2026,immobiliare.it,2026-10-01
Monteprandone,44045,Ascoli Piceno,AP,4.94,7.15,11.08,Agosto 2026,immobiliare.it,2026-10-01
Bagnolo Mella,17009,Brescia,BS,6.27,10.13,20.46,Agosto 2026,immobiliare.it,2026-10-01
Lauria,76042,Potenza,PZ,4.26,8.8,9.78,Agosto 2026,immobiliare.it,2026-10-01
Sala Consilina,65114,Salerno,SA,4.77,8.42,12.18,Agosto 2026,immobiliare.it,2026-10-01
Orzinuovi,17125,Brescia,BS,6.27,9.94,20.46,Agosto 2026,immobiliare.it,2026-10-01
Locri,80043,Reggio di Calabria,RC,3.89,6.79,17.64,Agosto 2026,immobiliare.it,2026-10-01
Menfi,84023,Agrigento,AG,4.94,6.12,6.67,Agosto 2026,immobiliare.it,2026-10-01
Colli al Metauro,41069,Pesaro e Urbino,PU,4.63,7.71,11.1,Agosto 2026,immobiliare.it,2026-10-01
Rottofreno,33039,Piacenza,PC,5.16,9.62,11.62,Agosto 2026,immobiliare.it,2026-10-01
Sedriano,15204,Milano,MI,8.22,10.4,22.55,Agosto 2026,immobiliare.it,2026-10-01
Teano,61091,Caserta,CE,3.13,7.35,8.97,Agosto 2026,immobiliare.it,2026-10-01
Monte Compatri,58060,Roma,RM,5.44,10.2,19.31,Agosto 2026,immobiliare.it,2026-10-01
Bibbiena,51004,Arezzo,AR,4.91,4.91,11.39,Agosto 2026,immobiliare.it,2026-10-01
Carmiano,75014,Lecce,LE,4.23,5.18,20.76,Agosto 2026,immobiliare.it,2026-10-01
Cornedo Vicentino,24034,Vicenza,VI,4.38,6.55,28.76,Agosto 2026,immobiliare.it,2026-10-01
Lizzanello,75038,Lecce,LE,4.23,6.49,20.76,Agosto 2026,immobiliare.it,2026-10-01
Giffoni Valle Piana,65056,Salerno,SA,4.77,5.58,12.18,Agosto 2026,immobiliare.it,2026-10-01
Maniago,93025,Pordenone,PN,5.19,5.19,11.04,Agosto 2026,immobiliare.it,2026-10-01
Fiume Veneto,93021,Pordenone,PN,5.19,9.3,11.04,Agosto 2026,immobiliare.it,2026-10-01
Santa Maria la Carità,63090,Napoli,NA,4.24,8.52,37.68,Agosto 2026,immobiliare.it,2026-10-01
Lendinara,29029,Rovigo,RO,5.41,8.74,18.78,Agosto 2026,immobiliare.it,2026-10-01
Portomaggiore,38019,Ferrara,FE,5.07,9.29,16.15,Agosto 2026,immobiliare.it,2026-10-01
Zero Branco,26095,Treviso,TV,6.28,8.74,18.46,Agosto 2026,immobiliare.it,2026-10-01
Isola del Liri,60043,Frosinone,FR,3.97,6.94,9.37,Agosto 2026,immobiliare.it,2026-10-01
Paullo,15169,Milano,MI,8.22,11.48,22.55,Agosto 2026,immobiliare.it,2026-10-01
Caldogno,24018,Vicenza,VI,4.38,8.96,28.76,Agosto 2026,immobiliare.it,2026-10-01
Carbonera,26008,Treviso,TV,6.28,10.45,18.46,Agosto 2026,immobiliare.it,2026-10-01
San Giustino,54044,Perugia,PG,3.7,7.92,16.34,Agosto 2026,immobiliare.it,2026-10-01
Venafro,94052,Isernia,IS,5.39,6.92,7.81,Agosto 2026,immobiliare.it,2026-10-01
Piazzola sul Brenta,28063,Padova,PD,9.22,9.22,9.22,Agosto 2026,immobiliare.it,2026-10-01
Cepagatti,68011,Pescara,PE,4.84,4.84,10.84,Agosto 2026,immobiliare.it,2026-10-01
Corleone,82034,Palermo,PA,3.78,7.33,10.48,Agosto 2026,immobiliare.it,2026-10-01
Inzago,15114,Milano,MI,8.22,11.21,22.55,Agosto 2026,immobiliare.it,2026-10-01
Capena,58018,Roma,RM,5.44,7.86,19.31,Agosto 2026,immobiliare.it,2026-10-01
San Valentino Torio,65132,Salerno,SA,4.77,7.2,12.18,Agosto 2026,immobiliare.it,2026-10-01
Trofarello,1280,Torino,TO,3.79,8.47,23.85,Agosto 2026,immobiliare.it,2026-10-01
Cori,59006,Latina,LT,3.77,5.48,25.31,Agosto 2026,immobiliare.it,2026-10-01
Piedimonte Matese,61057,Caserta,CE,3.13,4.8,8.97,Agosto 2026,immobiliare.it,2026-10-01
Ramacca,87037,Catania,CT,3.99,6.17,10.7,Agosto 2026,immobiliare.it,2026-10-01
Trevignano,26085,Treviso,TV,6.28,18.46,18.46,Agosto 2026,immobiliare.it,2026-10-01
Itri,59010,Latina,LT,3.77,6.01,25.31,Agosto 2026,immobiliare.it,2026-10-01
Motta di Livenza,26049,Treviso,TV,6.28,9.19,18.46,Agosto 2026,immobiliare.it,2026-10-01
Montale,47010,Pistoia,PT,7.67,7.67,10.34,Agosto 2026,immobiliare.it,2026-10-01
Gambettola,40015,Forli'-Cesena,FC,6.45,9.71,17.31,Agosto 2026,immobiliare.it,2026-10-01
Cadelbosco di Sopra,35008,Reggio nell'Emilia,RE,4.8,6.24,14.81,Agosto 2026,immobiliare.it,2026-10-01
Atessa,69005,Chieti,CH,4.58,4.58,9.09,Agosto 2026,immobiliare.it,2026-10-01
Coriano,99003,Rimini,RN,7.12,8.41,20.54,Agosto 2026,immobiliare.it,2026-10-01
San Marzano sul Sarno,65122,Salerno,SA,4.77,6.56,12.18,Agosto 2026,immobiliare.it,2026-10-01
Salemi,81018,Trapani,TP,5.28,6.08,13.45,Agosto 2026,immobiliare.it,2026-10-01
Ozieri,90052,Sassari,SS,7.04,10.1,13.92,Agosto 2026,immobiliare.it,2026-10-01
Saonara,28085,Padova,PD,5.18,8.78,14.27,Agosto 2026,immobiliare.it,2026-10-01
Torre Santa Susanna,74019,Brindisi,BR,4.65,5.32,12.43,Agosto 2026,immobiliare.it,2026-10-01
Castelli Calepio,16062,Bergamo,BG,4.71,7.28,16.63,Agosto 2026,immobiliare.it,2026-10-01
Poirino,1197,Torino,TO,3.79,6.56,23.85,Agosto 2026,immobiliare.it,2026-10-01
Mussomeli,85012,Caltanissetta,CL,3.8,4.27,7.27,Agosto 2026,immobiliare.it,2026-10-01
Cittanova,80028,Reggio di Calabria,RC,3.89,5.01,17.64,Agosto 2026,immobiliare.it,2026-10-01
Bibbiano,35004,Reggio nell'Emilia,RE,4.8,8.68,14.81,Agosto 2026,immobiliare.it,2026-10-01
Boscotrecase,63009,Napoli,NA,4.24,7.82,37.68,Agosto 2026,immobiliare.it,2026-10-01
Sedico,25053,Belluno,BL,7.87,9.91,30.63,Agosto 2026,immobiliare.it,2026-10-01
Goito,20026,Mantova,MN,5.71,9.07,14.82,Agosto 2026,immobiliare.it,2026-10-01
Busca,4034,Cuneo,CN,3.7,7.08,23.11,Agosto 2026,immobiliare.it,2026-10-01
Terralba,95065,Oristano,OR,8.35,8.95,13.24,Agosto 2026,immobiliare.it,2026-10-01
Vaiano,100006,Prato,PO,9.92,9.95,12.41,Agosto 2026,immobiliare.it,2026-10-01
Sermoneta,59027,Latina,LT,3.77,8.84,25.31,Agosto 2026,immobiliare.it,2026-10-01
Cingoli,43012,Macerata,MC,4.55,7.01,11.95,Agosto 2026,immobiliare.it,2026-10-01
Morrovalle,43033,Macerata,MC,4.55,9.6,11.95,Agosto 2026,immobiliare.it,2026-10-01
Asola,20002,Mantova,MN,5.71,7.64,14.82,Agosto 2026,immobiliare.it,2026-10-01
Bisignano,78017,Cosenza,CS,3.48,5.94,26.89,Agosto 2026,immobiliare.it,2026-10-01
Terre del Reno,38028,Ferrara,FE,5.07,5.07,16.15,Agosto 2026,immobiliare.it,2026-10-01
Mori,22123,Trento,TN,7.09,11.85,30.24,Agosto 2026,immobiliare.it,2026-10-01
Casali del Manco,78156,Cosenza,CS,3.48,5.74,26.89,Agosto 2026,immobiliare.it,2026-10-01
Gambolò,18068,Pavia,PV,5.08,7.57,11.58,Agosto 2026,immobiliare.it,2026-10-01
Lizzano,73011,Taranto,TA,4.01,6.91,21.17,Agosto 2026,immobiliare.it,2026-10-01
Lurate Caccivio,13138,Como,CO,7.49,11.39,21.76,Agosto 2026,immobiliare.it,2026-10-01
Argelato,37002,Bologna,BO,4.82,11.65,16.59,Agosto 2026,immobiliare.it,2026-10-01
Castelfranco Piandiscò,51040,Arezzo,AR,4.91,7.33,11.39,Agosto 2026,immobiliare.it,2026-10-01
Montescaglioso,77017,Matera,MT,5.02,6.93,9.19,Agosto 2026,immobiliare.it,2026-10-01
Sant'Egidio alla Vibrata,67038,Teramo,TE,4.28,8.86,13.24,Agosto 2026,immobiliare.it,2026-10-01
Cuorgnè,1098,Torino,TO,3.79,6.03,23.85,Agosto 2026,immobiliare.it,2026-10-01
Mareno di Piave,26038,Treviso,TV,6.28,9.07,18.46,Agosto 2026,immobiliare.it,2026-10-01
Dolianova,111014,Sud Sardegna,SU,6.94,7.88,14.11,Agosto 2026,immobiliare.it,2026-10-01
Castel Bolognese,39006,Ravenna,RA,6.14,11.58,23.41,Agosto 2026,immobiliare.it,2026-10-01
Piombino Dese,28064,Padova,PD,5.18,8.84,14.27,Agosto 2026,immobiliare.it,2026-10-01
Gassino Torinese,1112,Torino,TO,3.79,7.1,23.85,Agosto 2026,immobiliare.it,2026-10-01
Elmas,92108,Cagliari,CA,6.94,10.28,14.11,Agosto 2026,immobiliare.it,2026-10-01
Traversetolo,34042,Parma,PR,5.39,9.14,12.5,Agosto 2026,immobiliare.it,2026-10-01
Resana,26066,Treviso,TV,6.28,6.79,18.46,Agosto 2026,immobiliare.it,2026-10-01
Nepi,56039,Viterbo,VT,4.07,8.05,19.99,Agosto 2026,immobiliare.it,2026-10-01
Sant'Agata li Battiati,87045,Catania,CT,3.99,6.99,10.7,Agosto 2026,immobiliare.it,2026-10-01
Fossombrone,41015,Pesaro e Urbino,PU,4.63,5.44,11.1,Agosto 2026,immobiliare.it,2026-10-01
Santa Teresa di Riva,83089,Messina,ME,4.01,7.44,19.98,Agosto 2026,immobiliare.it,2026-10-01
Vignate,15237,Milano,MI,8.22,12.02,22.55,Agosto 2026,immobiliare.it,2026-10-01
Mosciano Sant'Angelo,67030,Teramo,TE,4.28,8.77,13.24,Agosto 2026,immobiliare.it,2026-10-01
Treia,43054,Macerata,MC,4.55,6.12,11.95,Agosto 2026,immobiliare.it,2026-10-01
Vanzago,15229,Milano,MI,8.22,11.3,22.55,Agosto 2026,immobiliare.it,2026-10-01
Pieve a Nievole,47013,Pistoia,PT,7.67,9.74,10.34,Agosto 2026,immobiliare.it,2026-10-01
Sigillo,54049,Perugia,PG,1.54,4.83,14.08,Ottobre 2026,realadvisor.it,2026-10-02
Santa Lucia di Piave,26075,Treviso,TV,2.54,8.13,20.25,Ottobre 2026,realadvisor.it,2026-10-02
Oggiono,97057,Lecco,LC,2.21,9.04,26.17,Ottobre 2026,realadvisor.it,2026-10-02
San Marzano di San Giuseppe,73025,Taranto,TA,2.29,6.96,18.08,Ottobre 2026,realadvisor.it,2026-10-02
Legnaro,28044,Padova,PD,2.54,7.92,16.88,Ottobre 2026,realadvisor.it,2026-10-02
Lacchiarella,15115,Milano,MI,4.04,13.46,38.04,Ottobre 2026,realadvisor.it,2026-10-02
Martano,75040,Lecce,LE,2.96,8.54,26.92,Ottobre 2026,realadvisor.it,2026-10-02
Gonzaga,20027,Mantova,MN,2.08,6.33,15.67,Ottobre 2026,realadvisor.it,2026-10-02
Besozzo,12013,Varese,VA,3,9.83,24.42,Ottobre 2026,realadvisor.it,2026-10-02
Felino,34013,Parma,PR,2.79,8.83,22.17,Ottobre 2026,realadvisor.it,2026-10-02
Bovalino,80012,Reggio di Calabria,RC,3.96,14.21,51.46,Ottobre 2026,realadvisor.it,2026-10-02
Sant'Egidio del Monte Albino,65130,Salerno,SA,3,11.5,33.38,Ottobre 2026,realadvisor.it,2026-10-02
Soresina,19098,Cremona,CR,2.38,7.75,19,Ottobre 2026,realadvisor.it,2026-10-02
Flero,17072,Brescia,BS,2.38,8.75,26.54,Ottobre 2026,realadvisor.it,2026-10-02
Parabita,75059,Lecce,LE,2.21,6.25,19.42,Ottobre 2026,realadvisor.it,2026-10-02
Guardiagrele,69043,Chieti,CH,1.83,5.54,14.96,Ottobre 2026,realadvisor.it,2026-10-02
Druento,1099,Torino,TO,2.08,7.71,20.88,Ottobre 2026,realadvisor.it,2026-10-02
Ponte Buggianese,47016,Pistoia,PT,3.25,10.13,23.96,Ottobre 2026,realadvisor.it,2026-10-02
Luzzara,35026,Reggio nell'Emilia,RE,2.08,6.42,13.21,Ottobre 2026,realadvisor.it,2026-10-02
Ala,22001,Trento,TN,3.13,9.92,23.92,Ottobre 2026,realadvisor.it,2026-10-02
San Giorgio di Piano,37052,Bologna,BO,4,12.92,27.54,Ottobre 2026,realadvisor.it,2026-10-02
Fiscaglia,38027,Ferrara,FE,2.63,7.46,17.08,Ottobre 2026,realadvisor.it,2026-10-02
Roverbella,20053,Mantova,MN,2.75,8.25,20.54,Ottobre 2026,realadvisor.it,2026-10-02
Farra di Soligo,26026,Treviso,TV,2.17,6.83,17.33,Ottobre 2026,realadvisor.it,2026-10-02
Volvera,1315,Torino,TO,2.04,7.58,20.54,Ottobre 2026,realadvisor.it,2026-10-02
Breganze,24014,Vicenza,VI,2,7.13,17.13,Ottobre 2026,realadvisor.it,2026-10-02
Casapulla,61021,Caserta,CE,1.79,5.92,15.54,Ottobre 2026,realadvisor.it,2026-10-02
Santa Venerina,87048,Catania,CT,2.25,7.71,20.75,Ottobre 2026,realadvisor.it,2026-10-02
Cogliate,108020,Monza e della Brianza,MB,3.79,10.88,25.92,Ottobre 2026,realadvisor.it,2026-10-02
Cologna Veneta,23027,Verona,VR,2.38,8.38,23.17,Ottobre 2026,realadvisor.it,2026-10-02
Galbiate,97036,Lecco,LC,2.46,10.04,28.96,Ottobre 2026,realadvisor.it,2026-10-02
Sortino,89019,Siracusa,SR,2.21,7.25,20.46,Ottobre 2026,realadvisor.it,2026-10-02
San Gavino Monreale,111062,Sud Sardegna,SU,1.92,6.04,17.38,Ottobre 2026,realadvisor.it,2026-10-02
Santhià,2133,Vercelli,VC,1.83,6.21,17.83,Ottobre 2026,realadvisor.it,2026-10-02
Sala Bolognese,37050,Bologna,BO,3.67,12.08,25.92,Ottobre 2026,realadvisor.it,2026-10-02
Serramazzoni,36042,Modena,MO,2.54,8.38,18.67,Ottobre 2026,realadvisor.it,2026-10-02
Cagli,41007,Pesaro e Urbino,PU,2.5,9.04,25.29,Ottobre 2026,realadvisor.it,2026-10-02
Concordia sulla Secchia,36010,Modena,MO,2.25,7.13,15.75,Ottobre 2026,realadvisor.it,2026-10-02
Gorla Minore,12079,Varese,VA,3.46,11.25,27.96,Ottobre 2026,realadvisor.it,2026-10-02
Vallo della Lucania,65154,Salerno,SA,1.5,5.5,15.63,Ottobre 2026,realadvisor.it,2026-10-02
Sovico,108041,Monza e della Brianza,MB,3.88,11.29,26.5,Ottobre 2026,realadvisor.it,2026-10-02
San Sperate,111065,Sud Sardegna,SU,3,9,25.67,Ottobre 2026,realadvisor.it,2026-10-02
Piovene Rocchette,24078,Vicenza,VI,1.96,6.79,16.42,Ottobre 2026,realadvisor.it,2026-10-02
San Damiano d'Asti,5097,Asti,AT,2.83,9.67,30.21,Ottobre 2026,realadvisor.it,2026-10-02
Decimomannu,92015,Cagliari,CA,3.71,10,22.96,Ottobre 2026,realadvisor.it,2026-10-02
Toritto,72044,Bari,BA,1.38,4.88,13.25,Ottobre 2026,realadvisor.it,2026-10-02
Verolanuova,17195,Brescia,BS,2.04,7.75,23.79,Ottobre 2026,realadvisor.it,2026-10-02
Rivolta d'Adda,19084,Cremona,CR,2.71,8.96,21.92,Ottobre 2026,realadvisor.it,2026-10-02
Agira,86001,Enna,EN,1.75,5.71,18.88,Ottobre 2026,realadvisor.it,2026-10-02
San Martino in Rio,35037,Reggio nell'Emilia,RE,2.96,9.67,19.92,Ottobre 2026,realadvisor.it,2026-10-02
Monte Urano,109024,Fermo,FM,2.54,7.75,23.29,Ottobre 2026,realadvisor.it,2026-10-02
Solarino,89018,Siracusa,SR,1.38,4.79,14.63,Ottobre 2026,realadvisor.it,2026-10-02
Cervaro,60026,Frosinone,FR,1.83,6,17.04,Ottobre 2026,realadvisor.it,2026-10-02
None,1168,Torino,TO,1.79,6.79,18.38,Ottobre 2026,realadvisor.it,2026-10-02
Fontaniva,28038,Padova,PD,2.83,8.79,18.92,Ottobre 2026,realadvisor.it,2026-10-02
Monte San Giusto,43031,Macerata,MC,2.08,6.88,19.21,Ottobre 2026,realadvisor.it,2026-10-02
Sissa Trecasali,34049,Parma,PR,2.67,8.71,22.04,Ottobre 2026,realadvisor.it,2026-10-02
Mozzecane,23051,Verona,VR,2.63,9.17,25.33,Ottobre 2026,realadvisor.it,2026-10-02
Riva del Po,38029,Ferrara,FE,2.54,7.08,16.08,Ottobre 2026,realadvisor.it,2026-10-02
Gattinara,2061,Vercelli,VC,1.67,5.67,16.04,Ottobre 2026,realadvisor.it,2026-10-02
Gravellona Toce,103035,Verbano-Cusio-Ossola,VB,2.29,8.83,31.17,Ottobre 2026,realadvisor.it,2026-10-02
San Pietro Clarenza,87044,Catania,CT,2.83,10.04,27.75,Ottobre 2026,realadvisor.it,2026-10-02
Novoli,75055,Lecce,LE,2.42,6.88,20.92,Ottobre 2026,realadvisor.it,2026-10-02
Tavullia,41065,Pesaro e Urbino,PU,4.96,17.25,45.96,Ottobre 2026,realadvisor.it,2026-10-02
Montorio al Vomano,67028,Teramo,TE,1.58,4.75,11.67,Ottobre 2026,realadvisor.it,2026-10-02
Rizziconi,80065,Reggio di Calabria,RC,2,7.08,24,Ottobre 2026,realadvisor.it,2026-10-02
Avella,64007,Avellino,AV,1.5,4.83,14.58,Ottobre 2026,realadvisor.it,2026-10-02
Manziana,58054,Roma,RM,2.75,9.04,24.42,Ottobre 2026,realadvisor.it,2026-10-02
Bolano,11004,La Spezia,SP,3.46,9.13,22.54,Ottobre 2026,realadvisor.it,2026-10-02
Teggiano,65146,Salerno,SA,1.29,4.46,12.42,Ottobre 2026,realadvisor.it,2026-10-02
Torrile,34041,Parma,PR,3.17,10.46,26.58,Ottobre 2026,realadvisor.it,2026-10-02
Cairate,12029,Varese,VA,2.88,9.29,23.13,Ottobre 2026,realadvisor.it,2026-10-02
Vigliano Biellese,96077,Biella,BI,1.83,6.17,21.17,Ottobre 2026,realadvisor.it,2026-10-02
Sovizzo,24103,Vicenza,VI,2.71,9.71,23.25,Ottobre 2026,realadvisor.it,2026-10-02
Barge,4012,Cuneo,CN,1.38,5.25,15.38,Ottobre 2026,realadvisor.it,2026-10-02
Castellalto,67011,Teramo,TE,2.42,7.46,18.83,Ottobre 2026,realadvisor.it,2026-10-02
Carmignano di Brenta,28023,Padova,PD,2.63,8.21,17.67,Ottobre 2026,realadvisor.it,2026-10-02
Fivizzano,45007,Massa-Carrara,MS,2.17,6.63,13.58,Ottobre 2026,realadvisor.it,2026-10-02
Vedano al Lambro,108046,Monza e della Brianza,MB,4.17,12.13,28.71,Ottobre 2026,realadvisor.it,2026-10-02
Cologne,17059,Brescia,BS,2.54,9.38,28.38,Ottobre 2026,realadvisor.it,2026-10-02
Bovezzo,17025,Brescia,BS,2.38,8.92,27.33,Ottobre 2026,realadvisor.it,2026-10-02
Macherio,108029,Monza e della Brianza,MB,3.92,11.42,26.83,Ottobre 2026,realadvisor.it,2026-10-02
San Colombano al Lambro,15191,Milano,MI,2.17,7.08,20.17,Ottobre 2026,realadvisor.it,2026-10-02
San Marco Argentano,78123,Cosenza,CS,1.17,3.63,11.21,Ottobre 2026,realadvisor.it,2026-10-02
San Zenone degli Ezzelini,26077,Treviso,TV,2.25,7.17,18.08,Ottobre 2026,realadvisor.it,2026-10-02
Venegono Superiore,12137,Varese,VA,3.04,9.75,24.29,Ottobre 2026,realadvisor.it,2026-10-02
Cotignola,39009,Ravenna,RA,2.83,7.54,16.75,Ottobre 2026,realadvisor.it,2026-10-02
Pederobba,26056,Treviso,TV,2.54,8.13,20.08,Ottobre 2026,realadvisor.it,2026-10-02
Castrezzato,17045,Brescia,BS,2.25,8.38,25.5,Ottobre 2026,realadvisor.it,2026-10-02
Carinola,61017,Caserta,CE,1.17,4,10.5,Ottobre 2026,realadvisor.it,2026-10-02
Povegliano Veronese,23060,Verona,VR,2.75,9.5,25.83,Ottobre 2026,realadvisor.it,2026-10-02
Santa Giustina in Colle,28080,Padova,PD,2.92,9.21,19.63,Ottobre 2026,realadvisor.it,2026-10-02
Spinetoli,44071,Ascoli Piceno,AP,1.96,5.54,13.17,Ottobre 2026,realadvisor.it,2026-10-02
Curtarolo,28036,Padova,PD,2.67,8.38,18,Ottobre 2026,realadvisor.it,2026-10-02
Montecosaro,43028,Macerata,MC,2.5,8.33,23.42,Ottobre 2026,realadvisor.it,2026-10-02
Roggiano Gravina,78104,Cosenza,CS,0.96,3.17,9.92,Ottobre 2026,realadvisor.it,2026-10-02
Adro,17002,Brescia,BS,2.58,9.54,29,Ottobre 2026,realadvisor.it,2026-10-02
Militello in Val di Catania,87025,Catania,CT,1.67,5.5,14.46,Ottobre 2026,realadvisor.it,2026-10-02
Montalbano Jonico,77016,Matera,MT,1.63,6.46,18,Ottobre 2026,realadvisor.it,2026-10-02
Altavilla Silentina,65005,Salerno,SA,2.08,7.79,22.29,Ottobre 2026,realadvisor.it,2026-10-02
Sassoferrato,42044,Ancona,AN,1.33,4.25,11.71,Ottobre 2026,realadvisor.it,2026-10-02
Passirano,17136,Brescia,BS,2.71,10.42,31.96,Ottobre 2026,realadvisor.it,2026-10-02
Tresignana,38030,Ferrara,FE,2.58,7.33,16.96,Ottobre 2026,realadvisor.it,2026-10-02
San Giovanni Gemini,84036,Agrigento,AG,4.94,5.24,6.67,2026-08,immobiliare.it,2026-10-03
Montecassiano,43026,Macerata,MC,4.55,5.32,11.95,2026-08,immobiliare.it,2026-10-03
Quiliano,9052,Savona,SV,5.11,9.48,26.1,2026-08,immobiliare.it,2026-10-03
Buttapietra,23016,Verona,VR,5.97,7.64,26.29,2026-08,immobiliare.it,2026-10-03
Pegognaga,20039,Mantova,MN,5.71,6.73,14.82,2026-08,immobiliare.it,2026-10-03
Troia,71058,Foggia,FG,5.09,7.04,10.55,2026-08,immobiliare.it,2026-10-03
Fossò,27017,Venezia,VE,6.82,10.13,25.88,2026-08,immobiliare.it,2026-10-03
Trino,2148,Vercelli,VC,4.29,5.87,14.49,2026-08,immobiliare.it,2026-10-03
Barlassina,108005,Monza e Brianza,MB,8.42,9.49,14.2,2026-08,immobiliare.it,2026-10-03
Centallo,4061,Cuneo,CN,3.7,6.29,23.11,2026-08,immobiliare.it,2026-10-03
Dronero,4082,Cuneo,CN,3.7,5.76,23.11,2026-08,immobiliare.it,2026-10-03
Borgo Veneto,28107,Padova,PD,5.18,7.35,14.27,2026-08,immobiliare.it,2026-10-03
Solesino,28087,Padova,PD,5.18,7.51,14.27,2026-08,immobiliare.it,2026-10-03
Vazzola,26088,Treviso,TV,6.28,10.51,18.46,2026-08,immobiliare.it,2026-10-03
Manoppello,68022,Pescara,PE,4.84,6.41,10.84,2026-08,immobiliare.it,2026-10-03
Cordignano,26022,Treviso,TV,6.28,8.43,18.46,2026-08,immobiliare.it,2026-10-03
Spezzano Albanese,78142,Cosenza,CS,3.48,9.01,26.89,2026-08,immobiliare.it,2026-10-03
Senise,76085,Potenza,PZ,4.26,6.38,9.78,2026-08,immobiliare.it,2026-10-03
Casarza Ligure,10011,Genova,GE,5.07,8.6,32.58,2026-08,immobiliare.it,2026-10-03
Mercato Saraceno,40020,Forli'-Cesena,FC,6.45,10.13,17.31,2026-08,immobiliare.it,2026-10-03
Martignacco,30057,Udine,UD,5.84,7.85,18.84,2026-08,immobiliare.it,2026-10-03
Montescudo-Monte Colombo,99029,Rimini,RN,7.12,10.25,20.54,2026-08,immobiliare.it,2026-10-03
Monte San Vito,42030,Ancona,AN,4.67,7.14,10.07,2026-08,immobiliare.it,2026-10-03
Santa Giustina,25048,Belluno,BL,7.87,9.31,30.63,2026-08,immobiliare.it,2026-10-03
Olevano sul Tusciano,65082,Salerno,SA,4.77,5.09,12.18,2026-08,immobiliare.it,2026-10-03
Pietraperzia,86015,Enna,EN,4.01,4.72,5.94,2026-08,immobiliare.it,2026-10-03
Cerano,3049,Novara,NO,4.75,9.15,14.5,2026-08,immobiliare.it,2026-10-03
Robecco sul Naviglio,15184,Milano,MI,8.22,11.77,22.55,2026-08,immobiliare.it,2026-10-03
Caraglio,4040,Cuneo,CN,3.7,5.93,23.11,2026-08,immobiliare.it,2026-10-03
Zugliano,24122,Vicenza,VI,4.38,7.42,28.76,2026-08,immobiliare.it,2026-10-03
Campomorone,10009,Genova,GE,5.07,6.11,32.58,2026-08,immobiliare.it,2026-10-03
Mesola,38014,Ferrara,FE,5.75,5.75,5.75,2026-08,immobiliare.it,2026-10-03
Montegiorgio,109017,Fermo,FM,5.11,5.33,10.04,2026-08,immobiliare.it,2026-10-03
Ostra,42035,Ancona,AN,4.67,6.54,10.07,2026-08,immobiliare.it,2026-10-03
Brendola,24015,Vicenza,VI,4.38,12.7,28.76,2026-08,immobiliare.it,2026-10-03
Carugo,13048,Como,CO,7.49,10.88,21.76,2026-08,immobiliare.it,2026-10-03
Arconate,15007,Milano,MI,8.22,10.9,22.55,2026-08,immobiliare.it,2026-10-03
Fabbrico,35021,Reggio nell'Emilia,RE,4.8,8.13,14.81,2026-08,immobiliare.it,2026-10-03
Nervesa della Battaglia,26050,Treviso,TV,6.28,11.88,18.46,2026-08,immobiliare.it,2026-10-03
Rometta,83076,Messina,ME,4.01,6.99,19.98,2026-08,immobiliare.it,2026-10-03
Avetrana,73001,Taranto,TA,4.01,6.24,21.17,2026-08,immobiliare.it,2026-10-03
Castello d'Argile,37017,Bologna,BO,4.82,12.73,16.59,2026-08,immobiliare.it,2026-10-03
Marcaria,20031,Mantova,MN,5.71,5.9,14.82,2026-08,immobiliare.it,2026-10-03
Pontenure,33037,Piacenza,PC,5.16,8.02,11.62,2026-08,immobiliare.it,2026-10-03
Gorle,16115,Bergamo,BG,4.71,10.12,16.63,2026-08,immobiliare.it,2026-10-03
San Cesario sul Panaro,36036,Modena,MO,6.04,8.6,12.59,2026-08,immobiliare.it,2026-10-03
Olgiate Molgora,97058,Lecco,LC,6.48,9.96,18.23,2026-08,immobiliare.it,2026-10-03
Montesano sulla Marcellana,65076,Salerno,SA,4.77,8.77,12.18,2026-08,immobiliare.it,2026-10-03
Codevigo,28033,Padova,PD,5.18,7.25,14.27,2026-08,immobiliare.it,2026-10-03
Buja,30013,Udine,UD,5.84,5.84,18.84,2026-08,immobiliare.it,2026-10-03
Manzano,30055,Udine,UD,5.84,8.9,18.84,2026-08,immobiliare.it,2026-10-03
Barbarano Mossano,24124,Vicenza,VI,4.38,8.13,28.76,2026-08,immobiliare.it,2026-10-03
Verzuolo,4240,Cuneo,CN,3.7,5.96,23.11,2026-08,immobiliare.it,2026-10-03
Landriano,18078,Pavia,PV,5.08,9.67,11.58,2026-08,immobiliare.it,2026-10-03
Subbiano,51037,Arezzo,AR,4.91,6.42,11.39,2026-08,immobiliare.it,2026-10-03
Poggio Mirteto,57053,Rieti,RI,4.01,7.67,9.87,2026-08,immobiliare.it,2026-10-03
Albanella,65003,Salerno,SA,4.77,6.64,12.18,2026-08,immobiliare.it,2026-10-03
Alessano,75002,Lecce,LE,4.23,5.66,20.76,2026-08,immobiliare.it,2026-10-03
Capannoli,50005,Pisa,PI,6.16,9.58,13.44,2026-08,immobiliare.it,2026-10-03
Arquata Scrivia,6009,Alessandria,AL,3.59,5.38,7.85,2026-08,immobiliare.it,2026-10-03
Spinazzola,110008,Barletta-Andria-Trani,BT,7.37,7.37,10.1,2026-08,immobiliare.it,2026-10-03
Arcole,23004,Verona,VR,5.97,10.42,26.29,2026-08,immobiliare.it,2026-10-03
Sammichele di Bari,72039,Bari,BA,4.5,7.08,14.29,2026-08,immobiliare.it,2026-10-03
Caneva,93009,Pordenone,PN,5.19,9.78,11.04,2026-08,immobiliare.it,2026-10-03
Larciano,47006,Pistoia,PT,7.67,8.93,10.34,2026-08,immobiliare.it,2026-10-03
Cisano Bergamasco,16074,Bergamo,BG,4.71,11.09,16.63,2026-08,immobiliare.it,2026-10-03
Rivignano Teor,30188,Udine,UD,5.84,6.2,18.84,2026-08,immobiliare.it,2026-10-03
San Michele Salentino,74014,Brindisi,BR,4.65,7.78,12.43,2026-08,immobiliare.it,2026-10-03
Belgioioso,18013,Pavia,PV,5.08,6.55,11.58,2026-08,immobiliare.it,2026-10-03
Castelgomberto,24028,Vicenza,VI,4.38,7.09,28.76,2026-08,immobiliare.it,2026-10-03
Sernaglia della Battaglia,26080,Treviso,TV,6.28,11.13,18.46,2026-08,immobiliare.it,2026-10-03
Ghisalba,16113,Bergamo,BG,4.71,7.72,16.63,2026-08,immobiliare.it,2026-10-03
Pozzo d'Adda,15177,Milano,MI,8.22,12.54,22.55,2026-08,immobiliare.it,2026-10-03
Lioni,64044,Avellino,AV,3.12,4.81,7.83,2026-08,immobiliare.it,2026-10-03
Fossalta di Portogruaro,27016,Venezia,VE,6.82,10.7,25.88,2026-08,immobiliare.it,2026-10-03
Ascoli Satriano,71005,Foggia,FG,5.09,7.17,10.55,2026-08,immobiliare.it,2026-10-03
Villaverla,24118,Vicenza,VI,4.38,8.69,28.76,2026-08,immobiliare.it,2026-10-03
Siziano,18150,Pavia,PV,5.08,8.82,11.58,2026-08,immobiliare.it,2026-10-03
San Giovanni al Natisone,30101,Udine,UD,5.84,7.59,18.84,2026-08,immobiliare.it,2026-10-03
Vernio,100007,Prato,PO,9.92,10.22,12.41,2026-08,immobiliare.it,2026-10-03
Luco dei Marsi,66051,L'Aquila,AQ,4.92,6.6,24.57,2026-08,immobiliare.it,2026-10-03
Massanzago,28050,Padova,PD,5.18,9.98,14.27,2026-08,immobiliare.it,2026-10-03
Briosco,108011,Monza e Brianza,MB,8.42,9.54,14.2,2026-08,immobiliare.it,2026-10-03
Piana degli Albanesi,82057,Palermo,PA,3.78,5.55,10.48,2026-08,immobiliare.it,2026-10-03
Motta San Giovanni,80054,Reggio Calabria,RC,3.89,6.08,17.64,2026-08,immobiliare.it,2026-10-03
Gaiarine,26031,Treviso,TV,6.28,8.43,18.46,2026-08,immobiliare.it,2026-10-03
Fornovo di Taro,34017,Parma,PR,5.39,9.3,12.5,2026-08,immobiliare.it,2026-10-03
Sant'Elia Fiumerapido,60068,Frosinone,FR,3.97,7.95,9.37,2026-08,immobiliare.it,2026-10-03
San Giovanni Suergiu,111063,Sud Sardegna,SU,6.54,6.54,10.95,2026-08,immobiliare.it,2026-10-03
Roveredo in Piano,93036,Pordenone,PN,5.19,9.78,11.04,2026-08,immobiliare.it,2026-10-03
Bagnolo Piemonte,4009,Cuneo,CN,3.7,4.75,23.11,2026-08,immobiliare.it,2026-10-03
Ostellato,38017,Ferrara,FE,5.07,8.41,16.15,2026-08,immobiliare.it,2026-10-03
Mel,25034,Belluno,BL,7.87,8.65,30.63,2026-08,immobiliare.it,2026-10-03
Majano,30053,Udine,UD,5.84,6.56,18.84,2026-08,immobiliare.it,2026-10-03
Serradifalco,85018,Caltanissetta,CL,3.8,4.65,7.27,2026-08,immobiliare.it,2026-10-03
Torrebelvicino,24107,Vicenza,VI,4.38,7.77,28.76,2026-08,immobiliare.it,2026-10-03
Fonte,26029,Treviso,TV,6.28,8.02,18.46,2026-08,immobiliare.it,2026-10-03
Genazzano,58042,Roma,RM,5.44,5.84,19.31,2026-08,immobiliare.it,2026-10-03
Robbio,18123,Pavia,PV,5.08,5.08,11.58,2026-08,immobiliare.it,2026-10-03
Cellamare,72018,Bari,BA,4.5,6.55,14.29,2026-08,immobiliare.it,2026-10-03
Villanuova sul Clisi,17201,Brescia,BS,6.27,9.19,20.46,2026-08,immobiliare.it,2026-10-03
Tavernerio,13222,Como,CO,7.49,12.43,21.76,2026-08,immobiliare.it,2026-10-03
Gattatico,35022,Reggio nell'Emilia,RE,4.8,8.79,14.81,2026-08,immobiliare.it,2026-10-03
Corigliano d'Otranto,75023,Lecce,LE,4.23,6.17,20.76,2026-08,immobiliare.it,2026-10-03
Fontanelle,26028,Treviso,TV,6.28,9.74,18.46,2026-08,immobiliare.it,2026-10-03
San Secondo Parmense,34033,Parma,PR,5.39,10.1,12.5,2026-08,immobiliare.it,2026-10-03
Rogliano,78105,Cosenza,CS,3.48,8.03,26.89,2026-08,immobiliare.it,2026-10-03
Cervarese Santa Croce,28030,Padova,PD,5.18,8.27,14.27,2026-08,immobiliare.it,2026-10-03
Gossolengo,33023,Piacenza,PC,5.16,7.82,11.62,2026-08,immobiliare.it,2026-10-03
Villanova d'Asti,5118,Asti,AT,4.03,7.65,7.65,2026-08,immobiliare.it,2026-10-03
Uzzano,47021,Pistoia,PT,7.67,7.82,10.34,2026-08,immobiliare.it,2026-10-03
Pomarance,50027,Pisa,PI,6.16,7.04,13.44,2026-08,immobiliare.it,2026-10-03
Pratovecchio Stia,51041,Arezzo,AR,4.91,6.43,11.39,2026-08,immobiliare.it,2026-10-03
Genzano di Lucania,76036,Potenza,PZ,4.26,6.26,9.78,2026-08,immobiliare.it,2026-10-03
Arce,60008,Frosinone,FR,3.97,5.18,9.37,2026-08,immobiliare.it,2026-10-03
Alezio,75003,Lecce,LE,4.23,6.4,20.76,2026-08,immobiliare.it,2026-10-03
Dello,17066,Brescia,BS,6.27,9.67,20.46,2026-08,immobiliare.it,2026-10-03
Canale,4037,Cuneo,CN,3.7,6.55,23.11,2026-08,immobiliare.it,2026-10-03
Buti,50002,Pisa,PI,6.16,9.08,13.44,2026-08,immobiliare.it,2026-10-03
Gozzano,3076,Novara,NO,4.75,8.74,14.5,2026-08,immobiliare.it,2026-10-03
Cosio Valtellino,14024,Sondrio,SO,8.83,8.83,8.83,2026-08,immobiliare.it,2026-10-03
Panicale,54037,Perugia,PG,3.7,5.03,16.34,2026-08,immobiliare.it,2026-10-03
Galliera,37028,Bologna,BO,4.82,8.55,16.59,2026-08,immobiliare.it,2026-10-03
Custonaci,81007,Trapani,TP,5.28,8.35,13.45,2026-08,immobiliare.it,2026-10-03
Busalla,10006,Genova,GE,5.07,6.8,32.58,2026-08,immobiliare.it,2026-10-03
Casorezzo,15058,Milano,MI,8.22,9.72,22.55,2026-08,immobiliare.it,2026-10-03
Moglia,20035,Mantova,MN,5.71,6.12,14.82,2026-08,immobiliare.it,2026-10-03
Trenzano,17190,Brescia,BS,6.27,8.59,20.46,2026-08,immobiliare.it,2026-10-03
Cotronei,101009,Crotone,KR,6.57,12.39,29.42,2026-08,immobiliare.it,2026-10-03
Caiazzo,61009,Caserta,CE,3.13,6.17,8.97,2026-08,immobiliare.it,2026-10-03
Cavallermaggiore,4059,Cuneo,CN,3.7,5.55,23.11,2026-08,immobiliare.it,2026-10-03
Nereto,67031,Teramo,TE,4.28,5.36,13.24,2026-08,immobiliare.it,2026-10-03
Colverde,13251,Como,CO,7.49,10.88,21.76,2026-08,immobiliare.it,2026-10-03
Calco,97012,Lecco,LC,6.48,7.88,18.23,2026-08,immobiliare.it,2026-10-03
Casalserugo,28028,Padova,PD,5.18,8.37,14.27,2026-08,immobiliare.it,2026-10-03
Capolona,51006,Arezzo,AR,4.91,7.33,11.39,2026-08,immobiliare.it,2026-10-03
Calcio,16044,Bergamo,BG,4.71,7.83,16.63,2026-08,immobiliare.it,2026-10-03
Torchiarolo,74018,Brindisi,BR,4.65,6.32,12.43,2026-08,immobiliare.it,2026-10-03
Boretto,35005,Reggio nell'Emilia,RE,4.8,6.71,14.81,2026-08,immobiliare.it,2026-10-03
Centuripe,86007,Enna,EN,4.01,5.48,5.94,2026-08,immobiliare.it,2026-10-03
Limana,25029,Belluno,BL,7.87,10.81,30.63,2026-08,immobiliare.it,2026-10-03
Polla,65097,Salerno,SA,4.77,7.18,12.18,2026-08,immobiliare.it,2026-10-03
Canino,56012,Viterbo,VT,4.07,12.21,19.99,2026-08,immobiliare.it,2026-10-03
Sarroch,92066,CAGLIARI,CA,6.94,10.24,14.11,2026-08,immobiliare.it,2026-10-03
Castellucchio,20016,Mantova,MN,5.71,7.34,14.82,2026-08,immobiliare.it,2026-10-03
Monticelli d'Ongina,33027,Piacenza,PC,5.16,7.22,11.62,2026-08,immobiliare.it,2026-10-03
Mugnano del Cardinale,64065,Avellino,AV,3.12,5.72,7.83,2026-08,immobiliare.it,2026-10-03
Giavera del Montello,26032,Treviso,TV,6.28,14.14,18.46,2026-08,immobiliare.it,2026-10-03
Esine,17070,Brescia,BS,6.27,7.18,20.46,2026-08,immobiliare.it,2026-10-03
Tuglie,75089,Lecce,LE,4.23,4.88,20.76,2026-08,immobiliare.it,2026-10-03
Longarone,25071,Belluno,BL,7.87,11.24,30.63,2026-08,immobiliare.it,2026-10-03
Castronno,12047,Varese,VA,7.3,7.71,14.05,2026-08,immobiliare.it,2026-10-03
Montanaro,1161,Torino,TO,3.79,6.44,23.85,2026-08,immobiliare.it,2026-10-03
Aquino,60007,Frosinone,FR,3.97,4.42,9.37,2026-08,immobiliare.it,2026-10-03
Vigone,1299,Torino,TO,3.79,5.76,23.85,2026-08,immobiliare.it,2026-10-03
Correzzola,28035,Padova,PD,5.18,6.72,14.27,2026-08,immobiliare.it,2026-10-03
Bottanuco,16034,Bergamo,BG,4.71,10.39,16.63,2026-08,immobiliare.it,2026-10-03
Cerda,82028,Palermo,PA,3.78,6.84,10.48,2026-08,immobiliare.it,2026-10-03
San Ferdinando,80097,Reggio Calabria,RC,3.89,4.98,17.64,2026-08,immobiliare.it,2026-10-03
Corropoli,67021,Teramo,TE,4.28,5.28,13.24,2026-08,immobiliare.it,2026-10-03
Riccia,70057,Campobasso,CB,4.47,7.29,17.77,2026-08,immobiliare.it,2026-10-03
Bucchianico,69008,Chieti,CH,4.58,6.6,9.09,2026-08,immobiliare.it,2026-10-03
Portoscuso,111057,Sud Sardegna,SU,6.54,7.67,10.95,2026-08,immobiliare.it,2026-10-03
Santo Stefano Ticino,15200,Milano,MI,8.22,9.68,22.55,2026-08,immobiliare.it,2026-10-03
Assoro,86003,Enna,EN,4.01,4.8,5.94,2026-08,immobiliare.it,2026-10-03
Mornago,12106,Varese,VA,7.3,9.62,14.05,2026-08,immobiliare.it,2026-10-03
Condofuri,80029,Reggio Calabria,RC,3.89,4.93,17.64,2026-08,immobiliare.it,2026-10-03
Tolfa,58105,Roma,RM,5.44,7.03,19.31,2026-08,immobiliare.it,2026-10-03
San Polo di Piave,26074,Treviso,TV,6.28,10.82,18.46,2026-08,immobiliare.it,2026-10-03
Santa Ninfa,81019,Trapani,TP,5.28,6.26,13.45,2026-08,immobiliare.it,2026-10-03
Tursi,77029,Matera,MT,5.02,5.65,9.19,2026-08,immobiliare.it,2026-10-03
Sassocorvaro Auditore,41071,Pesaro e Urbino,PU,4.63,6.25,11.1,2026-08,immobiliare.it,2026-10-03
Spadafora,83096,Messina,ME,4.01,5.72,19.98,2026-08,immobiliare.it,2026-10-03
Mortegliano,30062,Udine,UD,5.84,8.67,18.84,2026-08,immobiliare.it,2026-10-03
Villadose,29048,Rovigo,RO,5.41,8.15,18.78,2026-08,immobiliare.it,2026-10-03
Corinaldo,42015,Ancona,AN,4.67,6.82,10.07,2026-08,immobiliare.it,2026-10-03
Offida,44054,ASCOLI PICENO,AP,4.94,4.98,11.08,2026-08,immobiliare.it,2026-10-03
Muro Leccese,75051,Lecce,LE,4.23,5.95,20.76,2026-08,immobiliare.it,2026-10-03
Reana del Rojale,30090,Udine,UD,5.84,7.03,18.84,2026-08,immobiliare.it,2026-10-03
Guardia Sanframondi,62037,Benevento,BN,3.29,4.33,10.84,2026-08,immobiliare.it,2026-10-03
Bagnolo Cremasco,19005,Cremona,CR,5.86,9.61,12.04,2026-08,immobiliare.it,2026-10-03
Robecchetto con Induno,15183,Milano,MI,8.22,8.8,22.55,2026-08,immobiliare.it,2026-10-03
Cupello,69028,Chieti,CH,4.58,7.77,9.09,2026-08,immobiliare.it,2026-10-03
Buccino,65017,Salerno,SA,4.77,6.79,12.18,2026-08,immobiliare.it,2026-10-03
Binago,13023,Como,CO,7.49,11.23,21.76,2026-08,immobiliare.it,2026-10-03
Aidone,86002,Enna,EN,4.01,4.98,5.94,2026-08,immobiliare.it,2026-10-03
Caorso,33010,Piacenza,PC,5.16,5.8,11.62,2026-08,immobiliare.it,2026-10-03
Stroncone,55031,Terni,TR,4.08,6.47,7.44,2026-08,immobiliare.it,2026-10-03
Torre di Mosto,27041,Venezia,VE,6.82,10.44,25.88,2026-08,immobiliare.it,2026-10-03
Marrubiu,95025,Oristano,OR,8.35,8.61,13.24,2026-08,immobiliare.it,2026-10-03
San Giovanni Bianco,16188,Bergamo,BG,4.71,5.71,16.63,2026-08,immobiliare.it,2026-10-03
Specchia,75077,Lecce,LE,4.23,4.76,20.76,2026-08,immobiliare.it,2026-10-03
Cappella Maggiore,26007,Treviso,TV,6.28,8.43,18.46,2026-08,immobiliare.it,2026-10-03
Pian Camuno,17142,Brescia,BS,6.27,8.44,20.46,2026-08,immobiliare.it,2026-10-03
Miglianico,69050,Chieti,CH,4.58,7.67,9.09,2026-08,immobiliare.it,2026-10-03
Agugliano,42001,Ancona,AN,4.67,7.26,10.07,2026-08,immobiliare.it,2026-10-03
Villafranca in Lunigiana,45016,Massa-Carrara,MS,6.18,6.89,16.41,2026-08,immobiliare.it,2026-10-03
La Valletta Brianza,97092,Lecco,LC,6.48,10.71,18.23,2026-08,immobiliare.it,2026-10-03
Castro dei Volsci,60023,Frosinone,FR,3.97,5.5,9.37,2026-08,immobiliare.it,2026-10-03
Villa d'Adda,16238,Bergamo,BG,4.71,8.8,16.63,2026-08,immobiliare.it,2026-10-03
Gambara,17073,Brescia,BS,6.27,8.91,20.46,2026-08,immobiliare.it,2026-10-03
Acquasparta,55001,Terni,TR,4.08,6.36,7.44,2026-08,immobiliare.it,2026-10-03
Pietramelara,61058,Caserta,CE,3.13,6.73,8.97,2026-08,immobiliare.it,2026-10-03
Isola del Gran Sasso d'Italia,67026,Teramo,TE,4.28,6.02,13.24,2026-08,immobiliare.it,2026-10-03
Santo Stefano di Camastra,83091,Messina,ME,4.01,7.93,19.98,2026-08,immobiliare.it,2026-10-03
San Bartolomeo in Galdo,62057,Benevento,BN,3.29,4.97,10.84,2026-08,immobiliare.it,2026-10-03
Monastir,111041,Sud Sardegna,SU,6.94,10.65,14.11,2026-08,immobiliare.it,2026-10-03
Bricherasio,1035,Torino,TO,3.79,5.69,23.85,2026-08,immobiliare.it,2026-10-03
Condove,1093,Torino,TO,3.79,6.52,23.85,2026-08,immobiliare.it,2026-10-03
Zocca,36047,Modena,MO,6.04,6.63,12.59,2026-08,immobiliare.it,2026-10-03
Piglio,60053,Frosinone,FR,3.97,9.37,9.37,2026-08,immobiliare.it,2026-10-03
Rodano,15185,Milano,MI,8.22,12.01,22.55,2026-08,immobiliare.it,2026-10-03
Firenzuola,48018,Firenze,FI,6.14,6.14,21.7,2026-08,immobiliare.it,2026-10-03
Polverigi,42038,Ancona,AN,4.67,6.86,10.07,2026-08,immobiliare.it,2026-10-03
Crespano del Grappa,26024,Treviso,TV,6.28,8.02,18.46,2026-08,immobiliare.it,2026-10-03
Mozzanica,16142,Bergamo,BG,4.71,7.73,16.63,2026-08,immobiliare.it,2026-10-03
Castellazzo Bormida,6047,Alessandria,AL,3.59,4.93,7.85,2026-08,immobiliare.it,2026-10-03
Sotto il Monte Giovanni XXIII,16203,Bergamo,BG,4.71,8.38,16.63,2026-08,immobiliare.it,2026-10-03
Palazzago,16156,Bergamo,BG,4.71,8.89,16.63,2026-08,immobiliare.it,2026-10-03
Torrenova,83108,Messina,ME,4.01,7.59,19.98,2026-08,immobiliare.it,2026-10-03
Cigliano,2042,Vercelli,VC,4.29,5.73,14.49,2026-08,immobiliare.it,2026-10-03
Leffe,16124,Bergamo,BG,4.71,6.57,16.63,2026-08,immobiliare.it,2026-10-03
Capri Leone,83010,Messina,ME,4.01,5.78,19.98,2026-08,immobiliare.it,2026-10-03
Arcevia,42003,Ancona,AN,4.67,7.37,10.07,2026-08,immobiliare.it,2026-10-03
Travacò Siccomario,18162,Pavia,PV,5.08,8.41,11.58,2026-08,immobiliare.it,2026-10-03
Calascibetta,86005,Enna,EN,4.01,5.02,5.94,2026-08,immobiliare.it,2026-10-03
Castel Frentano,69018,Chieti,CH,4.58,5.76,9.09,2026-08,immobiliare.it,2026-10-03
Decimoputzu,111013,Sud Sardegna,SU,6.94,10.24,14.11,2026-08,immobiliare.it,2026-10-03
Tribano,28094,Padova,PD,5.18,8.7,14.27,2026-08,immobiliare.it,2026-10-03
Rapolla,76064,Potenza,PZ,4.26,6.17,9.78,2026-08,immobiliare.it,2026-10-03
Sulbiate,108042,Monza e Brianza,MB,8.42,10.57,14.2,2026-08,immobiliare.it,2026-10-03
Veduggio con Colzano,108047,Monza e Brianza,MB,8.42,8.42,14.2,2026-08,immobiliare.it,2026-10-03
Vestone,17197,Brescia,BS,6.27,8.31,20.46,2026-08,immobiliare.it,2026-10-03
Pojana Maggiore,24079,Vicenza,VI,4.38,7.94,28.76,2026-08,immobiliare.it,2026-10-03
Montecchia di Crosara,23049,Verona,VR,5.97,9.56,26.29,2026-08,immobiliare.it,2026-10-03
Cene,16070,Bergamo,BG,4.71,7.39,16.63,2026-08,immobiliare.it,2026-10-03
Vezzano sul Crostolo,35043,Reggio nell'Emilia,RE,4.8,10.51,14.81,2026-08,immobiliare.it,2026-10-03
Bova Marina,80013,Reggio Calabria,RC,3.89,5.61,17.64,2026-08,immobiliare.it,2026-10-03
Sant'Angelo dei Lombardi,64092,Avellino,AV,3.12,4.89,7.83,2026-08,immobiliare.it,2026-10-03
Rovetta,16187,Bergamo,BG,4.71,16.63,16.63,2026-08,immobiliare.it,2026-10-03
Appignano,43003,Macerata,MC,4.55,7.93,11.95,2026-08,immobiliare.it,2026-10-03
Francavilla in Sinni,76034,Potenza,PZ,4.26,6.61,9.78,2026-08,immobiliare.it,2026-10-03
Mazzè,1148,Torino,TO,3.79,6.07,23.85,2026-08,immobiliare.it,2026-10-03
Vertemate con Minoprio,13242,Como,CO,7.49,9.07,21.76,2026-08,immobiliare.it,2026-10-03
Nusco,64066,Avellino,AV,3.12,4.45,7.83,2026-08,immobiliare.it,2026-10-03
Piancastagnaio,52020,Siena,SI,6.28,7.33,11.89,2026-08,immobiliare.it,2026-10-03
Agordo,25001,Belluno,BL,7.87,15.48,30.63,2026-08,immobiliare.it,2026-10-03
Bulgarograsso,13034,Como,CO,7.49,9.54,21.76,2026-08,immobiliare.it,2026-10-03
Medole,20034,Mantova,MN,5.71,7.95,14.82,2026-08,immobiliare.it,2026-10-03
Avio,22007,Trento,TN,7.09,13.57,30.24,2026-08,immobiliare.it,2026-10-03
Castelmassa,29012,Rovigo,RO,5.41,7.45,18.78,2026-08,immobiliare.it,2026-10-03
Rolo,35035,Reggio nell'Emilia,RE,4.8,5.69,14.81,2026-08,immobiliare.it,2026-10-03
Premariacco,30083,Udine,UD,5.84,8.02,18.84,2026-08,immobiliare.it,2026-10-03
Arnesano,75007,Lecce,LE,4.23,4.93,20.76,2026-08,immobiliare.it,2026-10-03
Ballabio,97004,Lecco,LC,6.48,8.32,18.23,2026-08,immobiliare.it,2026-10-03
Venetico,83104,Messina,ME,4.01,5.92,19.98,2026-08,immobiliare.it,2026-10-03
Vasanello,56055,Viterbo,VT,4.07,4.07,19.99,2026-08,immobiliare.it,2026-10-03
Stigliano,77027,Matera,MT,5.02,5.59,9.19,2026-08,immobiliare.it,2026-10-03
Brienza,76013,Potenza,PZ,4.26,5.15,9.78,2026-08,immobiliare.it,2026-10-03
Quarona,2107,Vercelli,VC,4.29,6.77,14.49,2026-08,immobiliare.it,2026-10-03
Talmassons,30114,Udine,UD,5.84,7.5,18.84,2026-08,immobiliare.it,2026-10-03
Collesano,82032,Palermo,PA,3.78,6.45,10.48,2026-08,immobiliare.it,2026-10-03
Vescovato,19113,Cremona,CR,5.86,5.86,12.04,2026-08,immobiliare.it,2026-10-03
Lugagnano Val d'Arda,33026,Piacenza,PC,5.16,5.6,11.62,2026-08,immobiliare.it,2026-10-03
Tertenia,91089,Nuoro,NU,9,9.06,33.22,2026-08,immobiliare.it,2026-10-03
Contigliano,57025,Rieti,RI,4.01,5.98,9.87,2026-08,immobiliare.it,2026-10-03
Grizzana Morandi,37031,Bologna,BO,4.82,6.2,16.59,2026-08,immobiliare.it,2026-10-03
San Martino di Venezze,29044,Rovigo,RO,5.41,8.15,18.78,2026-08,immobiliare.it,2026-10-03
Orsago,26053,Treviso,TV,6.28,8.43,18.46,2026-08,immobiliare.it,2026-10-03
Giano dell'Umbria,54021,Perugia,PG,3.7,4.1,16.34,2026-08,immobiliare.it,2026-10-03
Moliterno,76050,Potenza,PZ,4.26,5.5,9.78,2026-08,immobiliare.it,2026-10-03
Fonni,91024,Nuoro,NU,6.86,14.42,33.22,2026-08,immobiliare.it,2026-10-03
Pernumia,28061,Padova,PD,5.18,9.98,14.27,2026-08,immobiliare.it,2026-10-03
Buddusò,90017,Sassari,SS,6.25,19.35,27.55,2026-08,immobiliare.it,2026-10-03
Oriolo Romano,56041,Viterbo,VT,4.07,5.02,19.99,2026-08,immobiliare.it,2026-10-03
Mondavio,41028,Pesaro e Urbino,PU,4.63,6.76,11.1,2026-08,immobiliare.it,2026-10-03
Cerreto Sannita,62023,Benevento,BN,3.29,7.1,10.84,2026-08,immobiliare.it,2026-10-03
Casalbuttano ed Uniti,19016,Cremona,CR,5.86,6.75,12.04,2026-08,immobiliare.it,2026-10-03
Bienno,17018,Brescia,BS,6.27,9.11,20.46,2026-08,immobiliare.it,2026-10-03
Orsogna,69057,Chieti,CH,4.58,5.85,9.09,2026-08,immobiliare.it,2026-10-03
Salizzole,23068,Verona,VR,5.97,7.74,26.29,2026-08,immobiliare.it,2026-10-03
Oppido Lucano,76056,Potenza,PZ,4.26,5.98,9.78,2026-08,immobiliare.it,2026-10-03
Carasco,10010,Genova,GE,5.07,7.05,32.58,2026-08,immobiliare.it,2026-10-03
Canossa,35018,Reggio nell'Emilia,RE,4.8,8.56,14.81,2026-08,immobiliare.it,2026-10-03
Serra de' Conti,42046,Ancona,AN,4.67,8.24,10.07,2026-08,immobiliare.it,2026-10-03
Gallicano,46015,Lucca,LU,4.29,6.65,27.33,2026-08,immobiliare.it,2026-10-03
Vidor,26090,Treviso,TV,6.28,6.28,18.46,2026-08,immobiliare.it,2026-10-03
Pontelongo,28068,Padova,PD,5.18,5.18,14.27,2026-08,immobiliare.it,2026-10-03
Fauglia,50014,Pisa,PI,6.16,9.43,13.44,2026-08,immobiliare.it,2026-10-03
Naso,83060,Messina,ME,4.01,5.87,19.98,2026-08,immobiliare.it,2026-10-03
Paderno Franciacorta,17130,Brescia,BS,6.27,8.4,20.46,2026-08,immobiliare.it,2026-10-03
Tione di Trento,22199,Trento,TN,7.09,14.96,30.24,2026-08,immobiliare.it,2026-10-03
Masone,10032,Genova,GE,5.07,5.07,32.58,2026-08,immobiliare.it,2026-10-03
Sant'Oreste,58099,Roma,RM,5.44,6.89,19.31,2026-08,immobiliare.it,2026-10-03
Tufino,63085,Napoli,NA,4.24,4.96,37.68,2026-08,immobiliare.it,2026-10-03
Riccò del Golfo di Spezia,11023,La Spezia,SP,6.54,9.11,28.49,2026-08,immobiliare.it,2026-10-03
Diano d'Alba,4080,Cuneo,CN,3.7,7.24,23.11,2026-08,immobiliare.it,2026-10-04
Artogne,17007,Brescia,BS,6.27,8.42,20.46,2026-08,immobiliare.it,2026-10-04
Rotondi,64080,Avellino,AV,3.12,3.12,7.83,2026-08,immobiliare.it,2026-10-04
Neviano degli Arduini,34024,Parma,PR,5.39,7.99,12.5,2026-08,immobiliare.it,2026-10-04
San Vito di Leguzzano,24096,Vicenza,VI,4.38,8.33,28.76,2026-08,immobiliare.it,2026-10-04
Pontecurone,6132,Alessandria,AL,3.59,6.44,7.85,2026-08,immobiliare.it,2026-10-04
Piegaro,54040,Perugia,PG,3.7,6.4,16.34,2026-08,immobiliare.it,2026-10-04
Aci Bonaccorsi,87001,Catania,CT,3.99,8.79,10.7,2026-08,immobiliare.it,2026-10-04
Tribiano,15222,Milano,MI,8.22,11.45,22.55,2026-08,immobiliare.it,2026-10-04
Gagliano Castelferrato,86010,Enna,EN,4.01,5.56,5.94,2026-08,immobiliare.it,2026-10-04
Ghemme,3073,Novara,NO,4.75,7.25,14.5,2026-08,immobiliare.it,2026-10-04
Credaro,16088,Bergamo,BG,4.71,9,16.63,2026-08,immobiliare.it,2026-10-04
Narzole,4147,Cuneo,CN,3.7,5.07,23.11,2026-08,immobiliare.it,2026-10-04
Bono,90012,Sassari,SS,7.04,10.17,13.92,2026-08,immobiliare.it,2026-10-04
Alia,82001,Palermo,PA,3.78,6.44,10.48,2026-08,immobiliare.it,2026-10-04
Bressana Bottarone,18023,Pavia,PV,5.08,5.34,11.58,2026-08,immobiliare.it,2026-10-04
Marano Marchesato,78076,Cosenza,CS,3.48,4.96,26.89,2026-08,immobiliare.it,2026-10-04
Bovolenta,28014,Padova,PD,5.18,7.54,14.27,2026-08,immobiliare.it,2026-10-04
Ardesio,16012,Bergamo,BG,4.71,6.92,16.63,2026-08,immobiliare.it,2026-10-04
Loreo,29030,Rovigo,RO,5.41,7.1,18.78,2026-08,immobiliare.it,2026-10-04
Villarbasse,1302,Torino,TO,3.79,6.91,23.85,2026-08,immobiliare.it,2026-10-04
Beinette,4016,Cuneo,CN,3.7,6.76,23.11,2026-08,immobiliare.it,2026-10-04
Pescaglia,46022,Lucca,LU,4.29,6.7,27.33,2026-08,immobiliare.it,2026-10-04
Ornavasso,103051,Verbano-Cusio-Ossola,VB,4.29,7.41,14.01,2026-08,immobiliare.it,2026-10-04
Valgreghentino,97082,Lecco,LC,6.48,9.35,18.23,2026-08,immobiliare.it,2026-10-04
Marciano della Chiana,51022,Arezzo,AR,4.91,8.54,11.39,2026-08,immobiliare.it,2026-10-04
Gambellara,24043,Vicenza,VI,4.38,8.88,28.76,2026-08,immobiliare.it,2026-10-04
Torrecuso,62076,Benevento,BN,3.29,4.32,10.84,2026-08,immobiliare.it,2026-10-04
Cimadolmo,26017,Treviso,TV,6.28,10.82,18.46,2026-08,immobiliare.it,2026-10-04
Ripalta Cremasca,19081,Cremona,CR,5.86,9.24,12.04,2026-08,immobiliare.it,2026-10-04
Pontida,16171,Bergamo,BG,4.71,11.09,16.63,2026-08,immobiliare.it,2026-10-04
Bonorva,90013,Sassari,SS,7.04,12.04,13.92,2026-08,immobiliare.it,2026-10-04
Carolei,78026,Cosenza,CS,3.48,3.49,26.89,2026-08,immobiliare.it,2026-10-04
Rocca Imperiale,78103,Cosenza,CS,3.48,9.41,26.89,2026-08,immobiliare.it,2026-10-04
Pocapaglia,4170,Cuneo,CN,3.7,7.25,23.11,2026-08,immobiliare.it,2026-10-04
Vernate,15236,Milano,MI,8.22,10.1,22.55,2026-08,immobiliare.it,2026-10-04
Montese,36026,Modena,MO,6.04,6.04,12.59,2026-08,immobiliare.it,2026-10-04
Delebio,14026,Sondrio,SO,6.77,8.36,27.69,2026-08,immobiliare.it,2026-10-04
San Ginesio,43046,Macerata,MC,4.55,7.1,11.95,2026-08,immobiliare.it,2026-10-04
Borgo Tossignano,37007,Bologna,BO,4.82,8.83,16.59,2026-08,immobiliare.it,2026-10-04
Morolo,60045,Frosinone,FR,3.97,5.93,9.37,2026-08,immobiliare.it,2026-10-04
Castellana Sicula,82024,Palermo,PA,3.78,5.17,10.48,2026-08,immobiliare.it,2026-10-04
Miane,26042,Treviso,TV,6.28,6.73,18.46,2026-08,immobiliare.it,2026-10-04
Coazze,1089,Torino,TO,3.79,7.04,23.85,2026-08,immobiliare.it,2026-10-04
Sesto ed Uniti,19095,Cremona,CR,5.86,6.75,12.04,2026-08,immobiliare.it,2026-10-04
Caronia,83011,Messina,ME,4.01,4.01,19.98,2026-08,immobiliare.it,2026-10-04
Castel Ritaldi,54008,Perugia,PG,3.7,5.07,16.34,2026-08,immobiliare.it,2026-10-04
Gaggi,83029,Messina,ME,4.01,8.44,19.98,2026-08,immobiliare.it,2026-10-04
Oschiri,90049,Sassari,SS,6.25,11.99,27.55,2026-08,immobiliare.it,2026-10-04
Sogliano al Rubicone,40046,Forli'-Cesena,FC,6.45,11.1,17.31,2026-08,immobiliare.it,2026-10-04
Senna Comasco,13212,Como,CO,7.49,11.09,21.76,2026-08,immobiliare.it,2026-10-04
Narcao,111044,Sud Sardegna,SU,6.54,6.79,10.95,2026-08,immobiliare.it,2026-10-04
Moscufo,68025,Pescara,PE,4.84,6.35,10.84,2026-08,immobiliare.it,2026-10-04
Fonzaso,25022,Belluno,BL,7.87,8.65,30.63,2026-08,immobiliare.it,2026-10-04
Tolve,76090,Potenza,PZ,4.26,5.83,9.78,2026-08,immobiliare.it,2026-10-04
Jerzu,91035,Nuoro,NU,9,9.05,33.22,2026-08,immobiliare.it,2026-10-04
Corno di Rosazzo,30030,Udine,UD,5.84,8.39,18.84,2026-08,immobiliare.it,2026-10-04
Patrica,60048,Frosinone,FR,3.97,6.23,9.37,2026-08,immobiliare.it,2026-10-04
Malonno,17101,Brescia,BS,6.27,7.53,20.46,2026-08,immobiliare.it,2026-10-04
Quero Vas,25070,Belluno,BL,6.83,6.83,6.83,2026-10,realadvisor.it,2026-10-04
Decollatura,79043,Catanzaro,CZ,4.31,8.11,25.11,2026-08,immobiliare.it,2026-10-04
Sospirolo,25056,Belluno,BL,7.87,10.2,30.63,2026-08,immobiliare.it,2026-10-04
Filago,16098,Bergamo,BG,4.71,9.9,16.63,2026-08,immobiliare.it,2026-10-04
Villagrande Strisaili,91101,Nuoro,NU,9,9.61,33.22,2026-08,immobiliare.it,2026-10-04
Tornimparte,66101,L'Aquila,AQ,4.92,7.52,24.57,2026-08,immobiliare.it,2026-10-04
Maleo,98035,Lodi,LO,5.33,6.73,11.5,2026-08,immobiliare.it,2026-10-04
Sospiro,19099,Cremona,CR,5.86,5.86,12.04,2026-08,immobiliare.it,2026-10-04
Buguggiate,12025,Varese,VA,7.3,12.02,14.05,2026-08,immobiliare.it,2026-10-04
Ripalimosani,70059,Campobasso,CB,4.47,7,17.77,2026-08,immobiliare.it,2026-10-04
Licodia Eubea,87020,Catania,CT,3.99,4.28,10.7,2026-08,immobiliare.it,2026-10-04
Saludecio,99015,Rimini,RN,7.12,10.14,20.54,2026-08,immobiliare.it,2026-10-04
Dresano,15101,Milano,MI,8.22,11.42,22.55,2026-08,immobiliare.it,2026-10-04
Serle,17178,Brescia,BS,6.27,8.9,20.46,2026-08,immobiliare.it,2026-10-04
Volano,22224,Trento,TN,7.09,10.92,30.24,2026-08,immobiliare.it,2026-10-04
Serrone,60071,Frosinone,FR,3.97,5.76,9.37,2026-08,immobiliare.it,2026-10-04
Sorgà,23084,Verona,VR,5.97,9.35,26.29,2026-08,immobiliare.it,2026-10-04
Casalincontrada,69016,Chieti,CH,4.58,6.79,9.09,2026-08,immobiliare.it,2026-10-04
Torre de' Passeri,68043,Pescara,PE,4.84,8.08,10.84,2026-08,immobiliare.it,2026-10-04
Canepina,56011,Viterbo,VT,4.07,5.74,19.99,2026-08,immobiliare.it,2026-10-04
Villafranca d'Asti,5117,Asti,AT,4.03,5.03,7.65,2026-08,immobiliare.it,2026-10-04
Nissoria,86013,Enna,EN,4.01,5.33,5.94,2026-08,immobiliare.it,2026-10-04
Villanterio,18180,Pavia,PV,5.08,5.75,11.58,2026-08,immobiliare.it,2026-10-04
Carbonate,13045,Como,CO,7.49,10.13,21.76,2026-08,immobiliare.it,2026-10-04
Prata Camportaccio,14054,Sondrio,SO,6.77,8.77,27.69,2026-08,immobiliare.it,2026-10-04
Torrazza Piemonte,1273,Torino,TO,3.79,6.38,23.85,2026-08,immobiliare.it,2026-10-04
Cavedine,22053,Trento,TN,7.09,10.67,30.24,2026-08,immobiliare.it,2026-10-04
San Giorgio La Molara,62059,Benevento,BN,3.29,4.87,10.84,2026-08,immobiliare.it,2026-10-04
Cassine,6043,Alessandria,AL,3.59,5.45,7.85,2026-08,immobiliare.it,2026-10-04
Campofranco,85005,Caltanissetta,CL,3.8,5.43,7.27,2026-08,immobiliare.it,2026-10-04
Buseto Palizzolo,81002,Trapani,TP,5.28,6.3,13.45,2026-08,immobiliare.it,2026-10-04
Cunardo,12060,Varese,VA,7.3,10.32,14.05,2026-08,immobiliare.it,2026-10-04
Castegnero,24027,Vicenza,VI,4.38,7.48,28.76,2026-08,immobiliare.it,2026-10-04
Villafalletto,4244,Cuneo,CN,3.7,6.92,23.11,2026-08,immobiliare.it,2026-10-04
Thiesi,90071,Sassari,SS,7.04,9.78,13.92,2026-08,immobiliare.it,2026-10-04
Amendolara,78011,Cosenza,CS,3.48,9.32,26.89,2026-08,immobiliare.it,2026-10-04
Mormanno,78084,Cosenza,CS,3.48,13.32,26.89,2026-08,immobiliare.it,2026-10-04
Gemonio,12074,Varese,VA,7.3,7.53,14.05,2026-08,immobiliare.it,2026-10-04
Samolaco,14057,Sondrio,SO,6.77,8.84,27.69,2026-08,immobiliare.it,2026-10-04
Lettomanoppello,68020,Pescara,PE,4.84,8.2,10.84,2026-08,immobiliare.it,2026-10-04
Acquanegra sul Chiese,20001,Mantova,MN,5.71,6.81,14.82,2026-08,immobiliare.it,2026-10-04
Osoppo,30066,Udine,UD,5.84,6.2,18.84,2026-08,immobiliare.it,2026-10-04
Campo Ligure,10008,Genova,GE,5.07,5.07,32.58,2026-08,immobiliare.it,2026-10-04
Turriaco,31024,Gorizia,GO,8.09,10.88,12.03,2026-08,immobiliare.it,2026-10-04
Torpè,91094,Nuoro,NU,21.94,21.94,21.94,2026-08,immobiliare.it,2026-10-04
Ragogna,30087,Udine,UD,5.84,6.64,18.84,2026-08,immobiliare.it,2026-10-04
Monteviale,24066,Vicenza,VI,4.38,9.26,28.76,2026-08,immobiliare.it,2026-10-04
Monte Porzio,41038,Pesaro e Urbino,PU,4.63,9.71,11.1,2026-08,immobiliare.it,2026-10-04
Vercurago,97086,Lecco,LC,6.48,10.67,18.23,2026-08,immobiliare.it,2026-10-04
Carlino,30018,Udine,UD,5.84,7.61,18.84,2026-08,immobiliare.it,2026-10-04
Crecchio,69027,Chieti,CH,4.58,6,9.09,2026-08,immobiliare.it,2026-10-04
Falcone,83019,Messina,ME,4.01,4.63,19.98,2026-08,immobiliare.it,2026-10-04
Suno,3143,Novara,NO,4.75,7.51,14.5,2026-08,immobiliare.it,2026-10-04
Gruaro,27018,Venezia,VE,6.82,8.4,25.88,2026-08,immobiliare.it,2026-10-04
Montecalvo in Foglia,41030,Pesaro e Urbino,PU,4.63,6.27,11.1,2026-08,immobiliare.it,2026-10-04
Zandobbio,16244,Bergamo,BG,4.71,9.53,16.63,2026-08,immobiliare.it,2026-10-04
Orsenigo,13170,Como,CO,7.49,10.2,21.76,2026-08,immobiliare.it,2026-10-04
Chiusa Sclafani,82029,Palermo,PA,3.78,5.96,10.48,2026-08,immobiliare.it,2026-10-04
Biccari,71006,Foggia,FG,5.09,6.61,10.55,2026-08,immobiliare.it,2026-10-04
Nulvi,90046,Sassari,SS,7.04,9.73,13.92,2026-08,immobiliare.it,2026-10-04
Arzago d'Adda,16013,Bergamo,BG,4.71,9.27,16.63,2026-08,immobiliare.it,2026-10-04
Castignano,44012,ASCOLI PICENO,AP,4.94,5.25,11.08,2026-08,immobiliare.it,2026-10-04
Fossato di Vico,54019,Perugia,PG,3.7,3.7,16.34,2026-08,immobiliare.it,2026-10-04
Polpenazze del Garda,17145,Brescia,BS,6.27,12.91,20.46,2026-08,immobiliare.it,2026-10-04
Golasecca,12077,Varese,VA,7.3,9.4,14.05,2026-08,immobiliare.it,2026-10-04
Valmorea,13232,Como,CO,7.49,9.7,21.76,2026-08,immobiliare.it,2026-10-04
Castell'Alfero,5025,Asti,AT,4.03,4.91,7.65,2026-08,immobiliare.it,2026-10-04
Orsara di Puglia,71035,Foggia,FG,5.09,7.14,10.55,2026-08,immobiliare.it,2026-10-04
Besenello,22013,Trento,TN,7.09,11.36,30.24,2026-08,immobiliare.it,2026-10-04
Alvito,60004,Frosinone,FR,3.97,4.76,9.37,2026-08,immobiliare.it,2026-10-04
Valbrona,13229,Como,CO,7.49,9.23,21.76,2026-08,immobiliare.it,2026-10-04
Badia Calavena,23005,Verona,VR,5.97,5.97,26.29,2026-08,immobiliare.it,2026-10-04
Casalvieri,60018,Frosinone,FR,3.97,3.97,9.37,2026-08,immobiliare.it,2026-10-04
San Fili,78116,Cosenza,CS,3.48,7.51,26.89,2026-08,immobiliare.it,2026-10-04
Castel San Niccolò,51010,Arezzo,AR,4.91,6.51,11.39,2026-08,immobiliare.it,2026-10-04
Lurago Marinone,13137,Como,CO,7.49,11.27,21.76,2026-08,immobiliare.it,2026-10-04
Dolcè,23031,Verona,VR,10.68,10.68,10.68,2026-08,immobiliare.it,2026-10-04
Villa Santa Lucia,60089,Frosinone,FR,3.97,4.49,9.37,2026-08,immobiliare.it,2026-10-04
Cesinali,64026,Avellino,AV,3.12,6.95,7.83,2026-08,immobiliare.it,2026-10-04
Villaspeciosa,111107,Sud Sardegna,SU,6.94,8.78,14.11,2026-08,immobiliare.it,2026-10-04
Ceresara,20019,Mantova,MN,5.71,7.54,14.82,2026-08,immobiliare.it,2026-10-04
Alice Castello,2004,Vercelli,VC,4.29,7.19,14.49,2026-08,immobiliare.it,2026-10-04
Tocco da Casauria,68042,Pescara,PE,4.84,9.2,10.84,2026-08,immobiliare.it,2026-10-04
Pozzomaggiore,90059,Sassari,SS,7.04,9.51,13.92,2026-08,immobiliare.it,2026-10-04
Santa Fiora,53022,Grosseto,GR,6.41,9.84,32.03,2026-08,immobiliare.it,2026-10-04
Urbisaglia,43055,Macerata,MC,4.55,9.09,11.95,2026-08,immobiliare.it,2026-10-04
Vallerano,56054,Viterbo,VT,4.07,6.08,19.99,2026-08,immobiliare.it,2026-10-04
Porpetto,30077,Udine,UD,5.84,7.61,18.84,2026-08,immobiliare.it,2026-10-04
Chiuro,14020,Sondrio,SO,6.77,9.47,27.69,2026-08,immobiliare.it,2026-10-04
Stilo,80092,Reggio Calabria,RC,3.89,17.64,17.64,2026-08,immobiliare.it,2026-10-04
Sant'Elena,28083,Padova,PD,5.18,7.3,14.27,2026-08,immobiliare.it,2026-10-04
Pressana,23061,Verona,VR,5.97,7.62,26.29,2026-08,immobiliare.it,2026-10-04
Ziano Piacentino,33048,Piacenza,PC,5.16,5.54,11.62,2026-08,immobiliare.it,2026-10-04
Pieve Ligure,10043,Genova,GE,5.07,14.78,32.58,2026-08,immobiliare.it,2026-10-04
Donnas,7023,Valle d'Aosta/Vallée d'Aoste,AO,5.94,11.97,35.85,2026-08,immobiliare.it,2026-10-04
Momo,3100,Novara,NO,4.75,7.99,14.5,2026-08,immobiliare.it,2026-10-04
Nuraminis,111047,Sud Sardegna,SU,6.94,9.79,14.11,2026-08,immobiliare.it,2026-10-04
Torre de' Roveri,16216,Bergamo,BG,4.71,8.54,16.63,2026-08,immobiliare.it,2026-10-04
Miglionico,77015,Matera,MT,5.02,8.84,9.19,2026-08,immobiliare.it,2026-10-04
Moconesi,10036,Genova,GE,5.07,6.29,32.58,2026-08,immobiliare.it,2026-10-04
Monteodorisio,69055,Chieti,CH,4.58,7.52,9.09,2026-08,immobiliare.it,2026-10-04
Galtellì,91027,Nuoro,NU,6.86,33.21,33.22,2026-08,immobiliare.it,2026-10-04
Seren del Grappa,25055,Belluno,BL,7.87,8.65,30.63,2026-08,immobiliare.it,2026-10-04
Bussi sul Tirino,68005,Pescara,PE,4.84,8.29,10.84,2026-08,immobiliare.it,2026-10-04
Calendasco,33008,Piacenza,PC,5.16,6.91,11.62,2026-08,immobiliare.it,2026-10-04
Valfenera,5112,Asti,AT,4.03,5.53,7.65,2026-08,immobiliare.it,2026-10-04
Barzago,97005,Lecco,LC,6.48,7.82,18.23,2026-08,immobiliare.it,2026-10-04
Oltrona di San Mamette,13169,Como,CO,7.49,12.27,21.76,2026-08,immobiliare.it,2026-10-04
Soriano Calabro,102040,VIBO VALENTIA,VV,4.31,7.22,19.78,2026-08,immobiliare.it,2026-10-04
Monguzzo,13153,Como,CO,7.49,10.06,21.76,2026-08,immobiliare.it,2026-10-04
Solarussa,95062,Oristano,OR,8.35,8.81,13.24,2026-08,immobiliare.it,2026-10-04
Colle Sannita,62025,Benevento,BN,3.29,4.73,10.84,2026-08,immobiliare.it,2026-10-04
Angolo Terme,17006,Brescia,BS,6.27,9.03,20.46,2026-08,immobiliare.it,2026-10-04
Longobardi,78067,Cosenza,CS,3.48,3.48,26.89,2026-08,immobiliare.it,2026-10-04
Sanfront,4209,Cuneo,CN,3.7,4.06,23.11,2026-08,immobiliare.it,2026-10-04
Santu Lussurgiu,95049,Oristano,OR,8.35,11.57,13.24,2026-08,immobiliare.it,2026-10-04
Domegge di Cadore,25018,Belluno,BL,7.87,16.87,30.63,2026-08,immobiliare.it,2026-10-04
Maltignano,44027,ASCOLI PICENO,AP,4.94,5.5,11.08,2026-08,immobiliare.it,2026-10-04
Cembra Lisignago,22241,Trento,TN,7.09,11.38,30.24,2026-08,immobiliare.it,2026-10-04
Cerchiara di Calabria,78036,Cosenza,CS,3.48,9.58,26.89,2026-08,immobiliare.it,2026-10-04
Telti,90080,Sassari,SS,6.25,12.26,27.55,2026-08,immobiliare.it,2026-10-04
Calabritto,64014,Avellino,AV,3.12,5.42,7.83,2026-08,immobiliare.it,2026-10-04
Santa Maria la Longa,30104,Udine,UD,5.84,8.25,18.84,2026-08,immobiliare.it,2026-10-04
Satriano di Lucania,76083,Potenza,PZ,4.26,5.29,9.78,2026-08,immobiliare.it,2026-10-04
Fombio,98026,Lodi,LO,5.33,8.98,11.5,2026-08,immobiliare.it,2026-10-04
Castorano,44013,ASCOLI PICENO,AP,4.94,5.82,11.08,2026-08,immobiliare.it,2026-10-04
Pietradefusi,64072,Avellino,AV,3.12,4.95,7.83,2026-08,immobiliare.it,2026-10-04
Montegrosso d'Asti,5076,Asti,AT,4.03,4.68,7.65,2026-08,immobiliare.it,2026-10-04
Ceraso,65040,Salerno,SA,4.77,11.11,12.18,2026-08,immobiliare.it,2026-10-04
Annone di Brianza,97003,Lecco,LC,6.48,8.72,18.23,2026-08,immobiliare.it,2026-10-04
Santa Maria della Versa,18143,Pavia,PV,5.08,6.95,11.58,2026-08,immobiliare.it,2026-10-04
Teglio Veneto,27040,Venezia,VE,6.82,8.4,25.88,2026-08,immobiliare.it,2026-10-04
Castelcucco,26011,Treviso,TV,6.28,8,18.46,2026-08,immobiliare.it,2026-10-04
Villamagna,69101,Chieti,CH,4.58,7.19,9.09,2026-08,immobiliare.it,2026-10-04
Novi Velia,65080,Salerno,SA,4.77,9.92,12.18,2026-08,immobiliare.it,2026-10-04
Petritoli,109031,Fermo,FM,5.11,5.45,10.04,2026-08,immobiliare.it,2026-10-04
Desulo,91016,Nuoro,NU,6.86,14.05,33.22,2026-08,immobiliare.it,2026-10-04
Cortemilia,4073,Cuneo,CN,3.7,6.53,23.11,2026-08,immobiliare.it,2026-10-04
Servigliano,109038,Fermo,FM,5.11,5.48,10.04,2026-08,immobiliare.it,2026-10-04
Ottana,91070,Nuoro,NU,6.86,12.73,33.22,2026-08,immobiliare.it,2026-10-04
Primaluna,97070,Lecco,LC,6.48,8.06,18.23,2026-08,immobiliare.it,2026-10-04
Auletta,65012,Salerno,SA,4.77,7.37,12.18,2026-08,immobiliare.it,2026-10-04
Filattiera,45006,Massa-Carrara,MS,6.18,8.2,16.41,2026-08,immobiliare.it,2026-10-04
Sternatia,75080,Lecce,LE,4.23,7.7,20.76,2026-08,immobiliare.it,2026-10-04
Adrara San Martino,16001,Bergamo,BG,4.71,6.4,16.63,2026-08,immobiliare.it,2026-10-04
Binetto,72008,Bari,BA,4.5,6.46,14.29,2026-08,immobiliare.it,2026-10-04
Possagno,26061,Treviso,TV,6.28,8,18.46,2026-08,immobiliare.it,2026-10-04
Aiello del Friuli,30001,Udine,UD,5.84,8.53,18.84,2026-08,immobiliare.it,2026-10-04
Pianello Val Tidone,33033,Piacenza,PC,5.16,5.16,11.62,2026-08,immobiliare.it,2026-10-04
Sequals,93042,Pordenone,PN,5.19,5.86,11.04,2026-08,immobiliare.it,2026-10-04
Pontecchio Polesine,29038,Rovigo,RO,5.41,7.77,18.78,2026-08,immobiliare.it,2026-10-04
Trasaghis,30124,Udine,UD,5.84,8.27,18.84,2026-08,immobiliare.it,2026-10-04
Villa Estense,28102,Padova,PD,5.18,8.58,14.27,2026-08,immobiliare.it,2026-10-04
Apiro,43002,Macerata,MC,4.55,5.78,11.95,2026-08,immobiliare.it,2026-10-04
Montefredane,64055,Avellino,AV,3.12,5.25,7.83,2026-08,immobiliare.it,2026-10-04
Colloredo di Monte Albano,30028,Udine,UD,5.84,6.2,18.84,2026-08,immobiliare.it,2026-10-04
Durazzano,62028,Benevento,BN,3.29,8.03,10.84,2026-08,immobiliare.it,2026-10-04
Pollutri,69068,Chieti,CH,4.58,6.05,9.09,2026-08,immobiliare.it,2026-10-04
Coseano,30031,Udine,UD,5.84,7.13,18.84,2026-08,immobiliare.it,2026-10-04
Montalbano Elicona,83057,Messina,ME,4.01,4.64,19.98,2026-08,immobiliare.it,2026-10-04
Corneliano d'Alba,4072,Cuneo,CN,3.7,7.44,23.11,2026-08,immobiliare.it,2026-10-04
Santo Stefano del Sole,64095,Avellino,AV,3.12,6.07,7.83,2026-08,immobiliare.it,2026-10-04
Nurri,111048,Sud Sardegna,SU,6.94,9.42,14.11,2026-08,immobiliare.it,2026-10-04
San Pietro al Natisone,30103,Udine,UD,5.84,8.52,18.84,2026-08,immobiliare.it,2026-10-04
Camporgiano,46006,Lucca,LU,4.29,6.6,27.33,2026-08,immobiliare.it,2026-10-04
Piandimeleto,41047,Pesaro e Urbino,PU,4.63,6.27,11.1,2026-08,immobiliare.it,2026-10-04
Castiglion Fibocchi,51011,Arezzo,AR,4.91,8.72,11.39,2026-08,immobiliare.it,2026-10-04
Montefiorino,36025,Modena,MO,6.04,7.13,12.59,2026-08,immobiliare.it,2026-10-04
Pontelandolfo,62054,Benevento,BN,3.29,4.62,10.84,2026-08,immobiliare.it,2026-10-04
Calestano,34008,Parma,PR,5.39,8.51,12.5,2026-08,immobiliare.it,2026-10-04
Lierna,97043,Lecco,LC,6.48,11.95,18.23,2026-08,immobiliare.it,2026-10-04
Pollone,96046,Biella,BI,3.86,6.76,7.65,2026-08,immobiliare.it,2026-10-04
Grottole,77012,Matera,MT,5.02,8.84,9.19,2026-08,immobiliare.it,2026-10-04
Tizzano Val Parma,34039,Parma,PR,5.39,7.88,12.5,2026-08,immobiliare.it,2026-10-04
San Lorenzo Maggiore,62062,Benevento,BN,3.29,4.41,10.84,2026-08,immobiliare.it,2026-10-04
Torreano,30122,Udine,UD,5.84,6.71,18.84,2026-08,immobiliare.it,2026-10-04
Viganò,97090,Lecco,LC,6.48,10.44,18.23,2026-08,immobiliare.it,2026-10-04
Caprie,1055,Torino,TO,3.79,5.1,23.85,2026-08,immobiliare.it,2026-10-04
Platania,79099,Catanzaro,CZ,4.31,7.92,25.11,2026-08,immobiliare.it,2026-10-04
Serina,16199,Bergamo,BG,4.71,8.15,16.63,2026-08,immobiliare.it,2026-10-04
Sedilo,95052,Oristano,OR,8.35,13.12,13.24,2026-08,immobiliare.it,2026-10-04
Besate,15022,Milano,MI,8.22,9.3,22.55,2026-08,immobiliare.it,2026-10-04
Montalto delle Marche,44032,ASCOLI PICENO,AP,4.94,6.68,11.08,2026-08,immobiliare.it,2026-10-04
Montefiore dell'Aso,44036,ASCOLI PICENO,AP,4.94,4.94,11.08,2026-08,immobiliare.it,2026-10-04
Castelluccio Inferiore,76022,Potenza,PZ,4.26,7.46,9.78,2026-08,immobiliare.it,2026-10-04
Portacomaro,5087,Asti,AT,4.03,4.15,7.65,2026-08,immobiliare.it,2026-10-04
Offagna,42033,Ancona,AN,4.67,7.16,10.07,2026-08,immobiliare.it,2026-10-04
Rapagnano,109035,Fermo,FM,5.11,5.33,10.04,2026-08,immobiliare.it,2026-10-04
Ronchis,30097,Udine,UD,5.84,8,18.84,2026-08,immobiliare.it,2026-10-04
Altare,9005,Savona,SV,5.11,10.01,26.1,2026-08,immobiliare.it,2026-10-04
Entratico,16094,Bergamo,BG,4.71,9.09,16.63,2026-08,immobiliare.it,2026-10-04
San Pietro Mosezzo,3135,Novara,NO,4.75,8.73,14.5,2026-08,immobiliare.it,2026-10-04
Macerata Feltria,41023,Pesaro e Urbino,PU,4.63,6.3,11.1,2026-08,immobiliare.it,2026-10-04
Priocca,4176,Cuneo,CN,3.7,5.42,23.11,2026-08,immobiliare.it,2026-10-04
Palazzo Adriano,82052,Palermo,PA,3.78,6.24,10.48,2026-08,immobiliare.it,2026-10-04
Sant'Urbano,28084,Padova,PD,5.18,8.05,14.27,2026-08,immobiliare.it,2026-10-04
Tonara,91093,Nuoro,NU,6.86,13.98,33.22,2026-08,immobiliare.it,2026-10-04
Gordona,14032,Sondrio,SO,6.77,9.05,27.69,2026-08,immobiliare.it,2026-10-04
Tresana,45015,Massa-Carrara,MS,6.18,6.89,16.41,2026-08,immobiliare.it,2026-10-04
Borghetto di Borbera,6018,Alessandria,AL,3.59,4.34,7.85,2026-08,immobiliare.it,2026-10-04
Monvalle,12104,Varese,VA,7.3,10.56,14.05,2026-08,immobiliare.it,2026-10-04
Telve,22188,Trento,TN,7.09,10.17,30.24,2026-08,immobiliare.it,2026-10-04
Porano,55028,Terni,TR,4.08,6.6,7.44,2026-08,immobiliare.it,2026-10-04
Premosello-Chiovenda,103057,Verbano-Cusio-Ossola,VB,4.29,7.45,14.01,2026-08,immobiliare.it,2026-10-04
Rivarolo del Re ed Uniti,19083,Cremona,CR,5.86,6.9,12.04,2026-08,immobiliare.it,2026-10-04
Zungri,102050,VIBO VALENTIA,VV,4.31,13.57,19.78,2026-08,immobiliare.it,2026-10-04
San Sebastiano da Po,1253,Torino,TO,3.79,5.87,23.85,2026-08,immobiliare.it,2026-10-04
Silvano d'Orba,6162,Alessandria,AL,3.59,5.36,7.85,2026-08,immobiliare.it,2026-10-04
San Michele Mondovì,4210,Cuneo,CN,3.7,6.89,23.11,2026-08,immobiliare.it,2026-10-04
San Giovanni in Croce,19090,Cremona,CR,5.86,6.36,12.04,2026-08,immobiliare.it,2026-10-04
Longone al Segrino,13134,Como,CO,7.49,10.61,21.76,2026-08,immobiliare.it,2026-10-04
Piobbico,41049,Pesaro e Urbino,PU,4.63,6.2,11.1,2026-08,immobiliare.it,2026-10-04
Villaga,24117,Vicenza,VI,4.38,7.33,28.76,2026-08,immobiliare.it,2026-10-04
Clivio,12052,Varese,VA,7.3,10.71,14.05,2026-08,immobiliare.it,2026-10-04
Gavignano,58041,Roma,RM,5.44,6.14,19.31,2026-08,immobiliare.it,2026-10-04
Parona,18109,Pavia,PV,5.08,7.16,11.58,2026-08,immobiliare.it,2026-10-04
San Valentino in Abruzzo Citeriore,68038,Pescara,PE,4.84,8.57,10.84,2026-08,immobiliare.it,2026-10-04
Calvello,76015,Potenza,PZ,4.26,4.95,9.78,2026-08,immobiliare.it,2026-10-04
Grottolella,64039,Avellino,AV,3.12,4.89,7.83,2026-08,immobiliare.it,2026-10-04
Sant'Agata di Puglia,71052,Foggia,FG,5.09,7.07,10.55,2026-08,immobiliare.it,2026-10-04
Quadrelle,64076,Avellino,AV,3.12,3.42,7.83,2026-08,immobiliare.it,2026-10-04
Castel d'Aiano,37013,Bologna,BO,4.82,6.04,16.59,2026-08,immobiliare.it,2026-10-04
Prato Sesia,3122,Novara,NO,4.75,5.99,14.5,2026-08,immobiliare.it,2026-10-04
Casale Cremasco-Vidolasco,19017,Cremona,CR,5.86,9.53,12.04,2026-08,immobiliare.it,2026-10-04
Canzano,67009,Teramo,TE,4.28,4.28,13.24,2026-08,immobiliare.it,2026-10-04
Ceto,17050,Brescia,BS,6.27,9.11,20.46,2026-08,immobiliare.it,2026-10-04
Villanova Monferrato,6185,Alessandria,AL,3.59,4.37,7.85,2026-08,immobiliare.it,2026-10-04
Alcara li Fusi,83001,Messina,ME,4.01,5.43,19.98,2026-08,immobiliare.it,2026-10-04
Fratta Todina,54020,Perugia,PG,3.7,6.7,16.34,2026-08,immobiliare.it,2026-10-04
Morro d'Alba,42031,Ancona,AN,4.67,5.77,10.07,2026-08,immobiliare.it,2026-10-04
Filandari,102012,VIBO VALENTIA,VV,4.31,4.31,19.78,2026-08,immobiliare.it,2026-10-04
Torchiara,65147,Salerno,SA,4.77,7.48,12.18,2026-08,immobiliare.it,2026-10-04
Rocca San Casciano,40036,Forli'-Cesena,FC,6.45,6.45,17.31,2026-08,immobiliare.it,2026-10-04
Vetto,35042,Reggio nell'Emilia,RE,4.8,8.58,14.81,2026-08,immobiliare.it,2026-10-04
Bagnolo del Salento,75008,Lecce,LE,4.23,5.97,20.76,2026-08,immobiliare.it,2026-10-04
Bagnone,45002,Massa-Carrara,MS,6.18,6.89,16.41,2026-08,immobiliare.it,2026-10-04
Rocchetta Sant'Antonio,71042,Foggia,FG,5.09,7.14,10.55,2026-08,immobiliare.it,2026-10-04
Cercenasco,1071,Torino,TO,3.79,7.53,23.85,2026-08,immobiliare.it,2026-10-04
Melizzano,62039,Benevento,BN,3.29,6.54,10.84,2026-08,immobiliare.it,2026-10-04
Benetutti,90008,Sassari,SS,7.04,7.04,13.92,2026-08,immobiliare.it,2026-10-04
La Cassa,1126,Torino,TO,3.79,7.98,23.85,2026-08,immobiliare.it,2026-10-04
Coggiola,96019,Biella,BI,3.86,4.14,7.65,2026-08,immobiliare.it,2026-10-04
Caraffa di Catanzaro,79017,Catanzaro,CZ,4.31,6.4,25.11,2026-08,immobiliare.it,2026-10-04
Gioia dei Marsi,66046,L'Aquila,AQ,4.92,11.48,24.57,2026-08,immobiliare.it,2026-10-04
Jelsi,70030,Campobasso,CB,4.47,7.14,17.77,2026-08,immobiliare.it,2026-10-04
Montegaldella,24065,Vicenza,VI,4.38,8.17,28.76,2026-08,immobiliare.it,2026-10-04
Geraci Siculo,82037,Palermo,PA,3.78,5.9,10.48,2026-08,immobiliare.it,2026-10-04
Crespino,29019,Rovigo,RO,5.41,7.36,18.78,2026-08,immobiliare.it,2026-10-04
Farigliano,4086,Cuneo,CN,3.7,3.84,23.11,2026-08,immobiliare.it,2026-10-04
Barisciano,66009,L'Aquila,AQ,4.92,8.12,24.57,2026-08,immobiliare.it,2026-10-04
Solignano,34035,Parma,PR,5.39,7.59,12.5,2026-08,immobiliare.it,2026-10-04
Casalbore,64020,Avellino,AV,3.12,4.74,7.83,2026-08,immobiliare.it,2026-10-04
Melara,29032,Rovigo,RO,5.41,8.85,18.78,2026-08,immobiliare.it,2026-10-04
Colle Brianza,97024,Lecco,LC,6.48,8.25,18.23,2026-08,immobiliare.it,2026-10-04
Appignano del Tronto,44005,ASCOLI PICENO,AP,4.94,6.69,11.08,2026-08,immobiliare.it,2026-10-04
Tigliole,5108,Asti,AT,4.03,5.52,7.65,2026-08,immobiliare.it,2026-10-04
Civitella Casanova,68014,Pescara,PE,4.84,6.71,10.84,2026-08,immobiliare.it,2026-10-04
Ronago,13199,Como,CO,7.49,10.6,21.76,2026-08,immobiliare.it,2026-10-04
Monterchi,51024,Arezzo,AR,5.71,6.66,14.82,2026-08,immobiliare.it,2026-10-04
San Martino dall'Argine,20059,Mantova,MN,4.91,9.37,11.39,2026-08,immobiliare.it,2026-10-04
Laurenzana,76041,Potenza,PZ,4.26,4.26,9.78,2026-08,immobiliare.it,2026-10-04
Caldarola,43006,Macerata,MC,4.55,4.84,11.95,2026-08,immobiliare.it,2026-10-04
Treppo Grande,30126,Udine,UD,5.84,5.84,18.84,2026-08,immobiliare.it,2026-10-04
Casto,17044,Brescia,BS,6.27,8,20.46,2026-08,immobiliare.it,2026-10-04
Lodrino,17090,Brescia,BS,6.27,7.91,20.46,2026-08,immobiliare.it,2026-10-04
Campoli Appennino,60016,Frosinone,FR,3.97,5.07,9.37,2026-08,immobiliare.it,2026-10-04
Brenta,12019,Varese,VA,7.3,8.28,14.05,2026-08,immobiliare.it,2026-10-04
Cuvio,12063,Varese,VA,7.3,7.3,14.05,2026-08,immobiliare.it,2026-10-04
Roccamontepiano,69073,Chieti,CH,4.58,7.77,9.09,2026-08,immobiliare.it,2026-10-04
Montappone,109013,Fermo,FM,5.11,5.41,10.04,2026-08,immobiliare.it,2026-10-04
Ponzano di Fermo,109032,Fermo,FM,5.11,5.69,10.04,2026-08,immobiliare.it,2026-10-04
Campoli del Monte Taburno,62014,Benevento,BN,3.29,5.75,10.84,2026-08,immobiliare.it,2026-10-04
Caslino d'Erba,13052,Como,CO,7.49,9.16,21.76,2026-08,immobiliare.it,2026-10-04
Albiano d'Ivrea,1004,Torino,TO,3.79,5.92,23.85,2026-08,immobiliare.it,2026-10-04
Montù Beccaria,18100,Pavia,PV,5.08,7.04,11.58,2026-08,immobiliare.it,2026-10-04
Aquilonia,64004,Avellino,AV,3.12,4.88,7.83,2026-08,immobiliare.it,2026-10-04
Lodè,91041,Nuoro,NU,21.12,21.12,21.12,2026-08,immobiliare.it,2026-10-04
Roddi,4194,Cuneo,CN,3.7,8.06,23.11,2026-08,immobiliare.it,2026-10-04
Cremeno,97029,Lecco,LC,6.48,10.11,18.23,2026-08,immobiliare.it,2026-10-04
Cambiasca,103015,Verbano-Cusio-Ossola,VB,4.29,11.24,14.01,2026-08,immobiliare.it,2026-10-04
Sorgono,91086,Nuoro,NU,6.86,13.17,33.22,2026-08,immobiliare.it,2026-10-04
Polinago,36032,Modena,MO,6.04,7.42,12.59,2026-08,immobiliare.it,2026-10-04
Altavalle,22235,Trento,TN,7.09,9.39,30.24,2026-08,immobiliare.it,2026-10-04
Sagliano Micca,96056,Biella,BI,3.86,6.09,7.65,2026-08,immobiliare.it,2026-10-04
Monteu Roero,4140,Cuneo,CN,3.7,6.73,23.11,2026-08,immobiliare.it,2026-10-04
Fubine Monferrato,6076,Alessandria,AL,3.59,5.19,7.85,2026-08,immobiliare.it,2026-10-04
San Gregorio nelle Alpi,25045,Belluno,BL,7.87,9.92,30.63,2026-08,immobiliare.it,2026-10-04
Villanova del Battista,64118,Avellino,AV,3.12,4.47,7.83,2026-08,immobiliare.it,2026-10-04
Cermignano,67016,Teramo,TE,4.28,5.41,13.24,2026-08,immobiliare.it,2026-10-04
Torano Nuovo,67042,Teramo,TE,4.28,5.4,13.24,2026-08,immobiliare.it,2026-10-04
Summonte,64105,Avellino,AV,3.12,3.41,7.83,2026-08,immobiliare.it,2026-10-04
Guarcino,60042,Frosinone,FR,3.97,7.34,9.37,2026-08,immobiliare.it,2026-10-04
Greccio,57031,Rieti,RI,4.01,5.96,9.87,2026-08,immobiliare.it,2026-10-04
Mossa,31014,Gorizia,GO,8.09,8.45,12.03,2026-08,immobiliare.it,2026-10-04
Caselle Landi,98011,Lodi,LO,5.33,8,11.5,2026-08,immobiliare.it,2026-10-04
Turano Lodigiano,98058,Lodi,LO,5.33,8.03,11.5,2026-08,immobiliare.it,2026-10-04
Tagliolo Monferrato,6169,Alessandria,AL,3.59,4.01,7.85,2026-08,immobiliare.it,2026-10-04
Bleggio Superiore,22017,Trento,TN,7.09,14.13,30.24,2026-08,immobiliare.it,2026-10-04
Brusasco,1039,Torino,TO,3.79,4.77,23.85,2026-08,immobiliare.it,2026-10-04
Bruzolo,1040,Torino,TO,3.79,6.1,23.85,2026-08,immobiliare.it,2026-10-04
Pinzano al Tagliamento,93030,Pordenone,PN,5.19,7.27,11.04,2026-08,immobiliare.it,2026-10-04
Graglia,96028,Biella,BI,3.86,5.72,7.65,2026-08,immobiliare.it,2026-10-04
Rosignano Monferrato,6149,Alessandria,AL,3.59,4.13,7.85,2026-08,immobiliare.it,2026-10-04
Bonemerse,19006,Cremona,CR,5.86,7.01,12.04,2026-08,immobiliare.it,2026-10-04
Pietrastornina,64073,Avellino,AV,3.12,3.42,7.83,2026-08,immobiliare.it,2026-10-04
Cazzano di Tramigna,23024,Verona,VR,5.97,11.6,26.29,2026-08,immobiliare.it,2026-10-04
Poggioreale,81016,Trapani,TP,5.28,7.33,13.45,2026-08,immobiliare.it,2026-10-04
Masera,103042,Verbano-Cusio-Ossola,VB,4.29,9.6,14.01,2026-08,immobiliare.it,2026-10-04
Isola del Cantone,10027,Genova,GE,5.07,6.88,32.58,2026-08,immobiliare.it,2026-10-04
Farnese,56026,Viterbo,VT,4.07,8.32,19.99,2026-08,immobiliare.it,2026-10-04
Precenicco,30082,Udine,UD,5.84,8.02,18.84,2026-08,immobiliare.it,2026-10-04
Vilminore di Scalve,16243,Bergamo,BG,4.71,9.35,16.63,2026-08,immobiliare.it,2026-10-04
Formicola,61035,Caserta,CE,3.13,6.04,8.97,2026-08,immobiliare.it,2026-10-04
Gandosso,16109,Bergamo,BG,4.71,10.18,16.63,2026-08,immobiliare.it,2026-10-04
Nemoli,76054,Potenza,PZ,4.26,8,9.78,2026-08,immobiliare.it,2026-10-04
Carenno,97014,Lecco,LC,6.48,10.79,18.23,2026-08,immobiliare.it,2026-10-04
Pieve di Bono-Prezzo,22234,Trento,TN,7.09,9.52,30.24,2026-08,immobiliare.it,2026-10-04
Ozzero,15165,Milano,MI,8.22,9.72,22.55,2026-08,immobiliare.it,2026-10-04
Massa d'Albe,66054,L'Aquila,AQ,4.92,7.11,24.57,2026-08,immobiliare.it,2026-10-04
Casalgrasso,4045,Cuneo,CN,3.7,5.93,23.11,2026-08,immobiliare.it,2026-10-04
Lagnasco,4104,Cuneo,CN,3.7,5.61,23.11,2026-08,immobiliare.it,2026-10-04
Castello del Matese,61025,Caserta,CE,3.13,4.8,8.97,2026-08,immobiliare.it,2026-10-04
Rocchetta Tanaro,5096,Asti,AT,4.03,4.54,7.65,2026-08,immobiliare.it,2026-10-04
Frassinelle Polesine,29023,Rovigo,RO,5.41,7.17,18.78,2026-08,immobiliare.it,2026-10-04
Scurelle,22171,Trento,TN,7.09,10.07,30.24,2026-08,immobiliare.it,2026-10-04
Paderno Ponchielli,19065,Cremona,CR,5.86,6.75,12.04,2026-08,immobiliare.it,2026-10-04
Verrua Savoia,1294,Torino,TO,3.79,4.05,23.85,2026-08,immobiliare.it,2026-10-04
Ficarra,83020,Messina,ME,4.01,6.1,19.98,2026-08,immobiliare.it,2026-10-04
Bonea,62009,Benevento,BN,3.29,8.18,10.84,2026-08,immobiliare.it,2026-10-04
Ales,95004,Oristano,OR,8.35,8.88,13.24,2026-08,immobiliare.it,2026-10-04
Laviano,65063,Salerno,SA,4.77,5.58,12.18,2026-08,immobiliare.it,2026-10-04
Pastena,60047,Frosinone,FR,3.97,5.3,9.37,2026-08,immobiliare.it,2026-10-04
Casalzuigno,12037,Varese,VA,7.3,8.03,14.05,2026-08,immobiliare.it,2026-10-04
Murisengo,6113,Alessandria,AL,3.59,3.59,7.85,2026-08,immobiliare.it,2026-10-04
Sesta Godano,11028,La Spezia,SP,6.54,8.69,28.49,2026-08,immobiliare.it,2026-10-04
Piobesi d'Alba,4168,Cuneo,CN,3.7,9.1,23.11,2026-08,immobiliare.it,2026-10-04
Buriasco,1041,Torino,TO,3.79,5.45,23.85,2026-08,immobiliare.it,2026-10-04
Mezzanino,18092,Pavia,PV,5.08,8.13,11.58,2026-08,immobiliare.it,2026-10-04
Fara San Martino,69031,Chieti,CH,4.58,9.02,9.09,2026-08,immobiliare.it,2026-10-04
Saint-Marcel,7060,Valle d'Aosta/Vallée d'Aoste,AO,5.94,13.33,35.85,2026-08,immobiliare.it,2026-10-04
Mercatello sul Metauro,41025,Pesaro e Urbino,PU,4.63,6.28,11.1,2026-08,immobiliare.it,2026-10-04
Catignano,68010,Pescara,PE,4.84,7.01,10.84,2026-08,immobiliare.it,2026-10-04
Gessopalena,69040,Chieti,CH,4.58,8.15,9.09,2026-08,immobiliare.it,2026-10-04
Sutera,85020,Caltanissetta,CL,3.8,5.14,7.27,2026-08,immobiliare.it,2026-10-04
Mango,4115,Cuneo,CN,3.7,7.24,23.11,2026-08,immobiliare.it,2026-10-04
Monterotondo Marittimo,53027,Grosseto,GR,6.41,7.47,32.03,2026-08,immobiliare.it,2026-10-04
Vallebona,8062,IMPERIA,IM,10.22,12.93,17.66,2026-08,immobiliare.it,2026-10-04
Villa Santa Maria,69102,Chieti,CH,4.58,7.87,9.09,2026-08,immobiliare.it,2026-10-04
Enemonzo,30035,Udine,UD,5.84,7.13,18.84,2026-08,immobiliare.it,2026-10-04
Castelseprio,12044,Varese,VA,7.3,9.08,14.05,2026-08,immobiliare.it,2026-10-04
Celleno,56019,Viterbo,VT,4.07,6.18,19.99,2026-08,immobiliare.it,2026-10-04
Ciciliano,58030,Roma,RM,5.44,6.82,19.31,2026-08,immobiliare.it,2026-10-04
Palena,69060,Chieti,CH,4.58,9.09,9.09,2026-08,immobiliare.it,2026-10-04
Fiamignano,57028,Rieti,RI,4.01,6.88,9.87,2026-08,immobiliare.it,2026-10-04
Melazzo,6092,Alessandria,AL,3.59,4.45,7.85,2026-08,immobiliare.it,2026-10-04
Fara Olivana con Sola,16097,Bergamo,BG,4.71,8.17,16.63,2026-08,immobiliare.it,2026-10-04
Occimiano,6115,Alessandria,AL,3.59,4.36,7.85,2026-08,immobiliare.it,2026-10-04
Val di Chy,1317,Torino,TO,3.79,6.47,23.85,2026-08,immobiliare.it,2026-10-04
Gallinaro,60040,Frosinone,FR,3.97,3.97,9.37,2026-08,immobiliare.it,2026-10-04
Masainas,111040,Sud Sardegna,SU,6.54,7.96,10.95,2026-08,immobiliare.it,2026-10-04
Cencenighe Agordino,25010,Belluno,BL,7.87,15.44,30.63,2026-08,immobiliare.it,2026-10-04
Montecrestese,103046,Verbano-Cusio-Ossola,VB,4.29,7.87,14.01,2026-08,immobiliare.it,2026-10-04
Ollolai,91056,Nuoro,NU,6.86,12.46,33.22,2026-08,immobiliare.it,2026-10-04
Vische,1311,Torino,TO,3.79,5.71,23.85,2026-08,immobiliare.it,2026-10-04
Sonico,17181,Brescia,BS,6.27,8.03,20.46,2026-08,immobiliare.it,2026-10-04
Sezzadio,6161,Alessandria,AL,3.59,5.45,7.85,2026-08,immobiliare.it,2026-10-04
Busachi,95017,Oristano,OR,8.35,11.72,13.24,2026-08,immobiliare.it,2026-10-04
Rapino,69071,Chieti,CH,4.58,8.21,9.09,2026-08,immobiliare.it,2026-10-04
Tavernole sul Mella,17183,Brescia,BS,6.27,7.72,20.46,2026-08,immobiliare.it,2026-10-04
Casperia,57012,Rieti,RI,4.01,5.97,9.87,2026-08,immobiliare.it,2026-10-04
Camisano,19010,Cremona,CR,5.86,9.09,12.04,2026-08,immobiliare.it,2026-10-04
Cisterna d'Asti,5040,Asti,AT,4.03,4.88,7.65,2026-08,immobiliare.it,2026-10-04
Forchia,62032,Benevento,BN,3.29,7.99,10.84,2026-08,immobiliare.it,2026-10-04
Bagnolo di Po,29005,Rovigo,RO,5.41,6.74,18.78,2026-08,immobiliare.it,2026-10-04
Terenzo,34038,Parma,PR,5.39,8.95,12.5,2026-08,immobiliare.it,2026-10-04
Comabbio,12054,Varese,VA,7.3,10.46,14.05,2026-08,immobiliare.it,2026-10-04
Varsi,34046,Parma,PR,5.39,6.09,12.5,2026-08,immobiliare.it,2026-10-04
Lama dei Peligni,69045,Chieti,CH,4.58,8.97,9.09,2026-08,immobiliare.it,2026-10-04
Giuggianello,75032,Lecce,LE,4.23,7.29,20.76,2026-08,immobiliare.it,2026-10-04
Zeddiani,95074,Oristano,OR,8.35,8.8,13.24,2026-08,immobiliare.it,2026-10-04
Casalbuono,65026,Salerno,SA,4.77,9.88,12.18,2026-08,immobiliare.it,2026-10-04
Zubiena,96082,Biella,BI,3.86,6.39,7.65,2026-08,immobiliare.it,2026-10-04
Sante Marie,66089,L'Aquila,AQ,4.92,5.79,24.57,2026-08,immobiliare.it,2026-10-04
Hône,7034,Valle d'Aosta/Vallée d'Aoste,AO,5.94,9.58,35.85,2026-08,immobiliare.it,2026-10-04
Cellere,56020,Viterbo,VT,4.07,11.03,19.99,2026-08,immobiliare.it,2026-10-04
Ateleta,66005,L'Aquila,AQ,4.92,8.64,24.57,2026-08,immobiliare.it,2026-10-04
Picinisco,60050,Frosinone,FR,3.97,5.69,9.37,2026-08,immobiliare.it,2026-10-04
Liberi,61045,Caserta,CE,3.13,5.93,8.97,2026-08,immobiliare.it,2026-10-04
Salara,29042,Rovigo,RO,5.41,6.56,18.78,2026-08,immobiliare.it,2026-10-04
Monte Grimano Terme,41035,Pesaro e Urbino,PU,4.63,6.35,11.1,2026-08,immobiliare.it,2026-10-04
Ottobiano,18106,Pavia,PV,5.08,8.12,11.58,2026-08,immobiliare.it,2026-10-04
Rocca Massima,59022,Latina,LT,3.77,6.34,25.31,2026-08,immobiliare.it,2026-10-04
Palanzano,34026,Parma,PR,5.39,8.58,12.5,2026-08,immobiliare.it,2026-10-04
Mallare,9036,Savona,SV,5.11,10.22,26.1,2026-08,immobiliare.it,2026-10-04
Talamello,99027,Rimini,RN,7.12,10.08,20.54,2026-08,immobiliare.it,2026-10-04
San Leonardo,30102,Udine,UD,5.84,8.46,18.84,2026-08,immobiliare.it,2026-10-04
Zungoli,64120,Avellino,AV,3.12,4.47,7.83,2026-08,immobiliare.it,2026-10-04
Ruvo del Monte,76072,Potenza,PZ,4.26,6.38,9.78,2026-08,immobiliare.it,2026-10-04
Formigara,19044,Cremona,CR,5.86,6.88,12.04,2026-08,immobiliare.it,2026-10-04
Salcedo,24090,Vicenza,VI,4.38,8.49,28.76,2026-08,immobiliare.it,2026-10-04
Quincinetto,1210,Torino,TO,3.79,5.91,23.85,2026-08,immobiliare.it,2026-10-04
San Marzano Oliveto,5100,Asti,AT,4.03,5.49,7.65,2026-08,immobiliare.it,2026-10-04
Mergo,42024,Ancona,AN,4.67,6.49,10.07,2026-08,immobiliare.it,2026-10-04
Pomaretto,1198,Torino,TO,3.79,5.45,23.85,2026-08,immobiliare.it,2026-10-04
Spigno Monferrato,6165,Alessandria,AL,3.59,4.88,7.85,2026-08,immobiliare.it,2026-10-04
Tuili,111091,Sud Sardegna,SU,7.04,9.02,9.83,2026-08,immobiliare.it,2026-10-04
Zavattarello,18184,Pavia,PV,5.08,6.94,11.58,2026-08,immobiliare.it,2026-10-04
Talana,91088,Nuoro,NU,9,14.15,33.22,2026-08,immobiliare.it,2026-10-04
Vaprio d'Agogna,3153,Novara,NO,4.75,8.58,14.5,2026-08,immobiliare.it,2026-10-04
Gandellino,16107,Bergamo,BG,4.71,9.76,16.63,2026-08,immobiliare.it,2026-10-04
Gaiba,29025,Rovigo,RO,5.41,6.17,18.78,2026-08,immobiliare.it,2026-10-04
Mazzo di Valtellina,14040,Sondrio,SO,6.77,8.02,27.69,2026-08,immobiliare.it,2026-10-04
Netro,96039,Biella,BI,3.86,5.53,7.65,2026-08,immobiliare.it,2026-10-04
Medea,31011,Gorizia,GO,8.09,8.52,12.03,2026-08,immobiliare.it,2026-10-04
Tramatza,95066,Oristano,OR,8.35,8.76,13.24,2026-08,immobiliare.it,2026-10-04
Ono San Pietro,17124,Brescia,BS,6.27,8.05,20.46,2026-08,immobiliare.it,2026-10-04
Serra Sant'Abbondio,41061,Pesaro e Urbino,PU,4.63,6.08,11.1,2026-08,immobiliare.it,2026-10-04
Raccuja,83069,Messina,ME,4.01,6.37,19.98,2026-08,immobiliare.it,2026-10-04
Cossano Belbo,4074,Cuneo,CN,3.7,6.98,23.11,2026-08,immobiliare.it,2026-10-04
Carpeneto,6033,Alessandria,AL,3.59,5.12,7.85,2026-08,immobiliare.it,2026-10-04
Gorgoglione,77010,Matera,MT,5.02,5.56,9.19,2026-08,immobiliare.it,2026-10-04
Cassano Irpino,64021,Avellino,AV,3.12,4.45,7.83,2026-08,immobiliare.it,2026-10-04
Domanico,78050,Cosenza,CS,3.48,7.26,26.89,2026-08,immobiliare.it,2026-10-04
Francavilla d'Ete,109007,Fermo,FM,5.11,6.7,10.04,2026-08,immobiliare.it,2026-10-04
Tornaco,3146,Novara,NO,4.75,4.75,14.5,2026-08,immobiliare.it,2026-10-04
Montottone,109027,Fermo,FM,5.11,5.42,10.04,2026-08,immobiliare.it,2026-10-04
Alberona,71002,Foggia,FG,5.09,6.57,10.55,2026-08,immobiliare.it,2026-10-04
Valle Castellana,67046,Teramo,TE,4.28,6.6,13.24,2026-08,immobiliare.it,2026-10-04
Roccamorice,68034,Pescara,PE,4.84,8.66,10.84,2026-08,immobiliare.it,2026-10-04
Vagli Sotto,46031,Lucca,LU,4.29,6.43,27.33,2026-08,immobiliare.it,2026-10-04
Costa Serina,16247,Bergamo,BG,4.71,8.7,16.63,2026-08,immobiliare.it,2026-10-04
Chitignano,51014,Arezzo,AR,4.91,6.54,11.39,2026-08,immobiliare.it,2026-10-04
Rocca d'Arazzo,5093,Asti,AT,4.03,4.54,7.65,2026-08,immobiliare.it,2026-10-04
Moncucco Torinese,5070,Asti,AT,4.03,4.82,7.65,2026-08,immobiliare.it,2026-10-04
Capestrano,66019,L'Aquila,AQ,4.92,8.9,24.57,2026-08,immobiliare.it,2026-10-04
Monchio delle Corti,34022,Parma,PR,5.39,8.58,12.5,2026-08,immobiliare.it,2026-10-04
Castelnuovo Parano,60021,Frosinone,FR,3.97,5.02,9.37,2026-08,immobiliare.it,2026-10-04
Tavoleto,41064,Pesaro e Urbino,PU,4.63,6.34,11.1,2026-08,immobiliare.it,2026-10-04
Capracotta,94006,ISERNIA,IS,5.39,6.58,7.81,2026-08,immobiliare.it,2026-10-04
Arborio,2006,Vercelli,VC,4.29,8.01,14.49,2026-08,immobiliare.it,2026-10-04
Ortignano Raggiolo,51027,Arezzo,AR,4.91,6.54,11.39,2026-08,immobiliare.it,2026-10-04
Neirone,10041,Genova,GE,5.07,6.21,32.58,2026-08,immobiliare.it,2026-10-04
Cornale e Bastida,18191,Pavia,PV,5.08,6.73,11.58,2026-08,immobiliare.it,2026-10-04
Rocca San Felice,64079,Avellino,AV,3.12,4.69,7.83,2026-08,immobiliare.it,2026-10-04
Plesio,13185,Como,CO,7.49,9.82,21.76,2026-08,immobiliare.it,2026-10-04
San Pietro in Cerro,33041,Piacenza,PC,5.16,7.63,11.62,2026-08,immobiliare.it,2026-10-04
Sasso di Castalda,76082,Potenza,PZ,4.26,5.08,9.78,2026-08,immobiliare.it,2026-10-04
Murialdo,9040,Savona,SV,5.11,5.12,26.1,2026-08,immobiliare.it,2026-10-04
Latera,56032,Viterbo,VT,4.07,7.16,19.99,2026-08,immobiliare.it,2026-10-04
Maiolo,99022,Rimini,RN,7.12,10.08,20.54,2026-08,immobiliare.it,2026-10-04
Campolongo sul Brenta,24023,Vicenza,VI,4.38,7.97,28.76,2026-08,immobiliare.it,2026-10-04
Livo,22106,Trento,TN,7.09,7.91,30.24,2026-08,immobiliare.it,2026-10-04
Arsita,67003,Teramo,TE,4.28,6.7,13.24,2026-08,immobiliare.it,2026-10-04
Ospedaletto,22130,Trento,TN,7.09,10.04,30.24,2026-08,immobiliare.it,2026-10-04
Miasino,3098,Novara,NO,4.75,9.56,14.5,2026-08,immobiliare.it,2026-10-04
Nughedu San Nicolò,90044,Sassari,SS,7.04,13.23,13.92,2026-08,immobiliare.it,2026-10-04
Vigliano d'Asti,5116,Asti,AT,4.03,4.69,7.65,2026-08,immobiliare.it,2026-10-04
Valbrevenna,10065,Genova,GE,5.07,5.73,32.58,2026-08,immobiliare.it,2026-10-04
Campomaggiore,76017,Potenza,PZ,4.26,5.81,9.78,2026-08,immobiliare.it,2026-10-04
Carema,1057,Torino,TO,3.79,5.48,23.85,2026-08,immobiliare.it,2026-10-04
San Lupo,62063,Benevento,BN,3.29,4.43,10.84,2026-08,immobiliare.it,2026-10-04
Esino Lario,97035,Lecco,LC,6.48,8.27,18.23,2026-08,immobiliare.it,2026-10-04
Portobuffolè,26060,Treviso,TV,6.28,9.63,18.46,2026-08,immobiliare.it,2026-10-04
Torre di Santa Maria,14067,Sondrio,SO,6.77,8.35,27.69,2026-08,immobiliare.it,2026-10-04
Breme,18022,Pavia,PV,5.08,6.42,11.58,2026-08,immobiliare.it,2026-10-04
Garzeno,13106,Como,CO,7.49,10.73,21.76,2026-08,immobiliare.it,2026-10-04
Sant'Angelo a Scala,64091,Avellino,AV,3.12,3.41,7.83,2026-08,immobiliare.it,2026-10-04
San Martino d'Agri,76077,Potenza,PZ,4.26,5.28,9.78,2026-08,immobiliare.it,2026-10-04
Castelnuovo Calcea,5030,Asti,AT,4.03,4.99,7.65,2026-08,immobiliare.it,2026-10-04
Cergnago,18045,Pavia,PV,5.08,8.02,11.58,2026-08,immobiliare.it,2026-10-04
Onifai,91059,Nuoro,NU,6.86,25.64,33.22,2026-08,immobiliare.it,2026-10-04
Treppo Ligosullo,30191,Udine,UD,5.84,7.32,18.84,2026-08,immobiliare.it,2026-10-04
Borgo Lares,22239,Trento,TN,7.09,9.3,30.24,2026-08,immobiliare.it,2026-10-04
Diano Arentino,8025,IMPERIA,IM,10.22,16.38,17.66,2026-08,immobiliare.it,2026-10-04
Comano,45005,Massa-Carrara,MS,6.18,6.18,16.41,2026-08,immobiliare.it,2026-10-04
Casape,58021,Roma,RM,5.44,7.07,19.31,2026-08,immobiliare.it,2026-10-04
Bottidda,90016,Sassari,SS,7.04,11.46,13.92,2026-08,immobiliare.it,2026-10-04
Vastogirardi,94051,ISERNIA,IS,5.39,7.39,7.81,2026-08,immobiliare.it,2026-10-04
Barete,66008,L'Aquila,AQ,4.92,7.08,24.57,2026-08,immobiliare.it,2026-10-04
Papasidero,78092,Cosenza,CS,3.48,14.82,26.89,2026-08,immobiliare.it,2026-10-04
Villaromagnano,6186,Alessandria,AL,3.59,5.7,7.85,2026-08,immobiliare.it,2026-10-04
San Costantino Albanese,76075,Potenza,PZ,4.26,6.57,9.78,2026-08,immobiliare.it,2026-10-04
Capitignano,66021,L'Aquila,AQ,4.92,7.08,24.57,2026-08,immobiliare.it,2026-10-04
Pietrarubbia,41048,Pesaro e Urbino,PU,4.63,6.34,11.1,2026-08,immobiliare.it,2026-10-04
Perrero,1186,Torino,TO,3.79,5.46,23.85,2026-08,immobiliare.it,2026-10-04
Chiopris-Viscone,30024,Udine,UD,5.84,8.03,18.84,2026-08,immobiliare.it,2026-10-04
Tovo di Sant'Agata,14068,Sondrio,SO,6.77,7.84,27.69,2026-08,immobiliare.it,2026-10-04
San Damiano al Colle,18134,Pavia,PV,5.08,6.83,11.58,2026-08,immobiliare.it,2026-10-04
Trivigno,76093,Potenza,PZ,4.26,5.28,9.78,2026-08,immobiliare.it,2026-10-04
Tassarolo,6170,Alessandria,AL,3.59,5.83,7.85,2026-08,immobiliare.it,2026-10-04
Dizzasco,13087,Como,CO,7.49,8.19,21.76,2026-08,immobiliare.it,2026-10-04
Baressa,95012,Oristano,OR,8.35,8.97,13.24,2026-08,immobiliare.it,2026-10-04
Pessinetto,1188,Torino,TO,3.79,4.59,23.85,2026-08,immobiliare.it,2026-10-04
Mornico Losana,18101,Pavia,PV,5.08,7.03,11.58,2026-08,immobiliare.it,2026-10-04
Vesime,5113,Asti,AT,4.03,4.89,7.65,2026-08,immobiliare.it,2026-10-04
Stazzona,13218,Como,CO,7.49,9.93,21.76,2026-08,immobiliare.it,2026-10-04
San Lorenzo Bellizzi,78120,Cosenza,CS,3.48,3.8,26.89,2026-08,immobiliare.it,2026-10-04
Gaiola,4093,Cuneo,CN,3.7,7.2,23.11,2026-08,immobiliare.it,2026-10-04
Chiusanico,8019,IMPERIA,IM,10.22,10.25,17.66,2026-08,immobiliare.it,2026-10-04
Colleretto Giacosa,1092,Torino,TO,3.79,5.46,23.85,2026-08,immobiliare.it,2026-10-04
Miagliano,96034,Biella,BI,3.86,5.81,7.65,2026-08,immobiliare.it,2026-10-04
Spessa,18152,Pavia,PV,5.08,6.99,11.58,2026-08,immobiliare.it,2026-10-04
Casteldidone,19023,Cremona,CR,5.86,6.36,12.04,2026-08,immobiliare.it,2026-10-04
Ponti,6134,Alessandria,AL,3.59,4.86,7.85,2026-08,immobiliare.it,2026-10-04
Monleale,6101,Alessandria,AL,3.59,5.53,7.85,2026-08,immobiliare.it,2026-10-04
Strembo,22184,Trento,TN,7.09,21.88,30.24,2026-08,immobiliare.it,2026-10-04
Rialto,9053,Savona,SV,5.11,14.78,26.1,2026-08,immobiliare.it,2026-10-04
Sant'Anatolia di Narco,54045,Perugia,PG,3.7,6.6,16.34,2026-08,immobiliare.it,2026-10-04
Cuccaro Vetere,65049,Salerno,SA,4.77,10.7,12.18,2026-08,immobiliare.it,2026-10-04
Posina,24080,Vicenza,VI,4.38,10.91,28.76,2026-08,immobiliare.it,2026-10-04
Moresco,109028,Fermo,FM,5.11,5.53,10.04,2026-08,immobiliare.it,2026-10-04
San Mauro di Saline,23074,Verona,VR,5.97,9.8,26.29,2026-08,immobiliare.it,2026-10-04
Samone,22165,Trento,TN,7.09,10.02,30.24,2026-08,immobiliare.it,2026-10-04
Pertica Alta,17139,Brescia,BS,6.27,7.93,20.46,2026-08,immobiliare.it,2026-10-04
Baldissero Canavese,1017,Torino,TO,3.79,5.81,23.85,2026-08,immobiliare.it,2026-10-04
Guardia Perticara,76038,Potenza,PZ,4.26,5.26,9.78,2026-08,immobiliare.it,2026-10-04
Pareto,6125,Alessandria,AL,3.59,4.88,7.85,2026-08,immobiliare.it,2026-10-04
Crocefieschi,10020,Genova,GE,5.07,6.88,32.58,2026-08,immobiliare.it,2026-10-04
Carzano,22043,Trento,TN,7.09,10.14,30.24,2026-08,immobiliare.it,2026-10-04
Amblar-Don,22237,Trento,TN,7.09,8.23,30.24,2026-08,immobiliare.it,2026-10-04
Gallo Matese,61038,Caserta,CE,3.13,5.14,8.97,2026-08,immobiliare.it,2026-10-04
Camporotondo di Fiastrone,43008,Macerata,MC,4.55,6.6,11.95,2026-08,immobiliare.it,2026-10-04
Perosa Canavese,1185,Torino,TO,3.79,5.68,23.85,2026-08,immobiliare.it,2026-10-04
Roccasicura,94041,ISERNIA,IS,5.39,6.84,7.81,2026-08,immobiliare.it,2026-10-04
Moasca,5063,Asti,AT,4.03,4.9,7.65,2026-08,immobiliare.it,2026-10-04
Cossombrato,5049,Asti,AT,4.03,5.08,7.65,2026-08,immobiliare.it,2026-10-04
Sini,95060,Oristano,OR,8.35,8.97,13.24,2026-08,immobiliare.it,2026-10-04
Carrosio,6035,Alessandria,AL,3.59,5.6,7.85,2026-08,immobiliare.it,2026-10-04
Cella Monte,6056,Alessandria,AL,3.59,4.03,7.85,2026-08,immobiliare.it,2026-10-04
Villadeati,6182,Alessandria,AL,3.59,4.8,7.85,2026-08,immobiliare.it,2026-10-04
Pescosansonesco,68029,Pescara,PE,4.84,7.99,10.84,2026-08,immobiliare.it,2026-10-04
Vallada Agordina,25062,Belluno,BL,7.87,14.87,30.63,2026-08,immobiliare.it,2026-10-04
Valle Cannobina,103079,Verbano-Cusio-Ossola,VB,4.29,7.98,14.01,2026-08,immobiliare.it,2026-10-04
Tiana,91091,Nuoro,NU,6.86,14.15,33.22,2026-08,immobiliare.it,2026-10-04
Settimo Rottaro,1264,Torino,TO,3.79,6.24,23.85,2026-08,immobiliare.it,2026-10-04
Perloz,7048,Valle d'Aosta/Vallée d'Aoste,AO,5.94,12.83,35.85,2026-08,immobiliare.it,2026-10-04
Armungia,111002,Sud Sardegna,SU,6.94,8.97,14.11,2026-08,immobiliare.it,2026-10-04
Cheremule,90024,Sassari,SS,7.04,9.69,13.92,2026-08,immobiliare.it,2026-10-04
Maglione,1143,Torino,TO,3.79,6.03,23.85,2026-08,immobiliare.it,2026-10-04
Rigolato,30094,Udine,UD,5.84,6.97,18.84,2026-08,immobiliare.it,2026-10-04
San Martino del Lago,19091,Cremona,CR,5.86,7.45,12.04,2026-08,immobiliare.it,2026-10-04
Rea,18119,Pavia,PV,5.08,8.44,11.58,2026-08,immobiliare.it,2026-10-04
Madonna del Sasso,103040,Verbano-Cusio-Ossola,VB,4.29,4.29,14.01,2026-08,immobiliare.it,2026-10-04
Orsara Bormida,6119,Alessandria,AL,3.59,5.11,7.85,2026-08,immobiliare.it,2026-10-04
Collalto Sabino,57018,Rieti,RI,4.01,6.77,9.87,2026-08,immobiliare.it,2026-10-04
Vasia,8064,IMPERIA,IM,10.22,10.29,17.66,2026-08,immobiliare.it,2026-10-04
Issime,7036,Valle d'Aosta/Vallée d'Aoste,AO,5.94,10.57,35.85,2026-08,immobiliare.it,2026-10-04
Pelugo,22138,Trento,TN,7.09,19.69,30.24,2026-08,immobiliare.it,2026-10-04
Quarna Sotto,103059,Verbano-Cusio-Ossola,VB,4.29,7.23,14.01,2026-08,immobiliare.it,2026-10-04
Saint-Denis,7059,Valle d'Aosta/Vallée d'Aoste,AO,5.94,9.54,35.85,2026-08,immobiliare.it,2026-10-04
Azzano d'Asti,5006,Asti,AT,4.03,4.46,7.65,2026-08,immobiliare.it,2026-10-04
Bormida,9014,Savona,SV,5.11,10.66,26.1,2026-08,immobiliare.it,2026-10-04
Cinte Tesino,22059,Trento,TN,7.09,9.93,30.24,2026-08,immobiliare.it,2026-10-04
Lauregno,21043,Bolzano/Bozen,BZ,8.41,8.41,29.38,2026-08,immobiliare.it,2026-10-04
Fontecchio,66043,L'Aquila,AQ,4.92,11.5,24.57,2026-08,immobiliare.it,2026-10-04
Belveglio,5008,Asti,AT,4.03,4.76,7.65,2026-08,immobiliare.it,2026-10-04
Gremiasco,6083,Alessandria,AL,3.59,5.46,7.85,2026-08,immobiliare.it,2026-10-04
Acciano,66001,L'Aquila,AQ,4.92,10.08,24.57,2026-08,immobiliare.it,2026-10-04
Borgomezzavalle,103078,Verbano-Cusio-Ossola,VB,4.29,8.77,14.01,2026-08,immobiliare.it,2026-10-04
Bruno,5010,Asti,AT,4.03,5.06,7.65,2026-08,immobiliare.it,2026-10-04
Castellino Tanaro,4052,Cuneo,CN,3.7,5.11,23.11,2026-08,immobiliare.it,2026-10-04
Nomaglio,1167,Torino,TO,3.79,5.4,23.85,2026-08,immobiliare.it,2026-10-04
Coazzolo,5041,Asti,AT,4.03,4.8,7.65,2026-08,immobiliare.it,2026-10-04
Tione degli Abruzzi,66100,L'Aquila,AQ,4.92,11.5,24.57,2026-08,immobiliare.it,2026-10-04
Sessame,5105,Asti,AT,4.03,4.88,7.65,2026-08,immobiliare.it,2026-10-04
Avolasca,6010,Alessandria,AL,3.59,5.68,7.85,2026-08,immobiliare.it,2026-10-04
Coreglia Ligure,10019,Genova,GE,5.07,10.15,32.58,2026-08,immobiliare.it,2026-10-04
Odalengo Piccolo,6117,Alessandria,AL,3.59,4.58,7.85,2026-08,immobiliare.it,2026-10-04
Castel Condino,22045,Trento,TN,7.09,9.55,30.24,2026-08,immobiliare.it,2026-10-04
Veleso,13236,Como,CO,7.49,8.94,21.76,2026-08,immobiliare.it,2026-10-04
Zelbio,13246,Como,CO,7.49,9.05,21.76,2026-08,immobiliare.it,2026-10-04
Moransengo,5079,Asti,AT,4.03,4.76,7.65,2026-08,immobiliare.it,2026-10-04
Nasino,9041,Savona,SV,5.11,11.11,26.1,2026-08,immobiliare.it,2026-10-04
Bosia,4026,Cuneo,CN,3.7,6.98,23.11,2026-08,immobiliare.it,2026-10-04
Valvestino,17194,Brescia,BS,6.27,8.5,20.46,2026-08,immobiliare.it,2026-10-04
Scagnello,4216,Cuneo,CN,3.7,5.22,23.11,2026-08,immobiliare.it,2026-10-04
Modolo,95084,Oristano,OR,8.35,9.53,13.24,2026-08,immobiliare.it,2026-10-04
Castelletto d'Erro,6048,Alessandria,AL,3.59,4.85,7.85,2026-08,immobiliare.it,2026-10-04
Volpeglino,6189,Alessandria,AL,3.59,5.46,7.85,2026-08,immobiliare.it,2026-10-04
Roccaforte Ligure,6146,Alessandria,AL,3.59,5.5,7.85,2026-08,immobiliare.it,2026-10-04
Balmuccia,2008,Vercelli,VC,4.29,4.37,14.49,2026-08,immobiliare.it,2026-10-04
Poggiodomo,54042,Perugia,PG,3.7,7.76,16.34,2026-08,immobiliare.it,2026-10-04
Celle di Macra,4060,Cuneo,CN,3.7,5.63,23.11,2026-08,immobiliare.it,2026-10-04
Piazzolo,16166,Bergamo,BG,4.71,7.02,16.63,2026-08,immobiliare.it,2026-10-04
Monteciccardo,41032,Pesaro e Urbino,PU,8.67,8.67,8.67,2026-06,immobiliare.it,2026-10-04
Afragola,63002,Napoli,NA,4.24,7.26,37.68,2026-08,immobiliare.it,2026-10-04
Acerra,63001,Napoli,NA,4.24,8.86,37.68,2026-08,immobiliare.it,2026-10-04
San Giuseppe Vesuviano,63068,Napoli,NA,4.24,5.13,37.68,2026-08,immobiliare.it,2026-10-04
Partinico,82054,Palermo,PA,3.78,4.88,10.48,2026-08,immobiliare.it,2026-10-04
Frattamaggiore,63032,Napoli,NA,4.24,7.31,37.68,2026-08,immobiliare.it,2026-10-04
Termini Imerese,82070,Palermo,PA,3.78,6.94,10.48,2026-08,immobiliare.it,2026-10-04
Nocera Superiore,65079,Salerno,SA,4.77,5.99,12.18,2026-08,immobiliare.it,2026-10-04
Lumezzane,17096,Brescia,BS,6.69,6.69,6.69,2026-08,immobiliare.it,2026-10-04
Poggiomarino,63055,Napoli,NA,4.24,5.7,37.68,2026-08,immobiliare.it,2026-10-04
Colleferro,58034,Roma,RM,5.44,7.56,19.31,2026-08,immobiliare.it,2026-10-04
Rosolini,89016,Siracusa,SR,4.38,5.8,11.64,2026-08,immobiliare.it,2026-10-04
Casarano,75016,Lecce,LE,4.23,8.87,20.76,2026-08,immobiliare.it,2026-10-04
Paternò,87033,Catania,CT,3.99,5.37,10.7,2026-08,immobiliare.it,2026-10-04
Sant'Elpidio a Mare,109037,Fermo,FM,5.11,6.02,10.04,2026-08,immobiliare.it,2026-10-04
Adelfia,72002,Bari,BA,4.5,6.73,14.29,2026-08,immobiliare.it,2026-10-04
Alpignano,1008,Torino,TO,3.79,7.81,23.85,2026-08,immobiliare.it,2026-10-04
Brusciano,63010,Napoli,NA,4.24,7.69,37.68,2026-08,immobiliare.it,2026-10-04
Sava,73026,Taranto,TA,4.01,9.98,21.17,2026-08,immobiliare.it,2026-10-04
San Cesareo,58119,Roma,RM,5.44,9.63,19.31,2026-08,immobiliare.it,2026-10-04
Besana in Brianza,108008,Monza e della Brianza,MB,8.42,11.42,14.2,2026-08,immobiliare.it,2026-10-04
Taurianova,80093,Reggio Calabria,RC,3.89,4.65,17.64,2026-08,immobiliare.it,2026-10-04
Galatone,75030,Lecce,LE,4.23,4.44,20.76,2026-08,immobiliare.it,2026-10-04
Surbo,75083,Lecce,LE,4.23,6.42,20.76,2026-08,immobiliare.it,2026-10-04
San Nicandro Garganico,71049,Foggia,FG,5.09,7.19,10.55,2026-08,immobiliare.it,2026-10-04
Trinitapoli,110010,Barletta-Andria-Trani,BT,7.37,7.61,10.1,2026-08,immobiliare.it,2026-10-04
Trepuzzi,75087,Lecce,LE,4.23,6.07,20.76,2026-08,immobiliare.it,2026-10-04
Latiano,74009,Brindisi,BR,4.65,7.61,12.43,2026-08,immobiliare.it,2026-10-04
Rescaldina,15181,Milano,MI,8.22,9.51,22.55,2026-08,immobiliare.it,2026-10-04
Squinzano,75079,Lecce,LE,4.23,5.86,20.76,2026-08,immobiliare.it,2026-10-04
Busto Garolfo,15041,Milano,MI,8.22,8.97,22.55,2026-08,immobiliare.it,2026-10-04
Villacidro,111096,Sud Sardegna,SU,7.04,7.04,9.83,2026-08,immobiliare.it,2026-10-04
Veglie,75092,Lecce,LE,4.23,5,20.76,2026-08,immobiliare.it,2026-10-04
Statte,73029,Taranto,TA,4.01,6.86,21.17,2026-08,immobiliare.it,2026-10-04
Lanuvio,58050,Roma,RM,5.44,8.52,19.31,2026-08,immobiliare.it,2026-10-04
San Pietro Vernotico,74016,Brindisi,BR,4.65,5.79,12.43,2026-08,immobiliare.it,2026-10-04
Sarezzo,17174,Brescia,BS,6.27,7.85,20.46,2026-08,immobiliare.it,2026-10-04
Manerbio,17103,Brescia,BS,6.27,7.89,20.46,2026-08,immobiliare.it,2026-10-04
Casatenovo,97016,Lecco,LC,6.48,11.45,18.23,2026-08,immobiliare.it,2026-10-04
Cavallino,75020,Lecce,LE,4.23,8.87,20.76,2026-08,immobiliare.it,2026-10-04
Canegrate,15046,Milano,MI,8.22,12.7,22.55,2026-08,immobiliare.it,2026-10-04
Grumo Appula,72024,Bari,BA,4.5,7.12,14.29,2026-08,immobiliare.it,2026-10-04
Monte San Giovanni Campano,60044,Frosinone,FR,3.97,6.53,9.37,2026-08,immobiliare.it,2026-10-04
Raffadali,84030,Agrigento,AG,4.94,5.64,6.67,2026-08,immobiliare.it,2026-10-04
Borgosesia,2016,Vercelli,VC,4.29,6.94,14.49,2026-08,immobiliare.it,2026-10-04
Francofonte,89010,Siracusa,SR,4.38,5.61,11.64,2026-08,immobiliare.it,2026-10-04
Mazzano,17107,Brescia,BS,6.27,9.44,20.46,2026-08,immobiliare.it,2026-10-04
Gavardo,17077,Brescia,BS,6.27,8.54,20.46,2026-08,immobiliare.it,2026-10-04
Penne,68027,Pescara,PE,4.84,5.81,10.84,2026-08,immobiliare.it,2026-10-04
Bitetto,72010,Bari,BA,4.5,7.33,14.29,2026-08,immobiliare.it,2026-10-04
Priolo Gargallo,89021,Siracusa,SR,4.38,6.42,11.64,2026-08,immobiliare.it,2026-10-04
Taurisano,75084,Lecce,LE,4.23,13.67,20.76,2026-08,immobiliare.it,2026-10-04
Casteldaccia,82023,Palermo,PA,3.78,6.88,10.48,2026-08,immobiliare.it,2026-10-04
Mazzarino,85009,Caltanissetta,CL,3.8,5.47,7.27,2026-08,immobiliare.it,2026-10-04
Acate,88001,Ragusa,RG,4.61,5.84,9.69,2026-08,immobiliare.it,2026-10-04
Matino,75042,Lecce,LE,4.23,8.87,20.76,2026-08,immobiliare.it,2026-10-04
Ravanusa,84031,Agrigento,AG,4.94,5.29,6.67,2026-08,immobiliare.it,2026-10-04
Riesi,85015,Caltanissetta,CL,3.8,4.92,7.27,2026-08,immobiliare.it,2026-10-04
Bitritto,72012,Bari,BA,4.5,6.91,14.29,2026-08,immobiliare.it,2026-10-04
Melito di Porto Salvo,80050,Reggio Calabria,RC,3.89,3.89,17.64,2026-08,immobiliare.it,2026-10-04
Castano Primo,15062,Milano,MI,8.22,9.37,22.55,2026-08,immobiliare.it,2026-10-04
Pellezzano,65090,Salerno,SA,4.77,8.83,12.18,2026-08,immobiliare.it,2026-10-04
Sant'Agata de' Goti,62070,Benevento,BN,3.29,8.14,10.84,2026-08,immobiliare.it,2026-10-04
Racale,75063,Lecce,LE,4.23,5.19,20.76,2026-08,immobiliare.it,2026-10-04
Montecorvino Pugliano,65072,Salerno,SA,4.77,6.76,12.18,2026-08,immobiliare.it,2026-10-04
Valdilana,96088,Biella,BI,3.86,3.86,7.65,2026-08,immobiliare.it,2026-10-04
Santena,1257,Torino,TO,3.79,6.74,23.85,2026-08,immobiliare.it,2026-10-04
Atri,67004,Teramo,TE,4.28,7.64,13.24,2026-08,immobiliare.it,2026-10-04
Macerata Campania,61047,Caserta,CE,3.13,7.02,8.97,2026-08,immobiliare.it,2026-10-04
Campi Salentina,75011,Lecce,LE,4.23,5,20.76,2026-08,immobiliare.it,2026-10-04
Locate di Triulzi,15125,Milano,MI,8.22,14.5,22.55,2026-08,immobiliare.it,2026-10-04
Isola Vicentina,24048,Vicenza,VI,4.38,8.48,28.76,2026-08,immobiliare.it,2026-10-04
San Giorgio delle Pertiche,28075,Padova,PD,5.18,10.43,14.27,2026-08,immobiliare.it,2026-10-04
Novi di Modena,36028,Modena,MO,6.04,6.77,12.59,2026-08,immobiliare.it,2026-10-04
Crosia,78047,Cosenza,CS,3.48,10.5,26.89,2026-08,immobiliare.it,2026-10-04
Castellamonte,1066,Torino,TO,3.79,7.21,23.85,2026-08,immobiliare.it,2026-10-04
San Pancrazio Salentino,74015,Brindisi,BR,4.65,5.37,12.43,2026-08,immobiliare.it,2026-10-04
Conselice,39008,Ravenna,RA,6.14,7.43,23.41,2026-08,immobiliare.it,2026-10-04
Campobello di Licata,84010,Agrigento,AG,4.94,5.31,6.67,2026-08,immobiliare.it,2026-10-04
Ruffano,75064,Lecce,LE,4.23,11.27,20.76,2026-08,immobiliare.it,2026-10-04
Mendicino,78079,Cosenza,CS,3.48,3.75,26.89,2026-08,immobiliare.it,2026-10-04
Aragona,84003,Agrigento,AG,4.94,6.19,6.67,2026-08,immobiliare.it,2026-10-04
Filottrano,42019,Ancona,AN,4.67,4.95,10.07,2026-08,immobiliare.it,2026-10-04
Magnago,15131,Milano,MI,8.22,8.98,22.55,2026-08,immobiliare.it,2026-10-04
Aradeo,75006,Lecce,LE,4.23,6.39,20.76,2026-08,immobiliare.it,2026-10-04
Villa Castelli,74020,Brindisi,BR,4.65,7.17,12.43,2026-08,immobiliare.it,2026-10-04
Luzzi,78070,Cosenza,CS,3.48,5.42,26.89,2026-08,immobiliare.it,2026-10-04
Serramanna,111077,Sud Sardegna,SU,7.04,9.17,9.83,2026-08,immobiliare.it,2026-10-04
Roccapiemonte,65108,Salerno,SA,4.77,7.89,12.18,2026-08,immobiliare.it,2026-10-04
La Loggia,1127,Torino,TO,3.79,8.57,23.85,2026-08,immobiliare.it,2026-10-04
Casorate Primo,18034,Pavia,PV,5.08,9.56,11.58,2026-08,immobiliare.it,2026-10-04
Brandizzo,1034,Torino,TO,3.79,8.21,23.85,2026-08,immobiliare.it,2026-10-04
Uta,92090,Cagliari,CA,6.94,8.78,14.11,2026-08,immobiliare.it,2026-10-04
Missaglia,97049,Lecco,LC,6.48,9.81,18.23,2026-08,immobiliare.it,2026-10-04
Pianella,68030,Pescara,PE,4.84,5.65,10.84,2026-08,immobiliare.it,2026-10-04
Castel di Lama,44011,Ascoli Piceno,AP,4.94,7.55,11.08,2026-08,immobiliare.it,2026-10-04
Pozzuolo Martesana,15178,Milano,MI,8.22,11.84,22.55,2026-08,immobiliare.it,2026-10-04
Calvisano,17034,Brescia,BS,6.27,9.39,20.46,2026-08,immobiliare.it,2026-10-04
Ittiri,90033,Sassari,SS,7.04,9.81,13.92,2026-08,immobiliare.it,2026-10-04
Fermignano,41014,Pesaro e Urbino,PU,4.63,5.9,11.1,2026-08,immobiliare.it,2026-10-04
Fabrica di Roma,56024,Viterbo,VT,4.07,6.73,19.99,2026-08,immobiliare.it,2026-10-04
Cuggiono,15096,Milano,MI,8.22,10.26,22.55,2026-08,immobiliare.it,2026-10-04
Paliano,60046,Frosinone,FR,3.97,5.83,9.37,2026-08,immobiliare.it,2026-10-04
Salice Salentino,75065,Lecce,LE,4.23,5,20.76,2026-08,immobiliare.it,2026-10-04
Vobarno,17204,Brescia,BS,6.27,9.3,20.46,2026-08,immobiliare.it,2026-10-04
San Cesario di Lecce,75068,Lecce,LE,4.23,5.92,20.76,2026-08,immobiliare.it,2026-10-04
Rossano Veneto,24088,Vicenza,VI,4.38,9.68,28.76,2026-08,immobiliare.it,2026-10-04
Racalmuto,84029,Agrigento,AG,4.94,5.8,6.67,2026-08,immobiliare.it,2026-10-04
Bojano,70003,Campobasso,CB,4.47,4.47,17.77,2026-08,immobiliare.it,2026-10-04
Marnate,12098,Varese,VA,7.3,11.22,14.05,2026-08,immobiliare.it,2026-10-04
Cartoceto,41010,Pesaro e Urbino,PU,4.63,6.74,11.1,2026-08,immobiliare.it,2026-10-04
Casteltermini,84012,Agrigento,AG,4.94,5.55,6.67,2026-08,immobiliare.it,2026-10-04
Castiglione Olona,12046,Varese,VA,7.3,9.09,14.05,2026-08,immobiliare.it,2026-10-04
Recale,61067,Caserta,CE,3.13,5.67,8.97,2026-08,immobiliare.it,2026-10-04
Sonnino,59029,Latina,LT,3.77,5.94,25.31,2026-08,immobiliare.it,2026-10-04
Caluso,1047,Torino,TO,3.79,6.34,23.85,2026-08,immobiliare.it,2026-10-04
Vitulazio,61100,Caserta,CE,3.13,5.36,8.97,2026-08,immobiliare.it,2026-10-04
Vedano Olona,12134,Varese,VA,7.3,8.96,14.05,2026-08,immobiliare.it,2026-10-04
Roccasecca,60060,Frosinone,FR,3.97,4.01,9.37,2026-08,immobiliare.it,2026-10-04
Provaglio d'Iseo,17156,Brescia,BS,6.27,9.17,20.46,2026-08,immobiliare.it,2026-10-04
Carnate,108016,Monza e della Brianza,MB,8.42,11.56,14.2,2026-08,immobiliare.it,2026-10-04
Luserna San Giovanni,1139,Torino,TO,3.79,5.46,23.85,2026-08,immobiliare.it,2026-10-04
Brugine,28015,Padova,PD,5.18,8.47,14.27,2026-08,immobiliare.it,2026-10-04
Gioiosa Ionica,80039,Reggio Calabria,RC,3.89,5.06,17.64,2026-08,immobiliare.it,2026-10-04
Campli,67008,Teramo,TE,4.28,4.93,13.24,2026-08,immobiliare.it,2026-10-04
Roccadaspide,65106,Salerno,SA,4.77,5.78,12.18,2026-08,immobiliare.it,2026-10-04
Melissano,75044,Lecce,LE,4.23,9.24,20.76,2026-08,immobiliare.it,2026-10-04
Casapesenna,61103,Caserta,CE,3.13,5.53,8.97,2026-08,immobiliare.it,2026-10-04
Montelabbate,41036,Pesaro e Urbino,PU,4.63,9.06,11.1,2026-08,immobiliare.it,2026-10-04
San Filippo del Mela,83077,Messina,ME,4.01,5.55,19.98,2026-08,immobiliare.it,2026-10-04
Prevalle,17155,Brescia,BS,6.27,8.1,20.46,2026-08,immobiliare.it,2026-10-04
Santi Cosma e Damiano,59026,Latina,LT,3.77,4.17,25.31,2026-08,immobiliare.it,2026-10-04
Bellante,67006,Teramo,TE,4.28,4.28,13.24,2026-08,immobiliare.it,2026-10-04
Canicattini Bagni,89005,Siracusa,SR,4.38,6.64,11.64,2026-08,immobiliare.it,2026-10-04
Scorrano,75073,Lecce,LE,4.23,5.95,20.76,2026-08,immobiliare.it,2026-10-04
Calimera,75010,Lecce,LE,4.23,13.4,20.76,2026-08,immobiliare.it,2026-10-04
Carosino,73002,Taranto,TA,4.01,4.01,21.17,2026-08,immobiliare.it,2026-10-04
Pozzuolo del Friuli,30079,Udine,UD,5.84,8.49,18.84,2026-08,immobiliare.it,2026-10-04
Settimo San Pietro,92075,Cagliari,CA,6.94,10.25,14.11,2026-08,immobiliare.it,2026-10-04
Sarego,24098,Vicenza,VI,4.38,6.8,28.76,2026-08,immobiliare.it,2026-10-04
Casteggio,18037,Pavia,PV,5.08,8.34,11.58,2026-08,immobiliare.it,2026-10-04
Lercara Friddi,82045,Palermo,PA,3.78,6.22,10.48,2026-08,immobiliare.it,2026-10-04
San Giorgio su Legnano,15194,Milano,MI,8.22,12.02,22.55,2026-08,immobiliare.it,2026-10-04
Cittaducale,57016,Rieti,RI,4.01,6.54,9.87,2026-08,immobiliare.it,2026-10-04
Mileto,102021,Vibo Valentia,VV,4.31,4.31,19.78,2026-08,immobiliare.it,2026-10-04
Larino,70031,Campobasso,CB,4.47,11.88,17.77,2026-08,immobiliare.it,2026-10-04
Poggio Rusco,20042,Mantova,MN,5.71,7.81,14.82,2026-08,immobiliare.it,2026-10-04
Notaresco,67032,Teramo,TE,4.28,4.28,13.24,2026-08,immobiliare.it,2026-10-04
Olevano Romano,58073,Roma,RM,5.44,5.54,19.31,2026-08,immobiliare.it,2026-10-04
Serra San Bruno,102037,Vibo Valentia,VV,4.31,4.93,19.78,2026-08,immobiliare.it,2026-10-04
Labico,58049,Roma,RM,5.44,8.22,19.31,2026-08,immobiliare.it,2026-10-04
Marineo,82046,Palermo,PA,3.78,6.08,10.48,2026-08,immobiliare.it,2026-10-04
Piedimonte San Germano,60052,Frosinone,FR,3.97,6.11,9.37,2026-08,immobiliare.it,2026-10-04
Gonnosfanadiga,111031,Sud Sardegna,SU,7.04,7.75,9.83,2026-08,immobiliare.it,2026-10-04
San Donaci,74013,Brindisi,BR,4.65,5.54,12.43,2026-08,immobiliare.it,2026-10-04
Strongoli,101025,Crotone,KR,6.57,23.24,29.42,2026-08,immobiliare.it,2026-10-04
Capranica,56014,Viterbo,VT,4.07,6.49,19.99,2026-08,immobiliare.it,2026-10-04
Robbiate,97071,Lecco,LC,6.48,10.14,18.23,2026-08,immobiliare.it,2026-10-04
Almese,1006,Torino,TO,3.79,8.26,23.85,2026-08,immobiliare.it,2026-10-04
Santa Margherita di Belice,84038,Agrigento,AG,4.94,5.43,6.67,2026-08,immobiliare.it,2026-10-04
Follo,11013,La Spezia,SP,6.54,8.61,28.49,2026-08,immobiliare.it,2026-10-04
Monte San Biagio,59015,Latina,LT,3.77,5.89,25.31,2026-08,immobiliare.it,2026-10-04
Ravarino,36034,Modena,MO,6.04,7.31,12.59,2026-08,immobiliare.it,2026-10-04
Tortorici,83099,Messina,ME,4.01,5.43,19.98,2026-08,immobiliare.it,2026-10-04
Pergola,41043,Pesaro e Urbino,PU,4.63,6.34,11.1,2026-08,immobiliare.it,2026-10-04
Villanova di Camposampiero,28104,Padova,PD,5.18,8.66,14.27,2026-08,immobiliare.it,2026-10-04
Trasacco,66102,L'Aquila,AQ,4.92,6.6,24.57,2026-08,immobiliare.it,2026-10-04
Sumirago,12124,Varese,VA,7.3,9.54,14.05,2026-08,immobiliare.it,2026-10-04
Chiuduno,16073,Bergamo,BG,4.71,7.78,16.63,2026-08,immobiliare.it,2026-10-04
Venegono Inferiore,12136,Varese,VA,7.3,10.27,14.05,2026-08,immobiliare.it,2026-10-04
Collecorvino,68015,Pescara,PE,4.84,5.81,10.84,2026-08,immobiliare.it,2026-10-04
Domusnovas,111016,Sud Sardegna,SU,6.54,7.04,10.95,2026-08,immobiliare.it,2026-10-04
Offanengo,19062,Cremona,CR,5.86,10.23,12.04,2026-08,immobiliare.it,2026-10-04
San Benigno Canavese,1236,Torino,TO,3.79,7.13,23.85,2026-08,immobiliare.it,2026-10-04
Guidizzolo,20028,Mantova,MN,5.71,7.17,14.82,2026-08,immobiliare.it,2026-10-04
Truccazzano,15224,Milano,MI,8.22,10.37,22.55,2026-08,immobiliare.it,2026-10-04
Collepasso,75021,Lecce,LE,4.23,8.86,20.76,2026-08,immobiliare.it,2026-10-04
Rudiano,17167,Brescia,BS,6.27,10.91,20.46,2026-08,immobiliare.it,2026-10-04
Guanzate,13114,Como,CO,7.49,12.14,21.76,2026-08,immobiliare.it,2026-10-04
Mulazzano,98041,Lodi,LO,5.33,10.69,11.5,2026-08,immobiliare.it,2026-10-04
Campo San Martino,28020,Padova,PD,5.18,9.5,14.27,2026-08,immobiliare.it,2026-10-04
San Paolo di Civitate,71050,Foggia,FG,5.09,7.18,10.55,2026-08,immobiliare.it,2026-10-04
Ossi,90051,Sassari,SS,7.04,8.25,13.92,2026-08,immobiliare.it,2026-10-04
San Donato di Lecce,75069,Lecce,LE,4.23,7.38,20.76,2026-08,immobiliare.it,2026-10-04
Guagnano,75034,Lecce,LE,4.23,5.43,20.76,2026-08,immobiliare.it,2026-10-04
Acquedolci,83107,Messina,ME,4.01,6.26,19.98,2026-08,immobiliare.it,2026-10-04
Peveragno,4163,Cuneo,CN,3.7,6.1,23.11,2026-08,immobiliare.it,2026-10-04
Misinto,108032,Monza e della Brianza,MB,8.42,9.97,14.2,2026-08,immobiliare.it,2026-10-04
Apice,62003,Benevento,BN,3.29,4.23,10.84,2026-08,immobiliare.it,2026-10-04
Casoli,69017,Chieti,CH,4.58,5.53,9.09,2026-08,immobiliare.it,2026-10-04
Ciserano,16075,Bergamo,BG,4.71,10.22,16.63,2026-08,immobiliare.it,2026-10-04
Quistello,20047,Mantova,MN,5.71,6.45,14.82,2026-08,immobiliare.it,2026-10-04
Chiaravalle Centrale,79029,Catanzaro,CZ,4.31,17.66,25.11,2026-08,immobiliare.it,2026-10-04
Borgo San Giacomo,17020,Brescia,BS,6.27,9.15,20.46,2026-08,immobiliare.it,2026-10-04
Gandino,16108,Bergamo,BG,4.71,8.33,16.63,2026-08,immobiliare.it,2026-10-04
Corsano,75024,Lecce,LE,4.23,5.61,20.76,2026-08,immobiliare.it,2026-10-04
Soleto,75076,Lecce,LE,4.23,6.39,20.76,2026-08,immobiliare.it,2026-10-04
Sovere,16204,Bergamo,BG,4.71,6.72,16.63,2026-08,immobiliare.it,2026-10-04
Gazzo Veronese,23037,Verona,VR,5.97,7.85,26.29,2026-08,immobiliare.it,2026-10-04
Sant'Omero,67039,Teramo,TE,4.28,5.18,13.24,2026-08,immobiliare.it,2026-10-04
Stornarella,71055,Foggia,FG,5.09,7.36,10.55,2026-08,immobiliare.it,2026-10-04
Osio Sopra,16152,Bergamo,BG,4.71,12.13,16.63,2026-08,immobiliare.it,2026-10-04
Basiliano,30009,Udine,UD,5.84,8.17,18.84,2026-08,immobiliare.it,2026-10-04
San Cipirello,82063,Palermo,PA,3.78,7.33,10.48,2026-08,immobiliare.it,2026-10-04
Marano sul Panaro,36020,Modena,MO,6.04,10.11,12.59,2026-08,immobiliare.it,2026-10-04
Montemiletto,64059,Avellino,AV,3.12,5.25,7.83,2026-08,immobiliare.it,2026-10-04
Ripi,60058,Frosinone,FR,3.97,5.91,9.37,2026-08,immobiliare.it,2026-10-04
Terre Roveresche,41070,Pesaro e Urbino,PU,4.63,6.81,11.1,2026-08,immobiliare.it,2026-10-04
Poncarale,17147,Brescia,BS,6.27,9.82,20.46,2026-08,immobiliare.it,2026-10-04
Filadelfia,102011,Vibo Valentia,VV,4.31,4.88,19.78,2026-08,immobiliare.it,2026-10-04
Guglionesi,70029,Campobasso,CB,4.47,13.21,17.77,2026-08,immobiliare.it,2026-10-04
Neviano,75053,Lecce,LE,4.23,4.66,20.76,2026-08,immobiliare.it,2026-10-04
Fragagnano,73006,Taranto,TA,4.01,9.3,21.17,2026-08,immobiliare.it,2026-10-04
Borgo Ticino,3025,Novara,NO,4.75,14.5,14.5,2026-08,immobiliare.it,2026-10-04
Cervasca,4064,Cuneo,CN,3.7,6.79,23.11,2026-08,immobiliare.it,2026-10-04
Tricarico,77028,Matera,MT,5.02,6.26,9.19,2026-08,immobiliare.it,2026-10-04
Veronella,23092,Verona,VR,5.97,8.1,26.29,2026-08,immobiliare.it,2026-10-04
Capistrello,66020,L'Aquila,AQ,4.92,6.02,24.57,2026-08,immobiliare.it,2026-10-04
San Giovanni Ilarione,23070,Verona,VR,5.97,10.02,26.29,2026-08,immobiliare.it,2026-10-04
Lomagna,97044,Lecco,LC,6.48,12.48,18.23,2026-08,immobiliare.it,2026-10-04
Mansuè,26037,Treviso,TV,9.25,9.25,9.25,2026-08,immobiliare.it,2026-10-04
Montecastrilli,55017,Terni,TR,4.08,5.92,7.44,2026-08,immobiliare.it,2026-10-04
Castelbellino,42008,Ancona,AN,4.67,7.32,10.07,2026-08,immobiliare.it,2026-10-04
Grassano,77011,Matera,MT,5.02,7.02,9.19,2026-08,immobiliare.it,2026-10-04
Montecchio Precalcino,24062,Vicenza,VI,4.38,7.62,28.76,2026-08,immobiliare.it,2026-10-04
Laureana di Borrello,80042,Reggio Calabria,RC,3.89,4.96,17.64,2026-08,immobiliare.it,2026-10-04
Alzate Brianza,13007,Como,CO,7.49,10.22,21.76,2026-08,immobiliare.it,2026-10-04
Gorla Maggiore,12078,Varese,VA,7.3,10.54,14.05,2026-08,immobiliare.it,2026-10-04
Serravalle Sesia,2137,Vercelli,VC,4.29,5.99,14.49,2026-08,immobiliare.it,2026-10-04
Zimella,23098,Verona,VR,5.97,7.71,26.29,2026-08,immobiliare.it,2026-10-04
Casale di Scodosia,28027,Padova,PD,5.18,7.82,14.27,2026-08,immobiliare.it,2026-10-04
Lagosanto,38011,Ferrara,FE,5.07,5.75,16.15,2026-08,immobiliare.it,2026-10-04
Verolengo,1293,Torino,TO,3.79,5.63,23.85,2026-08,immobiliare.it,2026-10-04
Gaggio Montano,37027,Bologna,BO,4.82,5.1,16.59,2026-08,immobiliare.it,2026-10-04
San Martino Valle Caudina,64083,Avellino,AV,3.12,5.25,7.83,2026-08,immobiliare.it,2026-10-04
Morcone,62044,Benevento,BN,3.29,7.26,10.84,2026-08,immobiliare.it,2026-10-04
Arzergrande,28007,Padova,PD,5.18,6.72,14.27,2026-08,immobiliare.it,2026-10-04
Santa Giusta,95047,Oristano,OR,8.35,8.8,13.24,2026-08,immobiliare.it,2026-10-04
Riva presso Chieri,1215,Torino,TO,3.79,6.12,23.85,2026-08,immobiliare.it,2026-10-04
Cocquio-Trevisago,12053,Varese,VA,7.3,8.48,14.05,2026-08,immobiliare.it,2026-10-04
Carobbio degli Angeli,16055,Bergamo,BG,4.71,9.04,16.63,2026-08,immobiliare.it,2026-10-04
Irsina,77013,Matera,MT,5.02,8.29,9.19,2026-08,immobiliare.it,2026-10-04
Villarosa,86020,Enna,EN,4.01,4.94,5.94,2026-08,immobiliare.it,2026-10-04
Albairate,15005,Milano,MI,8.22,10.66,22.55,2026-08,immobiliare.it,2026-10-04
Montà,4133,Cuneo,CN,3.7,6.61,23.11,2026-08,immobiliare.it,2026-10-04
Mirabella Imbaccari,87028,Catania,CT,3.99,4.41,10.7,2026-08,immobiliare.it,2026-10-04
Baiano,64010,Avellino,AV,3.12,5,7.83,2026-08,immobiliare.it,2026-10-04
Pramaggiore,27030,Venezia,VE,6.82,8.4,25.88,2026-08,immobiliare.it,2026-10-04
Villastellone,1308,Torino,TO,3.79,7.22,23.85,2026-08,immobiliare.it,2026-10-04
Solbiate con Cagno,13255,Como,CO,7.49,12.3,21.76,2026-08,immobiliare.it,2026-10-04
Cartura,28026,Padova,PD,5.18,9.05,14.27,2026-08,immobiliare.it,2026-10-04
San Giorgio della Richinvelda,93038,Pordenone,PN,5.19,9.15,11.04,2026-08,immobiliare.it,2026-10-04
Acquarica del Capo,75001,Lecce,LE,4.23,10.49,20.76,2026-08,immobiliare.it,2026-10-04
Dorno,18061,Pavia,PV,5.08,6.44,11.58,2026-08,immobiliare.it,2026-10-04
Minerbe,23048,Verona,VR,5.97,8.1,26.29,2026-08,immobiliare.it,2026-10-04
Villafranca Piemonte,1300,Torino,TO,3.79,5.45,23.85,2026-08,immobiliare.it,2026-10-04
Torano Castello,78148,Cosenza,CS,3.48,8.19,26.89,2026-08,immobiliare.it,2026-10-04
Crevoladossola,103025,Verbano-Cusio-Ossola,VB,4.29,8.22,14.01,2026-08,immobiliare.it,2026-10-04
Grantorto,28042,Padova,PD,5.18,9.96,14.27,2026-08,immobiliare.it,2026-10-04
Brivio,97010,Lecco,LC,6.48,10.58,18.23,2026-08,immobiliare.it,2026-10-04
Monsampolo del Tronto,44031,Ascoli Piceno,AP,4.94,6.71,11.08,2026-08,immobiliare.it,2026-10-04
Mogliano,43025,Macerata,MC,4.55,6.11,11.95,2026-08,immobiliare.it,2026-10-04
Monticelli Brusati,17112,Brescia,BS,6.27,8.64,20.46,2026-08,immobiliare.it,2026-10-04
Campo Calabro,80018,Reggio Calabria,RC,3.89,5.14,17.64,2026-08,immobiliare.it,2026-10-04
Gragnano Trebbiense,33024,Piacenza,PC,5.16,6.81,11.62,2026-08,immobiliare.it,2026-10-04
Ormelle,26052,Treviso,TV,6.28,10.82,18.46,2026-08,immobiliare.it,2026-10-04
Vailate,19112,Cremona,CR,5.86,8.64,12.04,2026-08,immobiliare.it,2026-10-04
Vignanello,56058,Viterbo,VT,4.07,7.08,19.99,2026-08,immobiliare.it,2026-10-04
Sersale,79130,Catanzaro,CZ,4.31,13.47,25.11,2026-08,immobiliare.it,2026-10-04
Castel di Iudica,87013,Catania,CT,3.99,5.52,10.7,2026-08,immobiliare.it,2026-10-04
Ploaghe,90057,Sassari,SS,7.04,9.22,13.92,2026-08,immobiliare.it,2026-10-04
Modigliana,40022,Forlì-Cesena,FC,6.45,9.61,17.31,2026-08,immobiliare.it,2026-10-04
Invorio,3082,Novara,NO,4.75,7.62,14.5,2026-08,immobiliare.it,2026-10-04
Bisacquino,82010,Palermo,PA,3.78,7.33,10.48,2026-08,immobiliare.it,2026-10-04
Roccagorga,59021,Latina,LT,3.77,5.92,25.31,2026-08,immobiliare.it,2026-10-04
Supersano,75081,Lecce,LE,4.23,8.86,20.76,2026-08,immobiliare.it,2026-10-04
Usini,90077,Sassari,SS,7.04,8.25,13.92,2026-08,immobiliare.it,2026-10-04
Montereale Valcellina,93027,Pordenone,PN,5.19,9.54,11.04,2026-08,immobiliare.it,2026-10-04
Ponte Lambro,13188,Como,CO,7.49,8.53,21.76,2026-08,immobiliare.it,2026-10-04
Amaseno,60005,Frosinone,FR,3.97,5.68,9.37,2026-08,immobiliare.it,2026-10-04
Borghetto Lodigiano,98004,Lodi,LO,5.33,9.19,11.5,2026-08,immobiliare.it,2026-10-04
Val Brembilla,16253,Bergamo,BG,4.71,6.67,16.63,2026-08,immobiliare.it,2026-10-04
Sossano,24102,Vicenza,VI,4.38,8.23,28.76,2026-08,immobiliare.it,2026-10-04
San Quirino,93040,Pordenone,PN,5.19,8.99,11.04,2026-08,immobiliare.it,2026-10-04
Morazzone,12105,Varese,VA,7.3,9.42,14.05,2026-08,immobiliare.it,2026-10-04
Sant'Angelo a Cupolo,62071,Benevento,BN,3.29,9.19,10.84,2026-08,immobiliare.it,2026-10-04
Bianco,80009,Reggio Calabria,RC,3.89,5.22,17.64,2026-08,immobiliare.it,2026-10-04
Sant'Antonino di Susa,1256,Torino,TO,3.79,6.08,23.85,2026-08,immobiliare.it,2026-10-04
Albese con Cassano,13004,Como,CO,7.49,13.23,21.76,2026-08,immobiliare.it,2026-10-04
Torrevecchia Teatina,69094,Chieti,CH,4.58,7.24,9.09,2026-08,immobiliare.it,2026-10-04
Lenola,59012,Latina,LT,3.77,5.28,25.31,2026-08,immobiliare.it,2026-10-04
San Gregorio Magno,65120,Salerno,SA,4.77,6.62,12.18,2026-08,immobiliare.it,2026-10-04
Monticello Brianza,97054,Lecco,LC,6.48,12.8,18.23,2026-08,immobiliare.it,2026-10-04
Ussana,111093,Sud Sardegna,SU,6.94,10.02,14.11,2026-08,immobiliare.it,2026-10-04
Solbiate Arno,12121,Varese,VA,7.3,10.05,14.05,2026-08,immobiliare.it,2026-10-04
Isorella,17086,Brescia,BS,6.27,10.03,20.46,2026-08,immobiliare.it,2026-10-04
Cursi,75025,Lecce,LE,4.23,5.95,20.76,2026-08,immobiliare.it,2026-10-04
Santa Maria Nuova,42043,Ancona,AN,4.67,6.83,10.07,2026-08,immobiliare.it,2026-10-04
Mogoro,95029,Oristano,OR,8.35,9.01,13.24,2026-08,immobiliare.it,2026-10-04
Tollo,69090,Chieti,CH,4.58,7.2,9.09,2026-08,immobiliare.it,2026-10-04
Carpino,71012,Foggia,FG,5.09,6.9,10.55,2026-08,immobiliare.it,2026-10-04
Montopoli di Sabina,57044,Rieti,RI,4.01,9.27,9.87,2026-08,immobiliare.it,2026-10-04
San Pietro a Maida,79114,Catanzaro,CZ,4.31,4.94,25.11,2026-08,immobiliare.it,2026-10-04
Travedona-Monate,12128,Varese,VA,7.3,10.37,14.05,2026-08,immobiliare.it,2026-10-04
Civezzano,22061,Trento,TN,7.09,10.11,30.24,2026-08,immobiliare.it,2026-10-04
Villar Perosa,1307,Torino,TO,3.79,6.38,23.85,2026-08,immobiliare.it,2026-10-04
Ripa Teatina,69072,Chieti,CH,4.58,7.22,9.09,2026-08,immobiliare.it,2026-10-04
Pomarico,77022,Matera,MT,5.02,6.09,9.19,2026-08,immobiliare.it,2026-10-04
Casazza,16058,Bergamo,BG,4.71,9.08,16.63,2026-08,immobiliare.it,2026-10-04
Sogliano Cavour,75075,Lecce,LE,4.23,6.39,20.76,2026-08,immobiliare.it,2026-10-04
Mazzarrone,87056,Catania,CT,3.99,4.41,10.7,2026-08,immobiliare.it,2026-10-04
San Carlo Canavese,1237,Torino,TO,3.79,6.65,23.85,2026-08,immobiliare.it,2026-10-04
Sant'Eufemia d'Aspromonte,80081,Reggio Calabria,RC,3.89,5.29,17.64,2026-08,immobiliare.it,2026-10-04
